id,data,dia_semana,hora,uf,rodovia,km,municipio,causa,tipo_acidente,classificacao,fase_dia,sentido_via,condicao_metereologica,tipo_pista,tracado_via,uso_solo,pessoas,mortos,feridos_leves,feridos_graves,ilesos,ignorados,feridos,veiculos,latitude,longitude,regional,delegacia,uop,data_hora,ano,mes,hora_dia,periodo_dia,regiao_grande_vitoria,risco_alto,nivel_risco,rodovia_label
700071.0,2025-06-23,segunda,18:00,ES,101.0,329.8,GUARAPARI,Conversão proibida,Colisão transversal,Com Vítimas Feridas,Plena Noite,Decrescente,Céu Claro,Dupla,Reta;Retorno Regulamentado,Não,5.0,0.0,1.0,0.0,4.0,0.0,1.0,2.0,-20.591389,-40.499247,SPRF-ES,DEL03-ES,UOP01-DEL03-ES,2025-06-23 18:00:00,2025.0,6.0,18.0,noite,True,0,moderado,BR-101
700162.0,2025-06-24,terca,08:10,ES,101.0,312.0,VILA VELHA,Reação tardia ou ineficiente do condutor,Colisão lateral mesmo sentido,Com Vítimas Feridas,Pleno dia,Decrescente,Céu Claro,Dupla,Reta,Não,2.0,0.0,1.0,0.0,1.0,0.0,1.0,2.0,-20.437771,-40.4595223,SPRF-ES,DEL01-ES,UOP01-DEL01-ES,2025-06-24 08:10:00,2025.0,6.0,8.0,manha,True,0,moderado,BR-101
700264.0,2025-06-24,terca,15:40,ES,101.0,230.0,FUNDAO,Condutor Dormindo,Colisão frontal,Com Vítimas Feridas,Pleno dia,Crescente,Céu Claro,Simples,Curva,Não,4.0,0.0,1.0,0.0,2.0,2.0,1.0,5.0,-19.98322683,-40.41366609,SPRF-ES,DEL02-ES,UOP01-DEL02-ES,2025-06-24 15:40:00,2025.0,6.0,15.0,tarde,True,0,moderado,BR-101
700584.0,2025-06-26,quinta,04:20,ES,101.0,8.6,SERRA,Reação tardia ou ineficiente do condutor,Colisão com objeto,Sem Vítimas,Plena Noite,Crescente,Céu Claro,Dupla,Curva,Não,1.0,0.0,0.0,0.0,1.0,0.0,0.0,1.0,-20.129867,-40.338686,SPRF-ES,DEL02-ES,UOP01-DEL02-ES,2025-06-26 04:20:00,2025.0,6.0,4.0,madrugada,True,0,baixo,BR-101
700586.0,2025-06-26,quinta,08:00,ES,101.0,314.1,VILA VELHA,Demais falhas mecânicas ou elétricas,Tombamento,Com Vítimas Feridas,Pleno dia,Decrescente,Céu Claro,Dupla,Reta,Não,2.0,0.0,1.0,0.0,0.0,1.0,1.0,2.0,-20.464522,-40.465338,SPRF-ES,DEL01-ES,UOP01-DEL01-ES,2025-06-26 08:00:00,2025.0,6.0,8.0,manha,True,0,moderado,BR-101
701739.0,2025-07-01,terca,07:50,ES,101.0,276.4,SERRA,Acessar a via sem observar a presença dos outros veículos,Colisão transversal,Com Vítimas Feridas,Pleno dia,Crescente,Sol,Dupla,Reta,Não,3.0,0.0,0.0,1.0,1.0,1.0,1.0,3.0,-20.20911167,-40.31606667,SPRF-ES,DEL02-ES,UOP01-DEL02-ES,2025-07-01 07:50:00,2025.0,7.0,7.0,manha,True,1,grave,BR-101
701932.0,2025-07-02,quarta,08:40,ES,101.0,277.8,SERRA,Ausência de reação do condutor,Colisão lateral mesmo sentido,Com Vítimas Feridas,Pleno dia,Crescente,Sol,Dupla,Reta,Não,6.0,0.0,0.0,2.0,3.0,1.0,2.0,5.0,-20.21002025,-40.31698466,SPRF-ES,DEL02-ES,UOP01-DEL02-ES,2025-07-02 08:40:00,2025.0,7.0,8.0,manha,True,1,grave,BR-101
702111.0,2025-07-03,quinta,07:02,ES,101.0,264.0,SERRA,Manobra de mudança de faixa,Tombamento,Com Vítimas Fatais,Pleno dia,Crescente,Chuva,Múltipla,Reta,Sim,3.0,1.0,1.0,0.0,0.0,1.0,1.0,2.0,-20.17465913,-40.26669413,SPRF-ES,DEL02-ES,UOP01-DEL02-ES,2025-07-03 07:02:00,2025.0,7.0,7.0,manha,True,1,fatal,BR-101
702667.0,2025-07-05,sabado,13:07,ES,101.0,242.7,SERRA,Condutor usando celular,Colisão frontal,Com Vítimas Fatais,Pleno dia,Crescente,Céu Claro,Simples,Curva,Não,3.0,1.0,0.0,1.0,0.0,3.0,1.0,5.0,-20.03757,-40.39311,SPRF-ES,DEL02-ES,UOP01-DEL02-ES,2025-07-05 13:07:00,2025.0,7.0,13.0,tarde,True,1,fatal,BR-101
702760.0,2025-07-05,sabado,20:10,ES,101.0,314.2,VILA VELHA,Velocidade Incompatível,Colisão com objeto,Com Vítimas Feridas,Plena Noite,Decrescente,Céu Claro,Dupla,Curva,Não,2.0,0.0,1.0,0.0,0.0,1.0,1.0,2.0,-20.46500915,-40.46546683,SPRF-ES,DEL01-ES,UOP01-DEL01-ES,2025-07-05 20:10:00,2025.0,7.0,20.0,noite,True,0,moderado,BR-101
703083.0,2025-07-07,segunda,07:50,ES,101.0,267.9,SERRA,Acessar a via sem observar a presença dos outros veículos,Colisão transversal,Com Vítimas Feridas,Pleno dia,Crescente,Céu Claro,Múltipla,Interseção de Vias,Sim,3.0,0.0,2.0,0.0,1.0,0.0,2.0,2.0,-20.2021626,-40.26913762,SPRF-ES,DEL02-ES,UOP01-DEL02-ES,2025-07-07 07:50:00,2025.0,7.0,7.0,manha,True,0,moderado,BR-101
703260.0,2025-07-07,segunda,21:30,ES,101.0,12.5,SERRA,Animais na Pista,Atropelamento de Animal,Sem Vítimas,Plena Noite,Crescente,Nublado,Dupla,Reta,Não,1.0,0.0,0.0,0.0,1.0,0.0,0.0,1.0,-20.154161,-40.3477242,SPRF-ES,DEL02-ES,UOP01-DEL02-ES,2025-07-07 21:30:00,2025.0,7.0,21.0,noite,True,0,baixo,BR-101
703511.0,2025-07-09,quarta,06:40,ES,101.0,298.2,VIANA,Acessar a via sem observar a presença dos outros veículos,Colisão lateral mesmo sentido,Com Vítimas Feridas,Pleno dia,Crescente,Nublado,Dupla,Reta,Sim,2.0,0.0,1.0,0.0,1.0,0.0,1.0,2.0,-20.354467,-40.416822,SPRF-ES,DEL01-ES,UOP01-DEL01-ES,2025-07-09 06:40:00,2025.0,7.0,6.0,manha,True,0,moderado,BR-101
703963.0,2025-07-11,sexta,07:15,ES,101.0,332.0,GUARAPARI,Condutor deixou de manter distância do veículo da frente,Colisão traseira,Com Vítimas Feridas,Amanhecer,Decrescente,Chuva,Dupla,Reta,Não,2.0,0.0,0.0,1.0,1.0,0.0,1.0,2.0,-20.606718,-40.507827,SPRF-ES,DEL03-ES,UOP01-DEL03-ES,2025-07-11 07:15:00,2025.0,7.0,7.0,manha,True,1,grave,BR-101
704552.0,2025-06-12,quinta,10:30,ES,101.0,269.0,SERRA,Ausência de reação do condutor,Colisão lateral mesmo sentido,Com Vítimas Feridas,Pleno dia,Crescente,Céu Claro,Dupla,Reta,Sim,4.0,0.0,0.0,1.0,1.0,2.0,1.0,4.0,-20.2216338,-40.2703312,SPRF-ES,DEL02-ES,UOP01-DEL02-ES,2025-06-12 10:30:00,2025.0,6.0,10.0,manha,True,1,grave,BR-101
704701.0,2025-07-14,segunda,09:30,ES,101.0,231.0,FUNDAO,Reação tardia ou ineficiente do condutor,Colisão traseira,Com Vítimas Feridas,Pleno dia,Decrescente,Céu Claro,Dupla,Curva,Sim,10.0,0.0,0.0,1.0,8.0,1.0,1.0,6.0,-19.94374081,-40.40621281,SPRF-ES,DEL02-ES,UOP01-DEL02-ES,2025-07-14 09:30:00,2025.0,7.0,9.0,manha,True,1,grave,BR-101
705083.0,2025-07-16,quarta,04:00,ES,101.0,273.0,SERRA,Ausência de reação do condutor,Colisão traseira,Com Vítimas Feridas,Plena Noite,Crescente,Céu Claro,Dupla,Reta,Sim,3.0,0.0,0.0,1.0,1.0,1.0,1.0,3.0,-20.21588308,-40.2808214,SPRF-ES,DEL02-ES,UOP01-DEL02-ES,2025-07-16 04:00:00,2025.0,7.0,4.0,madrugada,True,1,grave,BR-101
706025.0,2025-07-20,domingo,09:00,ES,101.0,0.0,GUARAPARI,Condutor Dormindo,Tombamento,Sem Vítimas,Pleno dia,Crescente,Sol,Dupla,Curva;Aclive,Não,3.0,0.0,0.0,0.0,1.0,2.0,0.0,2.0,-20.6585386,-40.6135151,SPRF-ES,DEL03-ES,UOP02-DEL03-ES,2025-07-20 09:00:00,2025.0,7.0,9.0,manha,True,0,baixo,BR-101
706528.0,2025-07-22,terca,18:00,ES,101.0,282.0,CARIACICA,Objeto estático sobre o leito carroçável,Colisão com objeto,Com Vítimas Feridas,Plena Noite,Crescente,Céu Claro,Dupla,Viaduto,Não,2.0,0.0,0.0,1.0,1.0,0.0,1.0,2.0,-20.2267744,-40.3643961,SPRF-ES,DEL01-ES,UOP01-DEL01-ES,2025-07-22 18:00:00,2025.0,7.0,18.0,noite,True,1,grave,BR-101
706797.0,2025-07-24,quinta,03:00,ES,101.0,272.4,SERRA,Condutor Dormindo,Saída de leito carroçável,Com Vítimas Feridas,Plena Noite,Crescente,Céu Claro,Múltipla,Reta,Sim,2.0,0.0,1.0,0.0,0.0,2.0,1.0,3.0,-20.2237503,-40.2876038,SPRF-ES,DEL02-ES,UOP01-DEL02-ES,2025-07-24 03:00:00,2025.0,7.0,3.0,madrugada,True,0,moderado,BR-101
706924.0,2025-07-24,quinta,17:00,ES,101.0,269.3,SERRA,Acessar a via sem observar a presença dos outros veículos,Colisão lateral mesmo sentido,Com Vítimas Feridas,Anoitecer,Decrescente,Céu Claro,Simples,Reta,Sim,2.0,0.0,1.0,0.0,1.0,0.0,1.0,2.0,-20.22075232,-40.27018563,SPRF-ES,DEL02-ES,UOP01-DEL02-ES,2025-07-24 17:00:00,2025.0,7.0,17.0,tarde,True,0,moderado,BR-101
707046.0,2025-07-25,sexta,08:50,ES,262.0,24.9,VIANA,Demais falhas mecânicas ou elétricas,Incêndio,Sem Vítimas,Pleno dia,Crescente,Céu Claro,Simples,Reta;Aclive,Não,1.0,0.0,0.0,0.0,1.0,0.0,0.0,1.0,-20.37904784,-40.5347965,SPRF-ES,DEL01-ES,UOP01-DEL01-ES,2025-07-25 08:50:00,2025.0,7.0,8.0,manha,True,0,baixo,BR-262
707185.0,2025-07-25,sexta,19:00,ES,101.0,278.8,SERRA,Condutor deixou de manter distância do veículo da frente,Colisão traseira,Com Vítimas Feridas,Plena Noite,Crescente,Céu Claro,Múltipla,Curva,Não,2.0,0.0,1.0,0.0,0.0,1.0,1.0,2.0,-20.218005,-40.339229,SPRF-ES,DEL02-ES,UOP01-DEL02-ES,2025-07-25 19:00:00,2025.0,7.0,19.0,noite,True,0,moderado,BR-101
707814.0,2025-07-28,segunda,09:37,ES,101.0,291.0,CARIACICA,Condutor deixou de manter distância do veículo da frente,Colisão traseira,Com Vítimas Feridas,Pleno dia,Decrescente,Sol,Dupla,Reta,Sim,2.0,0.0,1.0,0.0,1.0,0.0,1.0,2.0,-20.36576062,-40.37303925,SPRF-ES,DEL01-ES,UOP01-DEL01-ES,2025-07-28 09:37:00,2025.0,7.0,9.0,manha,True,0,moderado,BR-101
707845.0,2025-07-28,segunda,14:37,ES,101.0,344.0,GUARAPARI,Ausência de reação do condutor,Tombamento,Com Vítimas Feridas,Pleno dia,Crescente,Céu Claro,Dupla,Curva,Não,2.0,0.0,1.0,0.0,0.0,1.0,1.0,2.0,-20.65876971,-40.61394081,SPRF-ES,DEL03-ES,UOP01-DEL03-ES,2025-07-28 14:37:00,2025.0,7.0,14.0,tarde,True,0,moderado,BR-101
707980.0,2025-07-29,terca,07:30,ES,101.0,265.4,SERRA,Condutor deixou de manter distância do veículo da frente,Colisão lateral mesmo sentido,Com Vítimas Fatais,Pleno dia,Crescente,Céu Claro,Múltipla,Reta;Aclive,Sim,5.0,1.0,2.0,0.0,1.0,1.0,2.0,5.0,-20.185471,-40.267666,SPRF-ES,DEL02-ES,UOP01-DEL02-ES,2025-07-29 07:30:00,2025.0,7.0,7.0,manha,True,1,fatal,BR-101
709275.0,2025-08-04,segunda,03:49,ES,101.0,337.9,GUARAPARI,Condutor Dormindo,Saída de leito carroçável,Com Vítimas Feridas,Plena Noite,Decrescente,Céu Claro,Dupla,Reta,Não,2.0,0.0,1.0,0.0,0.0,1.0,1.0,2.0,-20.64008814,-40.54699659,SPRF-ES,DEL03-ES,UOP01-DEL03-ES,2025-08-04 03:49:00,2025.0,8.0,3.0,madrugada,True,0,moderado,BR-101
709306.0,2025-07-24,quinta,04:50,ES,101.0,260.6,SERRA,Ausência de reação do condutor,Saída de leito carroçável,Com Vítimas Feridas,Plena Noite,Crescente,Céu Claro,Dupla,Curva,Sim,2.0,0.0,0.0,1.0,0.0,1.0,1.0,2.0,-20.14709458,-40.28098404,SPRF-ES,DEL02-ES,UOP01-DEL02-ES,2025-07-24 04:50:00,2025.0,7.0,4.0,madrugada,True,1,grave,BR-101
709315.0,2025-08-04,segunda,07:30,ES,101.0,297.0,CARIACICA,Velocidade Incompatível,Colisão traseira,Com Vítimas Feridas,Pleno dia,Crescente,Céu Claro,Dupla,Reta,Não,2.0,0.0,0.0,1.0,1.0,0.0,1.0,2.0,-20.346398,-40.4109828,SPRF-ES,DEL01-ES,UOP01-DEL01-ES,2025-08-04 07:30:00,2025.0,8.0,7.0,manha,True,1,grave,BR-101
709673.0,2025-08-06,quarta,01:57,ES,101.0,329.0,GUARAPARI,Ausência de reação do condutor,Tombamento,Com Vítimas Feridas,Plena Noite,Crescente,Céu Claro,Dupla,Curva,Não,2.0,0.0,1.0,0.0,0.0,1.0,1.0,2.0,-20.58985126,-40.49787319,SPRF-ES,DEL03-ES,UOP01-DEL03-ES,2025-08-06 01:57:00,2025.0,8.0,1.0,madrugada,True,0,moderado,BR-101
710224.0,2025-08-08,sexta,13:32,ES,101.0,268.0,SERRA,Ausência de reação do condutor,Colisão traseira,Com Vítimas Feridas,Pleno dia,Crescente,Céu Claro,Múltipla,Interseção de Vias,Sim,3.0,0.0,1.0,0.0,1.0,1.0,1.0,3.0,-20.19350004,-40.26860386,SPRF-ES,DEL02-ES,UOP01-DEL02-ES,2025-08-08 13:32:00,2025.0,8.0,13.0,tarde,True,0,moderado,BR-101
711022.0,2025-08-11,segunda,14:30,ES,101.0,294.7,CARIACICA,Condutor deixou de manter distância do veículo da frente,Colisão traseira,Com Vítimas Feridas,Pleno dia,Crescente,Céu Claro,Dupla,Reta,Não,2.0,0.0,1.0,0.0,1.0,0.0,1.0,2.0,-20.32858392,-40.39806889,SPRF-ES,DEL01-ES,UOP01-DEL01-ES,2025-08-11 14:30:00,2025.0,8.0,14.0,tarde,True,0,moderado,BR-101
711057.0,2025-08-11,segunda,16:50,ES,101.0,299.8,VIANA,Condutor desrespeitou a iluminação vermelha do semáforo,Colisão lateral sentido oposto,Com Vítimas Feridas,Pleno dia,Crescente,Céu Claro,Múltipla,Viaduto,Sim,2.0,0.0,1.0,0.0,1.0,0.0,1.0,2.0,-20.357113,-40.429917,SPRF-ES,DEL01-ES,UOP01-DEL01-ES,2025-08-11 16:50:00,2025.0,8.0,16.0,tarde,True,0,moderado,BR-101
711432.0,2025-08-13,quarta,16:30,ES,101.0,297.6,VIANA,Reação tardia ou ineficiente do condutor,Colisão traseira,Com Vítimas Feridas,Pleno dia,Crescente,Céu Claro,Dupla,Reta,Sim,2.0,0.0,1.0,0.0,1.0,0.0,1.0,2.0,-20.35064302,-40.41293621,SPRF-ES,DEL01-ES,UOP01-DEL01-ES,2025-08-13 16:30:00,2025.0,8.0,16.0,tarde,True,0,moderado,BR-101
711804.0,2025-08-15,sexta,15:55,ES,101.0,298.8,VIANA,Velocidade Incompatível,Saída de leito carroçável,Com Vítimas Fatais,Pleno dia,Decrescente,Céu Claro,Múltipla,Aclive;Viaduto;Curva,Sim,3.0,1.0,0.0,0.0,0.0,2.0,0.0,3.0,-20.35825198,-40.42111443,SPRF-ES,DEL01-ES,UOP01-DEL01-ES,2025-08-15 15:55:00,2025.0,8.0,15.0,tarde,True,1,fatal,BR-101
711822.0,2025-08-15,sexta,16:10,ES,101.0,289.0,CARIACICA,Objeto estático sobre o leito carroçável,Colisão com objeto,Com Vítimas Feridas,Pleno dia,Crescente,Céu Claro,Dupla,Aclive;Reta,Sim,6.0,0.0,2.0,0.0,3.0,1.0,2.0,4.0,-20.281496,-40.393254,SPRF-ES,DEL01-ES,UOP01-DEL01-ES,2025-08-15 16:10:00,2025.0,8.0,16.0,tarde,True,0,moderado,BR-101
712389.0,2025-08-18,segunda,07:50,ES,101.0,286.7,CARIACICA,Trafegar com motocicleta (ou similar) entre as faixas,Colisão traseira,Com Vítimas Feridas,Pleno dia,Decrescente,Céu Claro,Dupla,Reta,Não,2.0,0.0,0.0,1.0,1.0,0.0,1.0,2.0,-20.263472,-40.38244,SPRF-ES,DEL01-ES,UOP01-DEL01-ES,2025-08-18 07:50:00,2025.0,8.0,7.0,manha,True,1,grave,BR-101
712686.0,2025-08-07,quinta,20:15,ES,101.0,341.9,GUARAPARI,Avarias e/ou desgaste excessivo no pneu,Saída de leito carroçável,Com Vítimas Feridas,Plena Noite,Crescente,Céu Claro,Dupla,Reta,Não,4.0,0.0,2.0,0.0,1.0,1.0,2.0,3.0,-20.6375918,-40.5423498,SPRF-ES,DEL03-ES,UOP01-DEL03-ES,2025-08-07 20:15:00,2025.0,8.0,20.0,noite,True,0,moderado,BR-101
712971.0,2025-06-05,quinta,19:00,ES,101.0,294.0,CARIACICA,Velocidade Incompatível,Colisão traseira,Com Vítimas Feridas,Plena Noite,Crescente,Céu Claro,Dupla,Declive;Curva,Não,5.0,0.0,0.0,1.0,3.0,1.0,1.0,4.0,-20.32407,-40.395329,SPRF-ES,DEL01-ES,UOP01-DEL01-ES,2025-06-05 19:00:00,2025.0,6.0,19.0,noite,True,1,grave,BR-101
713108.0,2025-08-21,quinta,18:06,ES,101.0,294.3,CARIACICA,Problema com o freio,Colisão traseira,Com Vítimas Feridas,Plena Noite,Crescente,Nublado,Dupla,Reta,Sim,5.0,0.0,1.0,1.0,2.0,1.0,2.0,4.0,-20.3294315,-40.3984085,SPRF-ES,DEL01-ES,UOP01-DEL01-ES,2025-08-21 18:06:00,2025.0,8.0,18.0,noite,True,1,grave,BR-101
713305.0,2025-08-22,sexta,17:20,ES,101.0,282.9,CARIACICA,Reação tardia ou ineficiente do condutor,Tombamento,Com Vítimas Feridas,Anoitecer,Crescente,Céu Claro,Dupla,Reta,Sim,2.0,0.0,1.0,0.0,1.0,0.0,1.0,2.0,-20.22729265,-40.36510913,SPRF-ES,DEL01-ES,UOP01-DEL01-ES,2025-08-22 17:20:00,2025.0,8.0,17.0,tarde,True,0,moderado,BR-101
714133.0,2025-08-26,terca,10:44,ES,101.0,268.0,SERRA,Ausência de reação do condutor,Colisão lateral mesmo sentido,Com Vítimas Feridas,Pleno dia,Crescente,Céu Claro,Dupla,Reta,Sim,2.0,0.0,1.0,0.0,1.0,0.0,1.0,2.0,-20.1547043,-40.269764,SPRF-ES,DEL02-ES,UOP01-DEL02-ES,2025-08-26 10:44:00,2025.0,8.0,10.0,manha,True,0,moderado,BR-101
714198.0,2025-08-26,terca,17:15,ES,101.0,280.6,SERRA,Acessar a via sem observar a presença dos outros veículos,Colisão transversal,Com Vítimas Feridas,Anoitecer,Crescente,Nublado,Dupla,Reta,Não,3.0,0.0,0.0,1.0,1.0,1.0,1.0,3.0,-20.21913333,-40.35536667,SPRF-ES,DEL02-ES,UOP01-DEL02-ES,2025-08-26 17:15:00,2025.0,8.0,17.0,tarde,True,1,grave,BR-101
714765.0,2025-08-29,sexta,14:50,ES,101.0,298.6,VIANA,Manobra de mudança de faixa,Colisão lateral mesmo sentido,Com Vítimas Feridas,Pleno dia,Decrescente,Céu Claro,Dupla,Reta;Retorno Regulamentado,Sim,2.0,0.0,1.0,0.0,1.0,0.0,1.0,2.0,-20.35702039,-40.41938424,SPRF-ES,DEL01-ES,UOP01-DEL01-ES,2025-08-29 14:50:00,2025.0,8.0,14.0,tarde,True,0,moderado,BR-101
714836.0,2025-06-03,terca,00:30,ES,101.0,295.3,CARIACICA,Condutor deixou de manter distância do veículo da frente,Colisão traseira,Com Vítimas Feridas,Plena Noite,Decrescente,Chuva,Dupla,Reta,Não,2.0,0.0,0.0,1.0,0.0,1.0,1.0,2.0,-20.33226236,-40.40030956,SPRF-ES,DEL01-ES,UOP01-DEL01-ES,2025-06-03 00:30:00,2025.0,6.0,0.0,madrugada,True,1,grave,BR-101
715496.0,2025-09-01,segunda,15:10,ES,101.0,1.0,SERRA,Reação tardia ou ineficiente do condutor,Tombamento,Com Vítimas Feridas,Pleno dia,Crescente,Chuva,Dupla,Curva,Não,2.0,0.0,1.0,0.0,0.0,1.0,1.0,2.0,-20.07018122,-40.36432743,SPRF-ES,DEL02-ES,UOP01-DEL02-ES,2025-09-01 15:10:00,2025.0,9.0,15.0,tarde,True,0,moderado,BR-101
715692.0,2025-03-19,quarta,05:40,ES,101.0,3.2,SERRA,Condutor Dormindo,Colisão traseira,Sem Vítimas,Amanhecer,Decrescente,Céu Claro,Simples,Reta,Não,3.0,0.0,0.0,0.0,2.0,4.0,0.0,6.0,-20.11136907,-40.34649567,SPRF-ES,DEL02-ES,UOP01-DEL02-ES,2025-03-19 05:40:00,2025.0,3.0,5.0,madrugada,True,0,baixo,BR-101
715724.0,2025-09-02,terca,19:40,ES,101.0,299.0,VIANA,Acumulo de água sobre o pavimento,Colisão com objeto,Sem Vítimas,Plena Noite,Crescente,Chuva,Dupla,Curva,Sim,1.0,0.0,0.0,0.0,1.0,0.0,0.0,1.0,-20.35783825,-40.42699551,SPRF-ES,DEL01-ES,UOP01-DEL01-ES,2025-09-02 19:40:00,2025.0,9.0,19.0,noite,True,0,baixo,BR-101
715770.0,2025-09-03,quarta,03:20,ES,101.0,330.5,GUARAPARI,Ausência de reação do condutor,Tombamento,Sem Vítimas,Plena Noite,Crescente,Céu Claro,Dupla,Curva,Não,2.0,0.0,0.0,0.0,1.0,1.0,0.0,2.0,-20.59532329,-40.50277124,SPRF-ES,DEL03-ES,UOP01-DEL03-ES,2025-09-03 03:20:00,2025.0,9.0,3.0,madrugada,True,0,baixo,BR-101
716674.0,2025-09-06,sabado,20:40,ES,101.0,303.0,VIANA,Condutor usando celular,Saída de leito carroçável,Sem Vítimas,Plena Noite,Crescente,Nublado,Múltipla,Reta,Sim,2.0,0.0,0.0,0.0,1.0,1.0,0.0,2.0,-20.3827311,-40.4596009,SPRF-ES,DEL01-ES,UOP01-DEL01-ES,2025-09-06 20:40:00,2025.0,9.0,20.0,noite,True,0,baixo,BR-101
717252.0,2025-09-09,terca,15:50,ES,101.0,262.8,SERRA,Falta de acostamento,Colisão lateral mesmo sentido,Com Vítimas Feridas,Pleno dia,Decrescente,Sol,Dupla,Reta,Sim,2.0,0.0,1.0,0.0,1.0,0.0,1.0,2.0,-20.1637356,-40.27451181,SPRF-ES,DEL02-ES,UOP01-DEL02-ES,2025-09-09 15:50:00,2025.0,9.0,15.0,tarde,True,0,moderado,BR-101
717362.0,2025-09-10,quarta,06:30,ES,101.0,14.8,SERRA,Reação tardia ou ineficiente do condutor,Tombamento,Com Vítimas Feridas,Pleno dia,Crescente,Céu Claro,Dupla,Reta,Não,1.0,0.0,1.0,0.0,0.0,0.0,1.0,1.0,-20.18072549,-40.3403306,SPRF-ES,DEL02-ES,UOP01-DEL02-ES,2025-09-10 06:30:00,2025.0,9.0,6.0,manha,True,0,moderado,BR-101
717488.0,2025-09-10,quarta,19:00,ES,101.0,16.7,SERRA,Ausência de reação do condutor,Colisão com objeto,Sem Vítimas,Plena Noite,Crescente,Céu Claro,Dupla,Curva,Não,2.0,0.0,0.0,0.0,1.0,1.0,0.0,2.0,-20.07971406,-40.36634445,SPRF-ES,DEL02-ES,UOP01-DEL02-ES,2025-09-10 19:00:00,2025.0,9.0,19.0,noite,True,0,baixo,BR-101
717505.0,2025-09-10,quarta,21:10,ES,101.0,315.0,VILA VELHA,Velocidade Incompatível,Tombamento,Com Vítimas Feridas,Plena Noite,Decrescente,Nublado,Dupla,Aclive;Curva,Não,2.0,0.0,1.0,0.0,0.0,1.0,1.0,2.0,-20.47643682,-40.47060582,SPRF-ES,DEL01-ES,UOP01-DEL01-ES,2025-09-10 21:10:00,2025.0,9.0,21.0,noite,True,0,moderado,BR-101
717639.0,2025-09-03,quarta,14:00,ES,101.0,281.0,SERRA,Acessar a via sem observar a presença dos outros veículos,Colisão traseira,Com Vítimas Feridas,Pleno dia,Crescente,Nublado,Dupla,Retorno Regulamentado;Reta,Não,6.0,0.0,1.0,0.0,5.0,0.0,1.0,2.0,-20.22191,-40.35798,SPRF-ES,DEL02-ES,UOP01-DEL02-ES,2025-09-03 14:00:00,2025.0,9.0,14.0,tarde,True,0,moderado,BR-101
717729.0,2025-09-12,sexta,00:00,ES,101.0,310.0,CARIACICA,Ingestão de álcool pelo condutor,Saída de leito carroçável,Com Vítimas Feridas,Plena Noite,Crescente,Céu Claro,Dupla,Curva,Não,1.0,0.0,1.0,0.0,0.0,0.0,1.0,1.0,-20.3372167,-40.384865,SPRF-ES,DEL01-ES,UOP01-DEL01-ES,2025-09-12 00:00:00,2025.0,9.0,0.0,madrugada,True,0,moderado,BR-101
718009.0,2025-09-13,sabado,05:15,ES,101.0,294.0,CARIACICA,Ausência de reação do condutor,Colisão com objeto,Com Vítimas Feridas,Amanhecer,Crescente,Chuva,Dupla,Reta,Não,2.0,0.0,1.0,0.0,1.0,0.0,1.0,1.0,-20.3226261,-40.3951829,SPRF-ES,DEL01-ES,UOP01-DEL01-ES,2025-09-13 05:15:00,2025.0,9.0,5.0,madrugada,True,0,moderado,BR-101
718848.0,2025-09-16,terca,18:50,ES,101.0,288.0,CARIACICA,Acessar a via sem observar a presença dos outros veículos,Colisão transversal,Com Vítimas Feridas,Plena Noite,Crescente,Céu Claro,Dupla,Interseção de Vias,Sim,3.0,0.0,0.0,1.0,1.0,1.0,1.0,3.0,-20.27330493,-40.39187908,SPRF-ES,DEL01-ES,UOP01-DEL01-ES,2025-09-16 18:50:00,2025.0,9.0,18.0,noite,True,1,grave,BR-101
718943.0,2025-09-17,quarta,10:00,ES,101.0,229.8,FUNDAO,Conversão proibida,Colisão transversal,Com Vítimas Feridas,Pleno dia,Crescente,Sol,Simples,Reta,Sim,4.0,0.0,1.0,1.0,1.0,2.0,2.0,4.0,-19.9349553,-40.4055385,SPRF-ES,DEL02-ES,UOP01-DEL02-ES,2025-09-17 10:00:00,2025.0,9.0,10.0,manha,True,1,grave,BR-101
719275.0,2025-09-18,quinta,21:56,ES,101.0,287.0,CARIACICA,Condutor deixou de manter distância do veículo da frente,Colisão lateral mesmo sentido,Com Vítimas Feridas,Plena Noite,Crescente,Céu Claro,Dupla,Reta,Sim,4.0,0.0,3.0,0.0,0.0,1.0,3.0,2.0,-20.266128,-40.386141,SPRF-ES,DEL01-ES,UOP01-DEL01-ES,2025-09-18 21:56:00,2025.0,9.0,21.0,noite,True,0,moderado,BR-101
719359.0,2025-09-19,sexta,11:40,ES,101.0,9.0,SERRA,Avarias e/ou desgaste excessivo no pneu,Colisão traseira,Com Vítimas Feridas,Pleno dia,Crescente,Chuva,Dupla,Reta,Não,6.0,0.0,1.0,1.0,3.0,1.0,2.0,4.0,-20.13582,-40.33955,SPRF-ES,DEL02-ES,UOP01-DEL02-ES,2025-09-19 11:40:00,2025.0,9.0,11.0,manha,True,1,grave,BR-101