id,data,dia_semana,hora,uf,rodovia,km,municipio,causa,tipo_acidente,classificacao,fase_dia,sentido_via,condicao_metereologica,tipo_pista,tracado_via,uso_solo,pessoas,mortos,feridos_leves,feridos_graves,ilesos,ignorados,feridos,veiculos,latitude,longitude,regional,delegacia,uop,data_hora,ano,mes,hora_dia,periodo_dia,regiao_grande_vitoria,risco_alto,nivel_risco,rodovia_label
720370.0,2025-09-23,terca,01:30,ES,101.0,299.9,VIANA,Acessar a via sem observar a presença dos outros veículos,Colisão transversal,Com Vítimas Feridas,Plena Noite,Crescente,Chuva,Dupla,Viaduto;Reta,Sim,2.0,0.0,0.0,1.0,1.0,0.0,1.0,2.0,-20.35722526,-40.43004436,SPRF-ES,DEL01-ES,UOP01-DEL01-ES,2025-09-23 01:30:00,2025.0,9.0,1.0,madrugada,True,1,grave,BR-101
720659.0,2025-09-24,quarta,16:15,ES,101.0,264.0,SERRA,Ausência de reação do condutor,Colisão traseira,Com Vítimas Feridas,Pleno dia,Crescente,Nublado,Múltipla,Reta,Sim,3.0,0.0,0.0,1.0,1.0,2.0,1.0,4.0,-20.17761881,-40.26561141,SPRF-ES,DEL02-ES,UOP01-DEL02-ES,2025-09-24 16:15:00,2025.0,9.0,16.0,tarde,True,1,grave,BR-101
720841.0,2025-09-25,quinta,17:00,ES,101.0,292.7,CARIACICA,Ausência de reação do condutor,Colisão lateral mesmo sentido,Com Vítimas Feridas,Pleno dia,Crescente,Nublado,Múltipla,Reta,Sim,2.0,0.0,0.0,1.0,0.0,1.0,1.0,2.0,-20.31286567,-40.39578438,SPRF-ES,DEL01-ES,UOP01-DEL01-ES,2025-09-25 17:00:00,2025.0,9.0,17.0,tarde,True,1,grave,BR-101
720973.0,2025-09-26,sexta,10:20,ES,101.0,302.6,VIANA,Manobra de mudança de faixa,Colisão lateral mesmo sentido,Com Vítimas Feridas,Pleno dia,Crescente,Nublado,Dupla,Reta,Sim,4.0,0.0,2.0,0.0,1.0,1.0,2.0,3.0,-20.373942,-40.442633,SPRF-ES,DEL01-ES,UOP01-DEL01-ES,2025-09-26 10:20:00,2025.0,9.0,10.0,manha,True,0,moderado,BR-101
721605.0,2025-09-29,segunda,06:09,ES,101.0,290.0,CARIACICA,Acessar a via sem observar a presença dos outros veículos,Colisão transversal,Com Vítimas Feridas,Pleno dia,Crescente,Céu Claro,Dupla,Declive;Retorno Regulamentado,Sim,4.0,0.0,0.0,1.0,1.0,2.0,1.0,4.0,-20.29395873,-40.39376736,SPRF-ES,DEL01-ES,UOP01-DEL01-ES,2025-09-29 06:09:00,2025.0,9.0,6.0,manha,True,1,grave,BR-101
721918.0,2025-09-30,terca,17:20,ES,101.0,270.4,SERRA,Reação tardia ou ineficiente do condutor,Colisão traseira,Com Vítimas Feridas,Anoitecer,Crescente,Nublado,Múltipla,Reta,Sim,5.0,0.0,1.0,2.0,2.0,0.0,3.0,4.0,-20.22775153,-40.27125986,SPRF-ES,DEL02-ES,UOP01-DEL02-ES,2025-09-30 17:20:00,2025.0,9.0,17.0,tarde,True,1,grave,BR-101
722204.0,2025-10-02,quinta,06:50,ES,262.0,30.0,VIANA,Demais falhas mecânicas ou elétricas,Incêndio,Sem Vítimas,Pleno dia,Decrescente,Céu Claro,Simples,Curva;Declive,Não,2.0,0.0,0.0,0.0,1.0,3.0,0.0,4.0,-20.38371,-40.50002,SPRF-ES,DEL01-ES,UOP01-DEL01-ES,2025-10-02 06:50:00,2025.0,10.0,6.0,manha,True,0,baixo,BR-262
722218.0,2025-10-02,quinta,10:14,ES,101.0,245.3,SERRA,Manobra de mudança de faixa,Colisão lateral mesmo sentido,Com Vítimas Feridas,Pleno dia,Decrescente,Céu Claro,Dupla,Reta;Em Obras,Não,4.0,0.0,3.0,0.0,1.0,0.0,3.0,2.0,-20.05802466,-40.3791068,SPRF-ES,DEL02-ES,UOP01-DEL02-ES,2025-10-02 10:14:00,2025.0,10.0,10.0,manha,True,0,moderado,BR-101
722386.0,2025-10-03,sexta,07:00,ES,101.0,290.3,CARIACICA,Manobra de mudança de faixa,Colisão lateral mesmo sentido,Com Vítimas Feridas,Pleno dia,Decrescente,Nublado,Dupla,Reta,Sim,2.0,0.0,1.0,0.0,0.0,1.0,1.0,2.0,-20.292215,-40.3921267,SPRF-ES,DEL01-ES,UOP01-DEL01-ES,2025-10-03 07:00:00,2025.0,10.0,7.0,manha,True,0,moderado,BR-101
722446.0,2025-08-14,quinta,19:45,ES,101.0,264.6,SERRA,Condutor desrespeitou a iluminação vermelha do semáforo,Colisão transversal,Com Vítimas Feridas,Pleno dia,Crescente,Nublado,Múltipla,Reta,Sim,4.0,0.0,1.0,0.0,0.0,3.0,1.0,3.0,-20.17860167,-40.26508333,SPRF-ES,DEL02-ES,UOP01-DEL02-ES,2025-08-14 19:45:00,2025.0,8.0,19.0,noite,True,0,moderado,BR-101
722709.0,2025-10-04,sabado,14:25,ES,101.0,337.0,GUARAPARI,Manobra de mudança de faixa,Colisão traseira,Com Vítimas Feridas,Pleno dia,Decrescente,Céu Claro,Dupla,Reta,Não,6.0,0.0,2.0,0.0,2.0,2.0,2.0,4.0,-20.638364,-40.543931,SPRF-ES,DEL03-ES,UOP01-DEL03-ES,2025-10-04 14:25:00,2025.0,10.0,14.0,tarde,True,0,moderado,BR-101
722942.0,2025-10-05,domingo,13:10,ES,101.0,255.4,SERRA,Condutor deixou de manter distância do veículo da frente,Colisão traseira,Com Vítimas Feridas,Pleno dia,Crescente,Nublado,Simples,Reta,Sim,4.0,0.0,2.0,0.0,1.0,1.0,2.0,3.0,-20.11733,-40.31448833,SPRF-ES,DEL02-ES,UOP01-DEL02-ES,2025-10-05 13:10:00,2025.0,10.0,13.0,tarde,True,0,moderado,BR-101
723405.0,2025-09-22,segunda,06:40,ES,101.0,270.0,SERRA,Manobra de mudança de faixa,Colisão lateral mesmo sentido,Com Vítimas Feridas,Pleno dia,Decrescente,Céu Claro,Dupla,Reta,Sim,4.0,0.0,1.0,0.0,0.0,3.0,1.0,3.0,-20.229059,-40.272121,SPRF-ES,DEL02-ES,UOP01-DEL02-ES,2025-09-22 06:40:00,2025.0,9.0,6.0,manha,True,0,moderado,BR-101
724959.0,2025-07-26,sabado,14:00,ES,101.0,259.0,SERRA,Ultrapassagem Indevida,Colisão frontal,Com Vítimas Feridas,Pleno dia,Crescente,Céu Claro,Simples,Reta,Não,2.0,0.0,1.0,0.0,1.0,0.0,1.0,2.0,-20.14223891,-40.29182919,SPRF-ES,DEL02-ES,UOP01-DEL02-ES,2025-07-26 14:00:00,2025.0,7.0,14.0,tarde,True,0,moderado,BR-101
725467.0,2025-10-16,quinta,19:47,ES,101.0,229.0,FUNDAO,Pedestre andava na pista,Atropelamento de Pedestre,Com Vítimas Feridas,Plena Noite,Decrescente,Céu Claro,Simples,Reta,Não,3.0,0.0,1.0,0.0,1.0,1.0,1.0,3.0,-19.93462494,-40.40380284,SPRF-ES,DEL02-ES,UOP01-DEL02-ES,2025-10-16 19:47:00,2025.0,10.0,19.0,noite,True,0,moderado,BR-101
725518.0,2025-10-17,sexta,04:50,ES,101.0,7.0,SERRA,Reação tardia ou ineficiente do condutor,Colisão com objeto,Sem Vítimas,Pleno dia,Crescente,Céu Claro,Dupla,Reta,Não,2.0,0.0,0.0,0.0,1.0,1.0,0.0,2.0,-20.124457,-40.34177,SPRF-ES,DEL02-ES,UOP01-DEL02-ES,2025-10-17 04:50:00,2025.0,10.0,4.0,madrugada,True,0,baixo,BR-101
725523.0,2025-10-17,sexta,06:27,ES,101.0,311.6,VILA VELHA,Ausência de reação do condutor,Colisão transversal,Com Vítimas Fatais,Pleno dia,Decrescente,Céu Claro,Dupla,Declive;Reta,Não,4.0,1.0,1.0,0.0,1.0,1.0,1.0,4.0,-20.439967,-40.459858,SPRF-ES,DEL01-ES,UOP01-DEL01-ES,2025-10-17 06:27:00,2025.0,10.0,6.0,manha,True,1,fatal,BR-101
725568.0,2025-10-17,sexta,09:59,ES,101.0,301.6,VIANA,Ausência de reação do condutor,Colisão traseira,Com Vítimas Feridas,Pleno dia,Crescente,Sol,Dupla,Curva,Sim,3.0,0.0,1.0,0.0,2.0,0.0,1.0,2.0,-20.365327,-40.443573,SPRF-ES,DEL01-ES,UOP01-DEL01-ES,2025-10-17 09:59:00,2025.0,10.0,9.0,manha,True,0,moderado,BR-101
725786.0,2025-10-18,sabado,04:30,ES,101.0,269.5,SERRA,Curva acentuada,Tombamento,Com Vítimas Feridas,Amanhecer,Crescente,Céu Claro,Dupla,Reta;Retorno Regulamentado,Sim,2.0,0.0,1.0,0.0,0.0,1.0,1.0,2.0,-20.22232595,-40.27037412,SPRF-ES,DEL02-ES,UOP01-DEL02-ES,2025-10-18 04:30:00,2025.0,10.0,4.0,madrugada,True,0,moderado,BR-101
726336.0,2025-10-20,segunda,12:48,ES,101.0,233.0,FUNDAO,Velocidade Incompatível,Colisão lateral mesmo sentido,Com Vítimas Feridas,Pleno dia,Crescente,Céu Claro,Simples,Declive;Reta,Não,3.0,0.0,0.0,1.0,1.0,1.0,1.0,3.0,-19.98486955,-40.41403961,SPRF-ES,DEL02-ES,UOP01-DEL02-ES,2025-10-20 12:48:00,2025.0,10.0,12.0,tarde,True,1,grave,BR-101
726338.0,2025-10-20,segunda,11:30,ES,101.0,268.0,SERRA,Manobra de mudança de faixa,Colisão lateral mesmo sentido,Com Vítimas Feridas,Pleno dia,Decrescente,Nublado,Múltipla,Reta,Não,2.0,0.0,1.0,0.0,1.0,0.0,1.0,2.0,-20.20120597,-40.2689491,SPRF-ES,DEL02-ES,UOP01-DEL02-ES,2025-10-20 11:30:00,2025.0,10.0,11.0,manha,True,0,moderado,BR-101
726454.0,2025-10-20,segunda,22:00,ES,101.0,318.0,VILA VELHA,Ausência de reação do condutor,Colisão traseira,Com Vítimas Feridas,Plena Noite,Crescente,Nublado,Dupla,Aclive;Reta,Não,3.0,0.0,2.0,0.0,1.0,0.0,2.0,2.0,-20.494267,-40.47653,SPRF-ES,DEL01-ES,UOP01-DEL01-ES,2025-10-20 22:00:00,2025.0,10.0,22.0,noite,True,0,moderado,BR-101
726713.0,2025-10-22,quarta,10:20,ES,101.0,270.0,SERRA,Pedestre cruzava a pista fora da faixa,Atropelamento de Pedestre,Com Vítimas Feridas,Pleno dia,Decrescente,Céu Claro,Dupla,Reta;Interseção de Vias,Sim,2.0,0.0,0.0,1.0,1.0,0.0,1.0,2.0,-20.22951292,-40.2728641,SPRF-ES,DEL02-ES,UOP01-DEL02-ES,2025-10-22 10:20:00,2025.0,10.0,10.0,manha,True,1,grave,BR-101
726771.0,2025-10-22,quarta,17:00,ES,101.0,278.2,SERRA,Ausência de reação do condutor,Tombamento,Com Vítimas Feridas,Pleno dia,Crescente,Nublado,Simples,Aclive;Curva;Retorno Regulamentado,Sim,2.0,0.0,1.0,0.0,0.0,1.0,1.0,2.0,-20.216985,-40.332365,SPRF-ES,DEL02-ES,UOP01-DEL02-ES,2025-10-22 17:00:00,2025.0,10.0,17.0,tarde,True,0,moderado,BR-101
726819.0,2025-10-22,quarta,18:00,ES,101.0,269.0,SERRA,Acessar a via sem observar a presença dos outros veículos,Colisão traseira,Com Vítimas Feridas,Plena Noite,Crescente,Garoa/Chuvisco,Dupla,Reta,Sim,3.0,0.0,1.0,0.0,2.0,0.0,1.0,3.0,-20.23232831,-40.27447343,SPRF-ES,DEL02-ES,UOP01-DEL02-ES,2025-10-22 18:00:00,2025.0,10.0,18.0,noite,True,0,moderado,BR-101
727050.0,2025-10-23,quinta,22:50,ES,101.0,293.6,CARIACICA,Velocidade Incompatível,Tombamento,Com Vítimas Feridas,Plena Noite,Crescente,Céu Claro,Múltipla,Curva,Sim,2.0,0.0,1.0,0.0,0.0,1.0,1.0,2.0,-20.320897,-40.3960111,SPRF-ES,DEL01-ES,UOP01-DEL01-ES,2025-10-23 22:50:00,2025.0,10.0,22.0,noite,True,0,moderado,BR-101
727634.0,2025-10-26,domingo,12:07,ES,101.0,277.9,SERRA,Acessar a via sem observar a presença dos outros veículos,Colisão transversal,Com Vítimas Feridas,Pleno dia,Decrescente,Nublado,Dupla,Retorno Regulamentado;Reta,Não,5.0,0.0,2.0,1.0,1.0,2.0,3.0,4.0,-20.21698132,-40.32943091,SPRF-ES,DEL02-ES,UOP01-DEL02-ES,2025-10-26 12:07:00,2025.0,10.0,12.0,tarde,True,1,grave,BR-101
727856.0,2025-10-27,segunda,08:00,ES,101.0,289.2,CARIACICA,Transitar no Acostamento,Colisão lateral mesmo sentido,Com Vítimas Feridas,Pleno dia,Decrescente,Sol,Dupla,Declive;Reta,Sim,2.0,0.0,1.0,0.0,1.0,0.0,1.0,2.0,-20.28326564,-40.39302774,SPRF-ES,DEL01-ES,UOP01-DEL01-ES,2025-10-27 08:00:00,2025.0,10.0,8.0,manha,True,0,moderado,BR-101
727870.0,2025-10-27,segunda,10:15,ES,101.0,298.0,VIANA,Trafegar com motocicleta (ou similar) entre as faixas,Colisão lateral mesmo sentido,Com Vítimas Feridas,Pleno dia,Crescente,Céu Claro,Dupla,Reta,Não,3.0,0.0,1.0,0.0,1.0,1.0,1.0,3.0,-20.35506438,-40.41743207,SPRF-ES,DEL01-ES,UOP01-DEL01-ES,2025-10-27 10:15:00,2025.0,10.0,10.0,manha,True,0,moderado,BR-101
728433.0,2025-10-30,quinta,06:10,ES,101.0,270.0,SERRA,Ausência de reação do condutor,Colisão traseira,Com Vítimas Feridas,Pleno dia,Decrescente,Céu Claro,Dupla,Reta,Sim,3.0,0.0,0.0,1.0,1.0,1.0,1.0,3.0,-20.2273485,-40.27108312,SPRF-ES,DEL02-ES,UOP01-DEL02-ES,2025-10-30 06:10:00,2025.0,10.0,6.0,manha,True,1,grave,BR-101
728546.0,2025-10-30,quinta,16:45,ES,101.0,297.5,CARIACICA,Acessar a via sem observar a presença dos outros veículos,Colisão com objeto,Com Vítimas Feridas,Anoitecer,Crescente,Céu Claro,Dupla,Reta,Não,2.0,0.0,1.0,0.0,1.0,0.0,1.0,2.0,-20.345801,-40.40498,SPRF-ES,DEL01-ES,UOP01-DEL01-ES,2025-10-30 16:45:00,2025.0,10.0,16.0,tarde,True,0,moderado,BR-101
728606.0,2025-10-30,quinta,22:30,ES,101.0,333.0,GUARAPARI,Entrada inopinada do pedestre,Atropelamento de Pedestre,Com Vítimas Feridas,Plena Noite,Decrescente,Chuva,Dupla,Curva,Não,2.0,0.0,0.0,1.0,1.0,0.0,1.0,2.0,-20.61517645,-40.51410047,SPRF-ES,DEL03-ES,UOP01-DEL03-ES,2025-10-30 22:30:00,2025.0,10.0,22.0,noite,True,1,grave,BR-101
729156.0,2025-11-02,domingo,12:55,ES,101.0,234.0,FUNDAO,Transitar na contramão,Colisão frontal,Com Vítimas Fatais,Pleno dia,Decrescente,Céu Claro,Simples,Curva,Não,5.0,2.0,1.0,1.0,0.0,1.0,2.0,3.0,-19.97149,-40.40853,SPRF-ES,DEL02-ES,UOP01-DEL02-ES,2025-11-02 12:55:00,2025.0,11.0,12.0,tarde,True,1,fatal,BR-101
729550.0,2025-11-04,terca,10:00,ES,101.0,266.5,SERRA,Ausência de reação do condutor,Colisão traseira,Com Vítimas Feridas,Pleno dia,Crescente,Nublado,Múltipla,Interseção de Vias,Sim,4.0,0.0,1.0,0.0,2.0,1.0,1.0,3.0,-20.1955469,-40.2688369,SPRF-ES,DEL02-ES,UOP01-DEL02-ES,2025-11-04 10:00:00,2025.0,11.0,10.0,manha,True,0,moderado,BR-101
731348.0,2025-11-12,quarta,15:35,ES,101.0,270.0,SERRA,Ausência de reação do condutor,Colisão traseira,Com Vítimas Feridas,Pleno dia,Crescente,Céu Claro,Dupla,Interseção de Vias,Não,3.0,0.0,1.0,0.0,1.0,2.0,1.0,4.0,-20.04885,-40.3866983,SPRF-ES,DEL02-ES,UOP01-DEL02-ES,2025-11-12 15:35:00,2025.0,11.0,15.0,tarde,True,0,moderado,BR-101
731644.0,2025-11-13,quinta,22:15,ES,101.0,270.0,SERRA,Ausência de reação do condutor,Colisão traseira,Com Vítimas Feridas,Pleno dia,Crescente,Céu Claro,Dupla,Reta,Sim,5.0,0.0,1.0,0.0,3.0,1.0,1.0,4.0,-20.22811024,-40.27088642,SPRF-ES,DEL02-ES,UOP01-DEL02-ES,2025-11-13 22:15:00,2025.0,11.0,22.0,noite,True,0,moderado,BR-101
731853.0,2025-11-14,sexta,18:30,ES,101.0,246.0,SERRA,Ausência de reação do condutor,Colisão com objeto,Com Vítimas Fatais,Plena Noite,Crescente,Céu Claro,Simples,Reta;Em Obras;Aclive,Não,5.0,1.0,0.0,1.0,2.0,1.0,1.0,3.0,-20.062595,-40.376755,SPRF-ES,DEL02-ES,UOP01-DEL02-ES,2025-11-14 18:30:00,2025.0,11.0,18.0,noite,True,1,fatal,BR-101
732280.0,2025-11-16,domingo,15:45,ES,262.0,28.0,VIANA,Faixas de trânsito com largura insuficiente,Queda de ocupante de veículo,Com Vítimas Feridas,Pleno dia,Decrescente,Céu Claro,Simples,Aclive;Curva,Não,3.0,0.0,1.0,1.0,0.0,1.0,2.0,2.0,-20.38532867,-40.55847947,SPRF-ES,DEL01-ES,UOP01-DEL01-ES,2025-11-16 15:45:00,2025.0,11.0,15.0,tarde,True,1,grave,BR-262
732768.0,2025-11-18,terca,16:10,ES,101.0,302.6,VIANA,Manobra de mudança de faixa,Colisão lateral mesmo sentido,Com Vítimas Feridas,Pleno dia,Decrescente,Céu Claro,Dupla,Curva,Não,3.0,0.0,2.0,0.0,0.0,1.0,2.0,2.0,-20.3751245,-40.44264793,SPRF-ES,DEL01-ES,UOP01-DEL01-ES,2025-11-18 16:10:00,2025.0,11.0,16.0,tarde,True,0,moderado,BR-101
732968.0,2025-11-19,quarta,14:40,ES,101.0,269.6,SERRA,Acessar a via sem observar a presença dos outros veículos,Colisão transversal,Com Vítimas Feridas,Pleno dia,Crescente,Nublado,Dupla,Interseção de Vias;Reta,Sim,4.0,0.0,1.0,0.0,2.0,1.0,1.0,3.0,-20.22304269,-40.26993206,SPRF-ES,DEL02-ES,UOP01-DEL02-ES,2025-11-19 14:40:00,2025.0,11.0,14.0,tarde,True,0,moderado,BR-101
733197.0,2025-11-20,quinta,15:30,ES,101.0,315.0,VILA VELHA,Velocidade Incompatível,Capotamento,Com Vítimas Feridas,Pleno dia,Decrescente,Céu Claro,Dupla,Curva,Não,2.0,0.0,0.0,1.0,0.0,1.0,1.0,2.0,-20.47627387,-40.47067513,SPRF-ES,DEL01-ES,UOP01-DEL01-ES,2025-11-20 15:30:00,2025.0,11.0,15.0,tarde,True,1,grave,BR-101
733538.0,2025-11-21,sexta,21:35,ES,447.0,15.6,VILA VELHA,Entrada inopinada do pedestre,Atropelamento de Pedestre,Com Vítimas Fatais,Plena Noite,Decrescente,Nublado,Dupla,Reta;Ponte,Sim,2.0,1.0,0.0,0.0,0.0,1.0,0.0,2.0,-20.338072,-40.327415,SPRF-ES,DEL01-ES,UOP01-DEL01-ES,2025-11-21 21:35:00,2025.0,11.0,21.0,noite,True,1,fatal,BR-447
734276.0,2025-11-25,terca,12:04,ES,101.0,296.0,CARIACICA,Entrada inopinada do pedestre,Colisão transversal,Com Vítimas Feridas,Pleno dia,Decrescente,Céu Claro,Dupla,Reta,Sim,3.0,0.0,0.0,1.0,1.0,1.0,1.0,3.0,-20.340795,-40.40415,SPRF-ES,DEL01-ES,UOP01-DEL01-ES,2025-11-25 12:04:00,2025.0,11.0,12.0,tarde,True,1,grave,BR-101
735600.0,2025-12-01,segunda,03:50,ES,101.0,270.5,SERRA,Condutor desrespeitou a iluminação vermelha do semáforo,Colisão transversal,Com Vítimas Feridas,Amanhecer,Decrescente,Céu Claro,Múltipla,Reta,Sim,4.0,0.0,3.0,0.0,0.0,1.0,3.0,3.0,-20.22970333,-40.2726,SPRF-ES,DEL02-ES,UOP01-DEL02-ES,2025-12-01 03:50:00,2025.0,12.0,3.0,madrugada,True,0,moderado,BR-101
735646.0,2025-12-01,segunda,09:19,ES,101.0,11.0,SERRA,Ausência de reação do condutor,Colisão traseira,Com Vítimas Feridas,Pleno dia,Crescente,Céu Claro,Dupla,Reta,Não,5.0,0.0,2.0,0.0,3.0,0.0,2.0,3.0,-20.15203898,-40.34684926,SPRF-ES,DEL02-ES,UOP01-DEL02-ES,2025-12-01 09:19:00,2025.0,12.0,9.0,manha,True,0,moderado,BR-101
736242.0,2025-12-03,quarta,23:10,ES,101.0,303.3,VIANA,Estacionar ou parar em local proibido,Colisão traseira,Com Vítimas Feridas,Plena Noite,Crescente,Chuva,Dupla,Reta,Sim,3.0,0.0,1.0,0.0,1.0,1.0,1.0,3.0,-20.3777702,-40.44848442,SPRF-ES,DEL01-ES,UOP01-DEL01-ES,2025-12-03 23:10:00,2025.0,12.0,23.0,noite,True,0,moderado,BR-101
736886.0,2025-12-06,sabado,18:45,ES,101.0,243.0,SERRA,Acessar a via sem observar a presença dos outros veículos,Colisão transversal,Com Vítimas Feridas,Plena Noite,Decrescente,Nublado,Simples,Reta;Em Obras,Não,2.0,0.0,1.0,0.0,1.0,0.0,1.0,2.0,-20.04814033,-40.38682955,SPRF-ES,DEL02-ES,UOP01-DEL02-ES,2025-12-06 18:45:00,2025.0,12.0,18.0,noite,True,0,moderado,BR-101
738020.0,2025-12-11,quinta,16:20,ES,101.0,276.2,SERRA,Acessar a via sem observar a presença dos outros veículos,Colisão transversal,Com Vítimas Feridas,Pleno dia,Crescente,Sol,Dupla,Retorno Regulamentado,Não,2.0,0.0,1.0,0.0,1.0,0.0,1.0,2.0,-20.20920745,-40.31581074,SPRF-ES,DEL02-ES,UOP01-DEL02-ES,2025-12-11 16:20:00,2025.0,12.0,16.0,tarde,True,0,moderado,BR-101
738128.0,2025-12-12,sexta,05:50,ES,101.0,315.0,VILA VELHA,Reação tardia ou ineficiente do condutor,Tombamento,Com Vítimas Feridas,Amanhecer,Crescente,Nublado,Dupla,Aclive;Curva,Não,2.0,0.0,2.0,0.0,0.0,0.0,2.0,1.0,-20.476867,-40.470719,SPRF-ES,DEL01-ES,UOP01-DEL01-ES,2025-12-12 05:50:00,2025.0,12.0,5.0,madrugada,True,0,moderado,BR-101
738970.0,2025-12-15,segunda,05:00,ES,101.0,315.9,VILA VELHA,Velocidade Incompatível,Tombamento,Com Vítimas Fatais,Amanhecer,Decrescente,Céu Claro,Múltipla,Curva;Declive,Não,1.0,1.0,0.0,0.0,0.0,0.0,0.0,1.0,-20.47830914,-40.47069426,SPRF-ES,DEL01-ES,UOP01-DEL01-ES,2025-12-15 05:00:00,2025.0,12.0,5.0,madrugada,True,1,fatal,BR-101
739473.0,2025-12-17,quarta,10:00,ES,101.0,263.0,SERRA,Reação tardia ou ineficiente do condutor,Colisão traseira,Com Vítimas Feridas,Pleno dia,Crescente,Céu Claro,Dupla,Reta,Sim,3.0,0.0,1.0,0.0,2.0,0.0,1.0,2.0,-20.17821939,-40.26548863,SPRF-ES,DEL02-ES,UOP01-DEL02-ES,2025-12-17 10:00:00,2025.0,12.0,10.0,manha,True,0,moderado,BR-101
739669.0,2025-12-18,quinta,08:30,ES,262.0,25.9,VIANA,Demais falhas mecânicas ou elétricas,Incêndio,Sem Vítimas,Pleno dia,Crescente,Céu Claro,Simples,Reta,Não,1.0,0.0,0.0,0.0,1.0,0.0,0.0,1.0,-20.3800904,-40.54263067,SPRF-ES,DEL01-ES,UOP01-DEL01-ES,2025-12-18 08:30:00,2025.0,12.0,8.0,manha,True,0,baixo,BR-262
739698.0,2025-12-18,quinta,09:30,ES,101.0,270.0,SERRA,Manobra de mudança de faixa,Colisão lateral mesmo sentido,Com Vítimas Feridas,Pleno dia,Decrescente,Sol,Múltipla,Reta,Sim,4.0,0.0,1.0,0.0,2.0,1.0,1.0,4.0,-20.04885,-40.3866983,SPRF-ES,DEL02-ES,UOP01-DEL02-ES,2025-12-18 09:30:00,2025.0,12.0,9.0,manha,True,0,moderado,BR-101
739808.0,2025-12-16,terca,19:20,ES,101.0,266.0,SERRA,Manobra de mudança de faixa,Colisão lateral mesmo sentido,Sem Vítimas,Pleno dia,Crescente,Céu Claro,Múltipla,Interseção de Vias;Reta,Não,5.0,0.0,0.0,0.0,4.0,2.0,0.0,4.0,-20.19588751,-40.26885308,SPRF-ES,DEL02-ES,UOP01-DEL02-ES,2025-12-16 19:20:00,2025.0,12.0,19.0,noite,True,0,baixo,BR-101
740731.0,2025-12-22,segunda,04:20,ES,101.0,296.0,CARIACICA,Acesso irregular,Colisão frontal,Com Vítimas Fatais,Plena Noite,Crescente,Céu Claro,Múltipla,Reta,Sim,4.0,1.0,0.0,0.0,1.0,2.0,0.0,4.0,-20.34241663,-40.4053645,SPRF-ES,DEL01-ES,UOP01-DEL01-ES,2025-12-22 04:20:00,2025.0,12.0,4.0,madrugada,True,1,fatal,BR-101
740838.0,2025-12-22,segunda,13:50,ES,101.0,288.5,CARIACICA,Velocidade Incompatível,Colisão com objeto,Com Vítimas Feridas,Pleno dia,Decrescente,Céu Claro,Dupla,Curva,Sim,5.0,0.0,0.0,3.0,1.0,1.0,3.0,3.0,-20.27532121,-40.39228678,SPRF-ES,DEL01-ES,UOP01-DEL01-ES,2025-12-22 13:50:00,2025.0,12.0,13.0,tarde,True,1,grave,BR-101
741100.0,2025-12-23,terca,14:30,ES,101.0,310.0,VIANA,Condutor deixou de manter distância do veículo da frente,Colisão traseira,Com Vítimas Feridas,Pleno dia,Decrescente,Sol,Dupla,Aclive;Curva,Não,4.0,0.0,2.0,0.0,1.0,1.0,2.0,3.0,-20.426109,-40.460255,SPRF-ES,DEL01-ES,UOP01-DEL01-ES,2025-12-23 14:30:00,2025.0,12.0,14.0,tarde,True,0,moderado,BR-101
742486.0,2025-12-30,terca,04:00,ES,101.0,296.0,CARIACICA,Velocidade Incompatível,Tombamento,Com Vítimas Feridas,Plena Noite,Decrescente,Céu Claro,Múltipla,Curva,Sim,2.0,0.0,1.0,0.0,0.0,8.0,1.0,9.0,-20.3420281,-40.40477514,SPRF-ES,DEL01-ES,UOP01-DEL01-ES,2025-12-30 04:00:00,2025.0,12.0,4.0,madrugada,True,0,moderado,BR-101
742602.0,2025-12-30,terca,15:50,ES,101.0,272.5,SERRA,Condutor deixou de manter distância do veículo da frente,Colisão traseira,Com Vítimas Feridas,Pleno dia,Crescente,Sol,Dupla,Reta,Não,4.0,0.0,1.0,0.0,3.0,0.0,1.0,3.0,-20.22334,-40.28807333,SPRF-ES,DEL02-ES,UOP01-DEL02-ES,2025-12-30 15:50:00,2025.0,12.0,15.0,tarde,True,0,moderado,BR-101
663061.0,2025-02-08,sabado,12:00,ES,101.0,294.6,CARIACICA,Condutor deixou de manter distância do veículo da frente,Colisão traseira,Com Vítimas Feridas,Pleno dia,Crescente,Sol,Múltipla,Viaduto;Declive;Reta,Sim,9.0,0.0,1.0,0.0,7.0,1.0,1.0,4.0,-20.32983151,-40.39897619,SPRF-ES,DEL01-ES,UOP01-DEL01-ES,2025-02-08 12:00:00,2025.0,2.0,12.0,tarde,True,0,moderado,BR-101