id,data,dia_semana,hora,uf,rodovia,km,municipio,causa,tipo_acidente,classificacao,fase_dia,sentido_via,condicao_metereologica,tipo_pista,tracado_via,uso_solo,pessoas,mortos,feridos_leves,feridos_graves,ilesos,ignorados,feridos,veiculos,latitude,longitude,regional,delegacia,uop,data_hora,ano,mes,hora_dia,periodo_dia,regiao_grande_vitoria,risco_alto,nivel_risco,rodovia_label
659022.0,2025-02-03,segunda,10:25,ES,101.0,284.0,CARIACICA,Ausência de reação do condutor,Saída de leito carroçável,Com Vítimas Feridas,Pleno dia,Decrescente,Sol,Dupla,Curva,Sim,2.0,0.0,1.0,0.0,1.0,0.0,1.0,1.0,-20.24334991,-40.3696926,SPRF-ES,DEL01-ES,UOP01-DEL01-ES,2025-02-03 10:25:00,2025.0,2.0,10.0,manha,True,0,moderado,BR-101
659120.0,2025-02-03,segunda,19:45,ES,101.0,260.8,SERRA,Transitar na contramão,Colisão frontal,Com Vítimas Feridas,Plena Noite,Crescente,Céu Claro,Simples,Curva;Declive,Sim,3.0,0.0,3.0,0.0,0.0,0.0,3.0,2.0,-20.14616415,-40.28836206,SPRF-ES,DEL02-ES,UOP01-DEL02-ES,2025-02-03 19:45:00,2025.0,2.0,19.0,noite,True,0,moderado,BR-101
659186.0,2025-02-04,terca,08:30,ES,101.0,267.9,SERRA,Manobra de mudança de faixa,Colisão lateral mesmo sentido,Com Vítimas Feridas,Pleno dia,Crescente,Sol,Múltipla,Interseção de Vias,Sim,2.0,0.0,1.0,0.0,0.0,1.0,1.0,2.0,-20.19930999,-40.26884609,SPRF-ES,DEL02-ES,UOP01-DEL02-ES,2025-02-04 08:30:00,2025.0,2.0,8.0,manha,True,0,moderado,BR-101
659206.0,2025-02-04,terca,10:50,ES,101.0,270.7,SERRA,Ultrapassagem Indevida,Colisão lateral mesmo sentido,Com Vítimas Feridas,Pleno dia,Decrescente,Céu Claro,Dupla,Reta,Sim,2.0,0.0,1.0,0.0,0.0,1.0,1.0,2.0,-20.22662056,-40.27075088,SPRF-ES,DEL02-ES,UOP01-DEL02-ES,2025-02-04 10:50:00,2025.0,2.0,10.0,manha,True,0,moderado,BR-101
659357.0,2025-01-08,quarta,20:30,ES,101.0,315.4,VILA VELHA,Pedestre andava na pista,Atropelamento de Pedestre,Com Vítimas Fatais,Plena Noite,Crescente,Chuva,Dupla,Reta;Declive,Não,2.0,1.0,0.0,0.0,0.0,1.0,0.0,2.0,-20.46976694,-40.46795209,SPRF-ES,DEL01-ES,UOP01-DEL01-ES,2025-01-08 20:30:00,2025.0,1.0,20.0,noite,True,1,fatal,BR-101
659594.0,2025-02-06,quinta,13:30,ES,101.0,247.9,SERRA,Demais falhas mecânicas ou elétricas,Incêndio,Sem Vítimas,Pleno dia,Decrescente,Sol,Simples,Curva,Não,1.0,0.0,0.0,0.0,1.0,0.0,0.0,1.0,-20.06746339,-40.37085006,SPRF-ES,DEL02-ES,UOP01-DEL02-ES,2025-02-06 13:30:00,2025.0,2.0,13.0,tarde,True,0,baixo,BR-101
659596.0,2025-02-06,quinta,13:40,ES,101.0,296.9,VIANA,Condutor deixou de manter distância do veículo da frente,Colisão traseira,Com Vítimas Feridas,Pleno dia,Crescente,Céu Claro,Múltipla,Curva,Sim,2.0,0.0,1.0,0.0,1.0,0.0,1.0,2.0,-20.35374444,-40.4156433,SPRF-ES,DEL01-ES,UOP01-DEL01-ES,2025-02-06 13:40:00,2025.0,2.0,13.0,tarde,True,0,moderado,BR-101
659624.0,2025-02-06,quinta,15:29,ES,101.0,297.7,CARIACICA,Condutor deixou de manter distância do veículo da frente,Colisão lateral mesmo sentido,Com Vítimas Feridas,Pleno dia,Crescente,Céu Claro,Dupla,Reta,Sim,3.0,0.0,2.0,0.0,1.0,0.0,2.0,2.0,-20.35100457,-40.41328311,SPRF-ES,DEL01-ES,UOP01-DEL01-ES,2025-02-06 15:29:00,2025.0,2.0,15.0,tarde,True,0,moderado,BR-101
659765.0,2025-01-03,sexta,19:40,ES,101.0,289.6,CARIACICA,Manobra de mudança de faixa,Colisão lateral mesmo sentido,Com Vítimas Feridas,Plena Noite,Decrescente,Nublado,Dupla,Aclive,Sim,2.0,0.0,1.0,0.0,1.0,0.0,1.0,2.0,-20.28029304,-40.39302931,SPRF-ES,DEL01-ES,UOP01-DEL01-ES,2025-01-03 19:40:00,2025.0,1.0,19.0,noite,True,0,moderado,BR-101
659849.0,2025-02-07,sexta,16:30,ES,101.0,266.0,SERRA,Reação tardia ou ineficiente do condutor,Tombamento,Com Vítimas Feridas,Pleno dia,Decrescente,Céu Claro,Dupla,Reta,Sim,2.0,0.0,1.0,0.0,0.0,1.0,1.0,2.0,-20.190199,-40.26828891,SPRF-ES,DEL02-ES,UOP01-DEL02-ES,2025-02-07 16:30:00,2025.0,2.0,16.0,tarde,True,0,moderado,BR-101
659988.0,2025-02-08,sabado,08:10,ES,101.0,277.8,SERRA,Ultrapassagem Indevida,Colisão lateral mesmo sentido,Com Vítimas Feridas,Pleno dia,Crescente,Sol,Dupla,Reta,Não,2.0,0.0,1.0,0.0,1.0,0.0,1.0,2.0,-20.21307738,-40.32125972,SPRF-ES,DEL02-ES,UOP01-DEL02-ES,2025-02-08 08:10:00,2025.0,2.0,8.0,manha,True,0,moderado,BR-101
660083.0,2025-02-08,sabado,15:50,ES,262.0,0.9,CARIACICA,Reação tardia ou ineficiente do condutor,Colisão traseira,Com Vítimas Feridas,Pleno dia,Crescente,Sol,Dupla,Ponte;Reta,Sim,2.0,0.0,1.0,1.0,0.0,0.0,2.0,2.0,-20.320793,-40.353315,SPRF-ES,DEL01-ES,UOP01-DEL01-ES,2025-02-08 15:50:00,2025.0,2.0,15.0,tarde,True,1,grave,BR-262
660260.0,2025-02-09,domingo,12:30,ES,101.0,275.0,SERRA,Reação tardia ou ineficiente do condutor,Queda de ocupante de veículo,Com Vítimas Feridas,Pleno dia,Decrescente,Céu Claro,Dupla,Reta,Não,1.0,0.0,1.0,0.0,0.0,0.0,1.0,1.0,-20.20828089,-40.30388897,SPRF-ES,DEL02-ES,UOP01-DEL02-ES,2025-02-09 12:30:00,2025.0,2.0,12.0,tarde,True,0,moderado,BR-101
660306.0,2025-02-09,domingo,17:00,ES,101.0,350.1,GUARAPARI,Ausência de reação do condutor,Capotamento,Com Vítimas Feridas,Pleno dia,Crescente,Sol,Dupla,Curva,Não,2.0,0.0,2.0,0.0,0.0,0.0,2.0,1.0,-20.665676,-40.655926,SPRF-ES,DEL03-ES,UOP01-DEL03-ES,2025-02-09 17:00:00,2025.0,2.0,17.0,tarde,True,0,moderado,BR-101
660314.0,2025-02-09,domingo,17:30,ES,101.0,260.0,SERRA,Ausência de reação do condutor,Queda de ocupante de veículo,Com Vítimas Feridas,Plena Noite,Crescente,Céu Claro,Simples,Reta,Não,1.0,0.0,1.0,0.0,0.0,0.0,1.0,1.0,-20.14616415,-40.28836206,SPRF-ES,DEL02-ES,UOP01-DEL02-ES,2025-02-09 17:30:00,2025.0,2.0,17.0,tarde,True,0,moderado,BR-101
660332.0,2025-02-09,domingo,18:00,ES,101.0,270.0,SERRA,Conversão proibida,Colisão transversal,Com Vítimas Feridas,Anoitecer,Decrescente,Céu Claro,Múltipla,Reta;Interseção de Vias,Sim,4.0,0.0,1.0,0.0,2.0,1.0,1.0,3.0,-20.22662056,-40.27075088,SPRF-ES,DEL02-ES,UOP01-DEL02-ES,2025-02-09 18:00:00,2025.0,2.0,18.0,noite,True,0,moderado,BR-101
660345.0,2025-02-09,domingo,19:00,ES,101.0,231.0,FUNDAO,Velocidade Incompatível,Colisão traseira,Com Vítimas Feridas,Pleno dia,Decrescente,Céu Claro,Simples,Reta,Não,3.0,0.0,2.0,0.0,0.0,1.0,2.0,2.0,-19.94425773,-40.40662323,SPRF-ES,DEL02-ES,UOP01-DEL02-ES,2025-02-09 19:00:00,2025.0,2.0,19.0,noite,True,0,moderado,BR-101
660504.0,2025-02-10,segunda,12:30,ES,101.0,319.7,VILA VELHA,Demais falhas mecânicas ou elétricas,Tombamento,Com Vítimas Feridas,Pleno dia,Decrescente,Céu Claro,Dupla,Aclive,Não,1.0,0.0,1.0,0.0,0.0,0.0,1.0,1.0,-20.50358302,-40.47483522,SPRF-ES,DEL03-ES,UOP01-DEL03-ES,2025-02-10 12:30:00,2025.0,2.0,12.0,tarde,True,0,moderado,BR-101
660663.0,2025-02-11,terca,08:25,ES,101.0,285.2,CARIACICA,Ausência de reação do condutor,Colisão traseira,Com Vítimas Feridas,Pleno dia,Decrescente,Céu Claro,Dupla,Reta,Sim,2.0,0.0,1.0,0.0,1.0,0.0,1.0,2.0,-20.25148171,-40.37270066,SPRF-ES,DEL01-ES,UOP01-DEL01-ES,2025-02-11 08:25:00,2025.0,2.0,8.0,manha,True,0,moderado,BR-101
660720.0,2025-02-11,terca,14:20,ES,101.0,296.0,CARIACICA,Acumulo de areia ou detritos sobre o pavimento,Queda de ocupante de veículo,Com Vítimas Feridas,Pleno dia,Crescente,Céu Claro,Simples,Reta,Não,1.0,0.0,1.0,0.0,0.0,0.0,1.0,1.0,-20.34029997,-40.40405712,SPRF-ES,DEL01-ES,UOP01-DEL01-ES,2025-02-11 14:20:00,2025.0,2.0,14.0,tarde,True,0,moderado,BR-101
660839.0,2025-02-12,quarta,04:30,ES,101.0,262.2,SERRA,Reação tardia ou ineficiente do condutor,Tombamento,Com Vítimas Feridas,Amanhecer,Decrescente,Céu Claro,Dupla,Reta;Declive,Sim,1.0,0.0,1.0,0.0,0.0,0.0,1.0,1.0,-20.1615273,-40.2752806,SPRF-ES,DEL02-ES,UOP01-DEL02-ES,2025-02-12 04:30:00,2025.0,2.0,4.0,madrugada,True,0,moderado,BR-101
660854.0,2025-02-12,quarta,07:45,ES,101.0,265.0,SERRA,Ausência de reação do condutor,Colisão lateral mesmo sentido,Com Vítimas Feridas,Pleno dia,Crescente,Céu Claro,Dupla,Reta,Não,2.0,0.0,0.0,1.0,1.0,0.0,1.0,2.0,-20.1816849,-40.26536036,SPRF-ES,DEL02-ES,UOP01-DEL02-ES,2025-02-12 07:45:00,2025.0,2.0,7.0,manha,True,1,grave,BR-101
660864.0,2025-02-12,quarta,07:57,ES,101.0,297.0,VIANA,Condutor deixou de manter distância do veículo da frente,Colisão traseira,Com Vítimas Feridas,Pleno dia,Crescente,Céu Claro,Múltipla,Reta,Sim,3.0,0.0,1.0,0.0,2.0,0.0,1.0,3.0,-20.34529844,-40.41026774,SPRF-ES,DEL01-ES,UOP01-DEL01-ES,2025-02-12 07:57:00,2025.0,2.0,7.0,manha,True,0,moderado,BR-101
660877.0,2025-02-12,quarta,09:00,ES,101.0,278.9,SERRA,Condutor Dormindo,Saída de leito carroçável,Com Vítimas Feridas,Pleno dia,Decrescente,Céu Claro,Dupla,Curva;Declive,Não,2.0,0.0,1.0,0.0,1.0,0.0,1.0,1.0,-20.21698365,-40.32974606,SPRF-ES,DEL02-ES,UOP01-DEL02-ES,2025-02-12 09:00:00,2025.0,2.0,9.0,manha,True,0,moderado,BR-101
660959.0,2025-02-12,quarta,15:15,ES,101.0,259.0,SERRA,Velocidade Incompatível,Saída de leito carroçável,Com Vítimas Feridas,Pleno dia,Decrescente,Sol,Simples,Curva;Declive,Sim,2.0,0.0,2.0,0.0,0.0,0.0,2.0,1.0,-20.13930636,-40.29233694,SPRF-ES,DEL02-ES,UOP01-DEL02-ES,2025-02-12 15:15:00,2025.0,2.0,15.0,tarde,True,0,moderado,BR-101
660967.0,2025-02-12,quarta,18:30,ES,101.0,262.0,SERRA,Condutor deixou de manter distância do veículo da frente,Colisão traseira,Com Vítimas Feridas,Plena Noite,Crescente,Nublado,Dupla,Reta,Não,2.0,0.0,0.0,1.0,1.0,0.0,1.0,2.0,-20.1572331,-40.27678329,SPRF-ES,DEL02-ES,UOP01-DEL02-ES,2025-02-12 18:30:00,2025.0,2.0,18.0,noite,True,1,grave,BR-101
661000.0,2025-02-12,quarta,21:40,ES,101.0,269.0,SERRA,Reação tardia ou ineficiente do condutor,Queda de ocupante de veículo,Com Vítimas Feridas,Plena Noite,Crescente,Céu Claro,Dupla,Reta,Sim,1.0,0.0,1.0,0.0,0.0,0.0,1.0,1.0,-20.21740496,-40.26990578,SPRF-ES,DEL02-ES,UOP01-DEL02-ES,2025-02-12 21:40:00,2025.0,2.0,21.0,noite,True,0,moderado,BR-101
661001.0,2025-02-12,quarta,21:35,ES,101.0,270.0,SERRA,Condutor desrespeitou a iluminação vermelha do semáforo,Colisão transversal,Com Vítimas Feridas,Plena Noite,Decrescente,Céu Claro,Dupla,Interseção de Vias,Sim,3.0,0.0,0.0,2.0,0.0,1.0,2.0,2.0,-20.22662056,-40.27075088,SPRF-ES,DEL02-ES,UOP01-DEL02-ES,2025-02-12 21:35:00,2025.0,2.0,21.0,noite,True,1,grave,BR-101
661164.0,2025-02-13,quinta,18:20,ES,101.0,263.0,SERRA,Reação tardia ou ineficiente do condutor,Queda de ocupante de veículo,Com Vítimas Feridas,Anoitecer,Decrescente,Céu Claro,Dupla,Reta,Sim,1.0,0.0,1.0,0.0,0.0,0.0,1.0,1.0,-20.16554736,-40.27301648,SPRF-ES,DEL02-ES,UOP01-DEL02-ES,2025-02-13 18:20:00,2025.0,2.0,18.0,noite,True,0,moderado,BR-101
661230.0,2025-02-14,sexta,07:20,ES,101.0,285.1,CARIACICA,Acessar a via sem observar a presença dos outros veículos,Colisão transversal,Com Vítimas Feridas,Pleno dia,Crescente,Céu Claro,Simples,Retorno Regulamentado,Sim,2.0,0.0,0.0,1.0,1.0,0.0,1.0,2.0,-20.25148171,-40.37270066,SPRF-ES,DEL01-ES,UOP01-DEL01-ES,2025-02-14 07:20:00,2025.0,2.0,7.0,manha,True,1,grave,BR-101
661309.0,2025-02-14,sexta,14:30,ES,101.0,299.7,VIANA,Acessar a via sem observar a presença dos outros veículos,Atropelamento de Pedestre,Com Vítimas Feridas,Pleno dia,Crescente,Céu Claro,Múltipla,Reta,Sim,2.0,0.0,0.0,1.0,1.0,0.0,1.0,2.0,-20.35860628,-40.42327504,SPRF-ES,DEL01-ES,UOP01-DEL01-ES,2025-02-14 14:30:00,2025.0,2.0,14.0,tarde,True,1,grave,BR-101
661329.0,2025-02-14,sexta,15:50,ES,101.0,293.0,CARIACICA,Conversão proibida,Colisão lateral mesmo sentido,Com Vítimas Feridas,Pleno dia,Decrescente,Céu Claro,Dupla,Em Obras;Reta,Sim,3.0,0.0,3.0,0.0,0.0,0.0,3.0,2.0,-20.31413276,-40.39536023,SPRF-ES,DEL01-ES,UOP01-DEL01-ES,2025-02-14 15:50:00,2025.0,2.0,15.0,tarde,True,0,moderado,BR-101
661381.0,2025-02-14,sexta,20:00,ES,101.0,308.0,VIANA,Reação tardia ou ineficiente do condutor,Saída de leito carroçável,Com Vítimas Feridas,Plena Noite,Decrescente,Céu Claro,Dupla,Reta,Não,3.0,0.0,2.0,1.0,0.0,0.0,3.0,1.0,-20.40809191,-40.45835336,SPRF-ES,DEL01-ES,UOP01-DEL01-ES,2025-02-14 20:00:00,2025.0,2.0,20.0,noite,True,1,grave,BR-101
661448.0,2025-02-15,sabado,02:20,ES,101.0,327.3,GUARAPARI,Ausência de reação do condutor,Colisão com objeto,Com Vítimas Feridas,Plena Noite,Decrescente,Céu Claro,Dupla,Reta,Não,1.0,0.0,0.0,1.0,0.0,0.0,1.0,1.0,-20.57231099,-40.48455601,SPRF-ES,DEL03-ES,UOP01-DEL03-ES,2025-02-15 02:20:00,2025.0,2.0,2.0,madrugada,True,1,grave,BR-101
661487.0,2025-02-15,sabado,07:40,ES,101.0,270.5,SERRA,Faixas de trânsito com largura insuficiente,Colisão lateral mesmo sentido,Sem Vítimas,Pleno dia,Crescente,Céu Claro,Simples,Reta,Sim,2.0,0.0,0.0,0.0,2.0,0.0,0.0,2.0,-20.22662056,-40.27075088,SPRF-ES,DEL02-ES,UOP01-DEL02-ES,2025-02-15 07:40:00,2025.0,2.0,7.0,manha,True,0,baixo,BR-101
661549.0,2025-02-15,sabado,14:20,ES,101.0,299.5,VIANA,Desrespeitar a preferência no cruzamento,Colisão transversal,Com Vítimas Feridas,Pleno dia,Crescente,Sol,Múltipla,Interseção de Vias,Sim,2.0,0.0,1.0,0.0,1.0,0.0,1.0,2.0,-20.35860628,-40.42327504,SPRF-ES,DEL01-ES,UOP01-DEL01-ES,2025-02-15 14:20:00,2025.0,2.0,14.0,tarde,True,0,moderado,BR-101
661695.0,2025-02-16,domingo,08:00,ES,101.0,282.0,CARIACICA,Reação tardia ou ineficiente do condutor,Colisão lateral sentido oposto,Com Vítimas Feridas,Pleno dia,Crescente,Céu Claro,Dupla,Retorno Regulamentado,Sim,2.0,0.0,1.0,0.0,0.0,1.0,1.0,2.0,-20.23066465,-40.36692012,SPRF-ES,DEL01-ES,UOP01-DEL01-ES,2025-02-16 08:00:00,2025.0,2.0,8.0,manha,True,0,moderado,BR-101
661731.0,2025-02-16,domingo,11:51,ES,262.0,22.9,VIANA,Velocidade Incompatível,Tombamento,Com Vítimas Feridas,Pleno dia,Crescente,Sol,Simples,Aclive;Curva,Sim,1.0,0.0,1.0,0.0,0.0,0.0,1.0,1.0,-20.37976169,-40.52199585,SPRF-ES,DEL01-ES,UOP01-DEL01-ES,2025-02-16 11:51:00,2025.0,2.0,11.0,manha,True,0,moderado,BR-262
661733.0,2025-02-16,domingo,12:30,ES,101.0,303.5,VIANA,Avarias e/ou desgaste excessivo no pneu,Saída de leito carroçável,Com Vítimas Feridas,Pleno dia,Decrescente,Sol,Dupla,Reta,Sim,3.0,0.0,1.0,0.0,2.0,0.0,1.0,1.0,-20.37695747,-40.44527144,SPRF-ES,DEL01-ES,UOP01-DEL01-ES,2025-02-16 12:30:00,2025.0,2.0,12.0,tarde,True,0,moderado,BR-101
661965.0,2025-02-17,segunda,11:00,ES,101.0,239.5,FUNDAO,Acessar a via sem observar a presença dos outros veículos,Colisão traseira,Com Vítimas Feridas,Pleno dia,Crescente,Sol,Dupla,Reta,Sim,2.0,0.0,1.0,0.0,1.0,0.0,1.0,2.0,-20.00782494,-40.40790907,SPRF-ES,DEL02-ES,UOP01-DEL02-ES,2025-02-17 11:00:00,2025.0,2.0,11.0,manha,True,0,moderado,BR-101
662004.0,2025-02-17,segunda,15:05,ES,101.0,270.0,SERRA,Condutor deixou de manter distância do veículo da frente,Colisão traseira,Com Vítimas Feridas,Pleno dia,Crescente,Céu Claro,Múltipla,Reta,Sim,2.0,0.0,1.0,0.0,1.0,0.0,1.0,2.0,-20.22,-40.27,SPRF-ES,DEL02-ES,UOP01-DEL02-ES,2025-02-17 15:05:00,2025.0,2.0,15.0,tarde,True,0,moderado,BR-101
662128.0,2025-02-10,segunda,13:50,ES,101.0,265.0,SERRA,Ausência de reação do condutor,Colisão com objeto,Com Vítimas Feridas,Pleno dia,Decrescente,Céu Claro,Dupla,Declive,Sim,1.0,0.0,1.0,0.0,0.0,0.0,1.0,1.0,-20.1816849,-40.26536036,SPRF-ES,DEL02-ES,UOP01-DEL02-ES,2025-02-10 13:50:00,2025.0,2.0,13.0,tarde,True,0,moderado,BR-101
662224.0,2025-02-18,terca,17:02,ES,101.0,269.0,SERRA,Ausência de reação do condutor,Colisão traseira,Sem Vítimas,Anoitecer,Decrescente,Céu Claro,Dupla,Reta,Sim,3.0,0.0,0.0,0.0,1.0,2.0,0.0,3.0,-20.21740496,-40.26990578,SPRF-ES,DEL02-ES,UOP01-DEL02-ES,2025-02-18 17:02:00,2025.0,2.0,17.0,tarde,True,0,baixo,BR-101
662379.0,2025-02-19,quarta,15:00,ES,101.0,282.4,CARIACICA,Reação tardia ou ineficiente do condutor,Queda de ocupante de veículo,Com Vítimas Feridas,Pleno dia,Crescente,Céu Claro,Dupla,Reta,Sim,1.0,0.0,1.0,0.0,0.0,0.0,1.0,1.0,-20.22694,-40.36458,SPRF-ES,DEL01-ES,UOP01-DEL01-ES,2025-02-19 15:00:00,2025.0,2.0,15.0,tarde,True,0,moderado,BR-101
662425.0,2025-02-19,quarta,19:00,ES,101.0,269.6,SERRA,Transitar na contramão,Colisão lateral sentido oposto,Com Vítimas Feridas,Plena Noite,Crescente,Céu Claro,Múltipla,Interseção de Vias;Reta,Sim,2.0,0.0,1.0,0.0,1.0,0.0,1.0,2.0,-20.21740496,-40.26990578,SPRF-ES,DEL02-ES,UOP01-DEL02-ES,2025-02-19 19:00:00,2025.0,2.0,19.0,noite,True,0,moderado,BR-101
662526.0,2025-02-20,quinta,07:40,ES,101.0,269.0,SERRA,Ausência de reação do condutor,Colisão lateral mesmo sentido,Com Vítimas Feridas,Pleno dia,Crescente,Sol,Dupla,Reta,Sim,3.0,0.0,1.0,0.0,0.0,2.0,1.0,3.0,-20.21740496,-40.26990578,SPRF-ES,DEL02-ES,UOP01-DEL02-ES,2025-02-20 07:40:00,2025.0,2.0,7.0,manha,True,0,moderado,BR-101
662530.0,2025-02-20,quinta,09:30,ES,101.0,267.0,SERRA,Reação tardia ou ineficiente do condutor,Colisão com objeto,Com Vítimas Feridas,Pleno dia,Decrescente,Céu Claro,Dupla,Reta,Sim,1.0,0.0,1.0,0.0,0.0,0.0,1.0,1.0,-20.19930999,-40.26884609,SPRF-ES,DEL02-ES,UOP01-DEL02-ES,2025-02-20 09:30:00,2025.0,2.0,9.0,manha,True,0,moderado,BR-101
662628.0,2025-02-20,quinta,22:45,ES,262.0,14.0,VIANA,Acumulo de areia ou detritos sobre o pavimento,Queda de ocupante de veículo,Com Vítimas Feridas,Plena Noite,Crescente,Céu Claro,Simples,Reta,Não,2.0,0.0,2.0,0.0,0.0,0.0,2.0,1.0,-20.37037726,-40.46264648,SPRF-ES,DEL01-ES,UOP01-DEL01-ES,2025-02-20 22:45:00,2025.0,2.0,22.0,noite,True,0,moderado,BR-262
662710.0,2025-02-21,sexta,13:06,ES,101.0,286.8,CARIACICA,Reação tardia ou ineficiente do condutor,Queda de ocupante de veículo,Com Vítimas Feridas,Pleno dia,Decrescente,Céu Claro,Dupla,Reta,Sim,1.0,0.0,0.0,1.0,0.0,0.0,1.0,1.0,-20.2649997,-40.38474977,SPRF-ES,DEL01-ES,UOP01-DEL01-ES,2025-02-21 13:06:00,2025.0,2.0,13.0,tarde,True,1,grave,BR-101
662714.0,2025-02-21,sexta,13:45,ES,101.0,327.0,GUARAPARI,Ausência de reação do condutor,Colisão com objeto,Com Vítimas Feridas,Pleno dia,Decrescente,Céu Claro,Dupla,Reta,Não,1.0,0.0,1.0,0.0,0.0,0.0,1.0,1.0,-20.53282676,-40.48427582,SPRF-ES,DEL03-ES,UOP01-DEL03-ES,2025-02-21 13:45:00,2025.0,2.0,13.0,tarde,True,0,moderado,BR-101
662765.0,2025-02-21,sexta,18:00,ES,101.0,279.2,SERRA,Demais falhas mecânicas ou elétricas,Colisão lateral mesmo sentido,Com Vítimas Feridas,Anoitecer,Decrescente,Céu Claro,Dupla,Reta,Não,2.0,0.0,1.0,0.0,1.0,0.0,1.0,2.0,-20.21834819,-40.33939362,SPRF-ES,DEL02-ES,UOP01-DEL02-ES,2025-02-21 18:00:00,2025.0,2.0,18.0,noite,True,0,moderado,BR-101
662882.0,2025-02-22,sabado,09:05,ES,101.0,266.7,SERRA,Manobra de mudança de faixa,Tombamento,Com Vítimas Feridas,Pleno dia,Decrescente,Céu Claro,Dupla,Reta,Sim,1.0,0.0,0.0,1.0,0.0,0.0,1.0,1.0,-20.19446565,-40.26849747,SPRF-ES,DEL02-ES,UOP01-DEL02-ES,2025-02-22 09:05:00,2025.0,2.0,9.0,manha,True,1,grave,BR-101
662997.0,2025-02-22,sabado,19:44,ES,101.0,253.0,SERRA,Acessar a via sem observar a presença dos outros veículos,Colisão frontal,Sem Vítimas,Plena Noite,Crescente,Ignorado,Simples,Reta,Não,2.0,0.0,0.0,0.0,2.0,0.0,0.0,2.0,-20.10449153,-40.33268452,SPRF-ES,DEL02-ES,UOP01-DEL02-ES,2025-02-22 19:44:00,2025.0,2.0,19.0,noite,True,0,baixo,BR-101
663000.0,2025-02-22,sabado,20:12,ES,101.0,261.2,SERRA,Retorno proibido,Colisão transversal,Com Vítimas Feridas,Plena Noite,Decrescente,Céu Claro,Dupla,Reta,Sim,2.0,0.0,0.0,1.0,1.0,0.0,1.0,2.0,-20.15022357,-40.27900749,SPRF-ES,DEL02-ES,UOP01-DEL02-ES,2025-02-22 20:12:00,2025.0,2.0,20.0,noite,True,1,grave,BR-101
663005.0,2025-02-22,sabado,19:40,ES,101.0,296.0,CARIACICA,Reação tardia ou ineficiente do condutor,Colisão traseira,Sem Vítimas,Plena Noite,Decrescente,Nublado,Múltipla,Reta,Sim,4.0,0.0,0.0,0.0,4.0,0.0,0.0,4.0,-20.34374309,-40.40738298,SPRF-ES,DEL01-ES,UOP01-DEL01-ES,2025-02-22 19:40:00,2025.0,2.0,19.0,noite,True,0,baixo,BR-101
663007.0,2025-02-22,sabado,20:36,ES,101.0,256.0,SERRA,Velocidade Incompatível,Colisão transversal,Com Vítimas Feridas,Plena Noite,Decrescente,Céu Claro,Simples,Declive;Reta,Sim,2.0,0.0,0.0,1.0,1.0,0.0,1.0,2.0,-20.12205432,-40.30606227,SPRF-ES,DEL02-ES,UOP01-DEL02-ES,2025-02-22 20:36:00,2025.0,2.0,20.0,noite,True,1,grave,BR-101
663060.0,2025-02-23,domingo,01:30,ES,101.0,262.3,SERRA,Manobra de mudança de faixa,Tombamento,Com Vítimas Feridas,Plena Noite,Crescente,Céu Claro,Dupla,Reta,Sim,1.0,0.0,0.0,1.0,0.0,0.0,1.0,1.0,-20.17287558,-40.26772499,SPRF-ES,DEL02-ES,UOP01-DEL02-ES,2025-02-23 01:30:00,2025.0,2.0,1.0,madrugada,True,1,grave,BR-101
663164.0,2025-02-23,domingo,13:50,ES,101.0,270.5,SERRA,Reação tardia ou ineficiente do condutor,Colisão transversal,Com Vítimas Feridas,Pleno dia,Decrescente,Céu Claro,Dupla,Interseção de Vias,Sim,3.0,0.0,2.0,0.0,1.0,0.0,2.0,2.0,-20.230717,-40.273077,SPRF-ES,DEL02-ES,UOP01-DEL02-ES,2025-02-23 13:50:00,2025.0,2.0,13.0,tarde,True,0,moderado,BR-101
663333.0,2025-02-24,segunda,07:20,ES,101.0,275.1,SERRA,Demais falhas mecânicas ou elétricas,Queda de ocupante de veículo,Com Vítimas Feridas,Pleno dia,Decrescente,Nublado,Dupla,Reta,Não,2.0,0.0,1.0,0.0,1.0,0.0,1.0,1.0,-20.207886,-40.3059966,SPRF-ES,DEL02-ES,UOP01-DEL02-ES,2025-02-24 07:20:00,2025.0,2.0,7.0,manha,True,0,moderado,BR-101
663336.0,2025-02-24,segunda,08:00,ES,101.0,297.0,VIANA,Chuva,Queda de ocupante de veículo,Com Vítimas Feridas,Pleno dia,Decrescente,Céu Claro,Dupla,Reta,Não,1.0,0.0,1.0,0.0,0.0,0.0,1.0,1.0,-20.35066256,-40.4129076,SPRF-ES,DEL01-ES,UOP01-DEL01-ES,2025-02-24 08:00:00,2025.0,2.0,8.0,manha,True,0,moderado,BR-101