id,data,dia_semana,hora,uf,rodovia,km,municipio,causa,tipo_acidente,classificacao,fase_dia,sentido_via,condicao_metereologica,tipo_pista,tracado_via,uso_solo,pessoas,mortos,feridos_leves,feridos_graves,ilesos,ignorados,feridos,veiculos,latitude,longitude,regional,delegacia,uop,data_hora,ano,mes,hora_dia,periodo_dia,regiao_grande_vitoria,risco_alto,nivel_risco,rodovia_label
663407.0,2025-02-24,segunda,13:15,ES,101.0,290.0,CARIACICA,Ausência de reação do condutor,Colisão com objeto,Com Vítimas Feridas,Pleno dia,Crescente,Céu Claro,Múltipla,Reta,Não,1.0,0.0,0.0,1.0,0.0,0.0,1.0,1.0,-20.31934019,-40.39518356,SPRF-ES,DEL01-ES,UOP01-DEL01-ES,2025-02-24 13:15:00,2025.0,2.0,13.0,tarde,True,1,grave,BR-101
663765.0,2025-02-26,quarta,08:50,ES,101.0,335.0,GUARAPARI,Acumulo de óleo sobre o pavimento,Tombamento,Com Vítimas Feridas,Pleno dia,Decrescente,Sol,Simples,Aclive;Viaduto;Curva,Não,1.0,0.0,1.0,0.0,0.0,0.0,1.0,1.0,-20.52434115,-40.47863781,SPRF-ES,DEL03-ES,UOP01-DEL03-ES,2025-02-26 08:50:00,2025.0,2.0,8.0,manha,True,0,moderado,BR-101
663790.0,2025-02-26,quarta,09:30,ES,262.0,0.9,CARIACICA,Ausência de reação do condutor,Colisão com objeto,Com Vítimas Feridas,Pleno dia,Crescente,Céu Claro,Dupla,Reta,Não,1.0,0.0,0.0,1.0,0.0,0.0,1.0,1.0,-20.33023865,-40.35482168,SPRF-ES,DEL01-ES,UOP01-DEL01-ES,2025-02-26 09:30:00,2025.0,2.0,9.0,manha,True,1,grave,BR-262
663854.0,2025-02-26,quarta,16:20,ES,101.0,236.9,FUNDAO,Ultrapassagem Indevida,Colisão lateral sentido oposto,Com Vítimas Feridas,Pleno dia,Decrescente,Céu Claro,Simples,Reta,Não,3.0,0.0,1.0,0.0,2.0,0.0,1.0,2.0,-20.01252593,-40.40576443,SPRF-ES,DEL02-ES,UOP01-DEL02-ES,2025-02-26 16:20:00,2025.0,2.0,16.0,tarde,True,0,moderado,BR-101
663859.0,2025-02-26,quarta,17:30,ES,101.0,288.9,CARIACICA,Desrespeitar a preferência no cruzamento,Colisão transversal,Com Vítimas Feridas,Pleno dia,Decrescente,Céu Claro,Dupla,Reta;Retorno Regulamentado,Sim,2.0,0.0,0.0,1.0,1.0,0.0,1.0,2.0,-20.27905829,-40.39274454,SPRF-ES,DEL01-ES,UOP01-DEL01-ES,2025-02-26 17:30:00,2025.0,2.0,17.0,tarde,True,1,grave,BR-101
663948.0,2025-02-27,quinta,06:40,ES,101.0,290.7,CARIACICA,Trafegar com motocicleta (ou similar) entre as faixas,Tombamento,Com Vítimas Feridas,Pleno dia,Crescente,Céu Claro,Dupla,Retorno Regulamentado;Interseção de Vias;Reta,Sim,1.0,0.0,1.0,0.0,0.0,0.0,1.0,1.0,-20.29380473,-40.39307205,SPRF-ES,DEL01-ES,UOP01-DEL01-ES,2025-02-27 06:40:00,2025.0,2.0,6.0,manha,True,0,moderado,BR-101
663973.0,2025-02-27,quinta,09:00,ES,101.0,262.1,SERRA,Reação tardia ou ineficiente do condutor,Engavetamento,Com Vítimas Feridas,Pleno dia,Decrescente,Sol,Dupla,Retorno Regulamentado;Aclive;Reta,Sim,3.0,0.0,1.0,0.0,2.0,0.0,1.0,3.0,-20.1596343,-40.2759383,SPRF-ES,DEL02-ES,UOP01-DEL02-ES,2025-02-27 09:00:00,2025.0,2.0,9.0,manha,True,0,moderado,BR-101
664009.0,2025-02-27,quinta,12:50,ES,101.0,260.4,SERRA,Reação tardia ou ineficiente do condutor,Tombamento,Com Vítimas Feridas,Pleno dia,Decrescente,Céu Claro,Simples,Curva,Não,2.0,0.0,2.0,0.0,0.0,0.0,2.0,1.0,-20.1464183,-40.2823853,SPRF-ES,DEL02-ES,UOP01-DEL02-ES,2025-02-27 12:50:00,2025.0,2.0,12.0,tarde,True,0,moderado,BR-101
664010.0,2025-02-27,quinta,13:00,ES,101.0,266.0,SERRA,Ausência de reação do condutor,Colisão traseira,Com Vítimas Feridas,Pleno dia,Crescente,Céu Claro,Dupla,Reta,Sim,2.0,0.0,0.0,1.0,1.0,0.0,1.0,2.0,-20.195578,-40.268852,SPRF-ES,DEL02-ES,UOP01-DEL02-ES,2025-02-27 13:00:00,2025.0,2.0,13.0,tarde,True,1,grave,BR-101
664181.0,2025-02-28,sexta,09:30,ES,101.0,2.0,SERRA,Chuva,Saída de leito carroçável,Sem Vítimas,Pleno dia,Crescente,Garoa/Chuvisco,Dupla,Reta,Não,2.0,0.0,0.0,0.0,2.0,0.0,0.0,1.0,-20.0488573,-40.3866917,SPRF-ES,DEL04-ES,UOP02-DEL04-ES,2025-02-28 09:30:00,2025.0,2.0,9.0,manha,True,0,baixo,BR-101
664243.0,2025-02-28,sexta,14:50,ES,101.0,269.0,SERRA,Trafegar com motocicleta (ou similar) entre as faixas,Colisão lateral mesmo sentido,Com Vítimas Feridas,Pleno dia,Decrescente,Céu Claro,Dupla,Reta,Sim,2.0,0.0,1.0,0.0,1.0,0.0,1.0,2.0,-20.0488766,-40.3867382,SPRF-ES,DEL02-ES,UOP01-DEL02-ES,2025-02-28 14:50:00,2025.0,2.0,14.0,tarde,True,0,moderado,BR-101
664413.0,2025-03-01,sabado,06:00,ES,101.0,249.7,SERRA,Ausência de reação do condutor,Colisão frontal,Com Vítimas Feridas,Amanhecer,Crescente,Nublado,Simples,Reta,Sim,5.0,0.0,0.0,2.0,3.0,0.0,2.0,3.0,-20.0783513,-40.3514725,SPRF-ES,DEL02-ES,UOP01-DEL02-ES,2025-03-01 06:00:00,2025.0,3.0,6.0,manha,True,1,grave,BR-101
664525.0,2025-02-05,quarta,15:50,ES,101.0,263.0,SERRA,Manobra de mudança de faixa,Colisão lateral mesmo sentido,Com Vítimas Feridas,Pleno dia,Crescente,Céu Claro,Dupla,Reta,Sim,2.0,0.0,1.0,0.0,1.0,0.0,1.0,2.0,-20.16554736,-40.27301648,SPRF-ES,DEL02-ES,UOP01-DEL02-ES,2025-02-05 15:50:00,2025.0,2.0,15.0,tarde,True,0,moderado,BR-101
664828.0,2025-01-05,domingo,20:30,ES,101.0,258.8,SERRA,Pista Escorregadia,Capotamento,Com Vítimas Feridas,Pleno dia,Crescente,Chuva,Dupla,Reta,Sim,1.0,0.0,1.0,0.0,0.0,0.0,1.0,1.0,-20.13847031,-40.29231548,SPRF-ES,DEL02-ES,UOP01-DEL02-ES,2025-01-05 20:30:00,2025.0,1.0,20.0,noite,True,0,moderado,BR-101
664835.0,2025-01-06,segunda,05:50,ES,101.0,281.0,SERRA,Ausência de reação do condutor,Colisão lateral mesmo sentido,Com Vítimas Feridas,Amanhecer,Decrescente,Céu Claro,Dupla,Viaduto,Não,2.0,0.0,0.0,1.0,0.0,1.0,1.0,2.0,-20.22112792,-40.35720552,SPRF-ES,DEL02-ES,UOP01-DEL02-ES,2025-01-06 05:50:00,2025.0,1.0,5.0,madrugada,True,1,grave,BR-101
664952.0,2025-01-15,quarta,12:10,ES,101.0,259.0,SERRA,Ausência de reação do condutor,Colisão com objeto,Com Vítimas Fatais,Pleno dia,Crescente,Nublado,Simples,Declive;Reta,Não,1.0,1.0,0.0,0.0,0.0,0.0,0.0,1.0,-20.138397,-40.292213,SPRF-ES,DEL02-ES,UOP01-DEL02-ES,2025-01-15 12:10:00,2025.0,1.0,12.0,tarde,True,1,fatal,BR-101
665103.0,2025-03-04,terca,11:00,ES,101.0,278.9,SERRA,Ausência de reação do condutor,Saída de leito carroçável,Com Vítimas Feridas,Pleno dia,Crescente,Chuva,Simples,Curva;Aclive;Viaduto,Não,2.0,0.0,2.0,0.0,0.0,0.0,2.0,1.0,-20.21726296,-40.33709049,SPRF-ES,DEL02-ES,UOP01-DEL02-ES,2025-03-04 11:00:00,2025.0,3.0,11.0,manha,True,0,moderado,BR-101
665148.0,2025-03-04,terca,16:18,ES,101.0,269.0,FUNDAO,Condutor desrespeitou a iluminação vermelha do semáforo,Colisão transversal,Com Vítimas Feridas,Pleno dia,Decrescente,Garoa/Chuvisco,Dupla,Reta,Sim,3.0,0.0,0.0,1.0,2.0,0.0,1.0,2.0,-20.0245248,-40.1965056,SPRF-ES,DEL02-ES,UOP01-DEL02-ES,2025-03-04 16:18:00,2025.0,3.0,16.0,tarde,True,1,grave,BR-101
665264.0,2025-03-05,quarta,08:00,ES,101.0,293.0,CARIACICA,Frear bruscamente,Tombamento,Com Vítimas Feridas,Pleno dia,Decrescente,Céu Claro,Dupla,Aclive;Reta,Sim,1.0,0.0,1.0,0.0,0.0,0.0,1.0,1.0,-20.31608634,-40.39554259,SPRF-ES,DEL01-ES,UOP01-DEL01-ES,2025-03-05 08:00:00,2025.0,3.0,8.0,manha,True,0,moderado,BR-101
665442.0,2025-03-06,quinta,07:42,ES,101.0,276.0,SERRA,Animais na Pista,Colisão frontal,Com Vítimas Feridas,Pleno dia,Decrescente,Céu Claro,Dupla,Reta,Não,2.0,0.0,2.0,0.0,0.0,0.0,2.0,2.0,-20.2091426,-40.3077458,SPRF-ES,DEL02-ES,UOP01-DEL02-ES,2025-03-06 07:42:00,2025.0,3.0,7.0,manha,True,0,moderado,BR-101
665460.0,2025-03-06,quinta,08:59,ES,101.0,267.8,SERRA,Trafegar com motocicleta (ou similar) entre as faixas,Colisão lateral mesmo sentido,Com Vítimas Feridas,Pleno dia,Crescente,Céu Claro,Múltipla,Reta,Sim,2.0,0.0,0.0,1.0,1.0,0.0,1.0,2.0,-20.048846,-40.386408,SPRF-ES,DEL02-ES,UOP01-DEL02-ES,2025-03-06 08:59:00,2025.0,3.0,8.0,manha,True,1,grave,BR-101
665467.0,2025-03-06,quinta,08:00,ES,101.0,268.7,SERRA,Manobra de mudança de faixa,Colisão lateral mesmo sentido,Com Vítimas Feridas,Pleno dia,Crescente,Céu Claro,Múltipla,Reta,Não,2.0,0.0,1.0,0.0,1.0,0.0,1.0,2.0,-20.21026189,-40.26943177,SPRF-ES,DEL02-ES,UOP01-DEL02-ES,2025-03-06 08:00:00,2025.0,3.0,8.0,manha,True,0,moderado,BR-101
665503.0,2025-03-06,quinta,12:27,ES,262.0,19.0,VIANA,Acesso irregular,Colisão transversal,Com Vítimas Feridas,Pleno dia,Crescente,Céu Claro,Simples,Reta,Sim,2.0,0.0,0.0,1.0,1.0,0.0,1.0,2.0,-20.39245272,-40.48893213,SPRF-ES,DEL01-ES,UOP01-DEL01-ES,2025-03-06 12:27:00,2025.0,3.0,12.0,tarde,True,1,grave,BR-262
665545.0,2025-03-06,quinta,16:40,ES,101.0,260.0,SERRA,Manobra de mudança de faixa,Tombamento,Com Vítimas Feridas,Pleno dia,Decrescente,Céu Claro,Dupla,Aclive;Reta,Sim,1.0,0.0,1.0,0.0,0.0,0.0,1.0,1.0,-20.14643123,-40.28737982,SPRF-ES,DEL02-ES,UOP01-DEL02-ES,2025-03-06 16:40:00,2025.0,3.0,16.0,tarde,True,0,moderado,BR-101
665775.0,2025-03-07,sexta,17:20,ES,101.0,296.9,CARIACICA,Avarias e/ou desgaste excessivo no pneu,Tombamento,Com Vítimas Feridas,Pleno dia,Decrescente,Céu Claro,Dupla,Reta,Sim,2.0,0.0,2.0,0.0,0.0,0.0,2.0,1.0,-20.344795,-40.409725,SPRF-ES,DEL01-ES,UOP01-DEL01-ES,2025-03-07 17:20:00,2025.0,3.0,17.0,tarde,True,0,moderado,BR-101
665817.0,2025-03-07,sexta,20:41,ES,101.0,291.7,CARIACICA,Frear bruscamente,Colisão traseira,Com Vítimas Feridas,Plena Noite,Decrescente,Céu Claro,Dupla,Reta,Não,2.0,0.0,1.0,0.0,0.0,1.0,1.0,2.0,-20.3048807,-40.39483925,SPRF-ES,DEL01-ES,UOP01-DEL01-ES,2025-03-07 20:41:00,2025.0,3.0,20.0,noite,True,0,moderado,BR-101
665906.0,2025-03-08,sabado,09:04,ES,101.0,269.0,SERRA,Condutor desrespeitou a iluminação vermelha do semáforo,Colisão transversal,Com Vítimas Feridas,Pleno dia,Crescente,Nublado,Simples,Reta,Não,3.0,0.0,0.0,1.0,2.0,0.0,1.0,2.0,-20.054016,-40.3800064,SPRF-ES,DEL02-ES,UOP01-DEL02-ES,2025-03-08 09:04:00,2025.0,3.0,9.0,manha,True,1,grave,BR-101
665972.0,2025-03-08,sabado,16:15,ES,101.0,288.0,CARIACICA,Demais falhas mecânicas ou elétricas,Incêndio,Sem Vítimas,Pleno dia,Crescente,Céu Claro,Dupla,Reta,Sim,1.0,0.0,0.0,0.0,1.0,0.0,0.0,1.0,-20.27631767,-40.39238821,SPRF-ES,DEL01-ES,UOP01-DEL01-ES,2025-03-08 16:15:00,2025.0,3.0,16.0,tarde,True,0,baixo,BR-101
665982.0,2025-03-08,sabado,17:15,ES,101.0,314.0,VILA VELHA,Reação tardia ou ineficiente do condutor,Queda de ocupante de veículo,Com Vítimas Feridas,Pleno dia,Decrescente,Céu Claro,Dupla,Reta,Não,1.0,0.0,1.0,0.0,0.0,0.0,1.0,1.0,-20.4625531,-40.4651956,SPRF-ES,DEL01-ES,UOP01-DEL01-ES,2025-03-08 17:15:00,2025.0,3.0,17.0,tarde,True,0,moderado,BR-101
666128.0,2025-03-09,domingo,10:45,ES,101.0,288.2,CARIACICA,Reação tardia ou ineficiente do condutor,Tombamento,Com Vítimas Feridas,Pleno dia,Decrescente,Céu Claro,Dupla,Reta,Sim,2.0,0.0,2.0,0.0,0.0,0.0,2.0,1.0,-20.27436921,-40.39206851,SPRF-ES,DEL01-ES,UOP01-DEL01-ES,2025-03-09 10:45:00,2025.0,3.0,10.0,manha,True,0,moderado,BR-101
666165.0,2025-03-09,domingo,14:45,ES,101.0,270.0,SERRA,Desrespeitar a preferência no cruzamento,Colisão transversal,Com Vítimas Feridas,Pleno dia,Decrescente,Céu Claro,Dupla,Interseção de Vias,Sim,2.0,0.0,0.0,1.0,1.0,0.0,1.0,2.0,-20.22207531,-40.27021162,SPRF-ES,DEL02-ES,UOP01-DEL02-ES,2025-03-09 14:45:00,2025.0,3.0,14.0,tarde,True,1,grave,BR-101
666175.0,2025-03-09,domingo,17:15,ES,101.0,265.5,SERRA,Manobra de mudança de faixa,Colisão lateral mesmo sentido,Com Vítimas Feridas,Anoitecer,Decrescente,Céu Claro,Dupla,Reta,Sim,4.0,0.0,1.0,0.0,1.0,2.0,1.0,3.0,-20.188112,-40.268147,SPRF-ES,DEL02-ES,UOP01-DEL02-ES,2025-03-09 17:15:00,2025.0,3.0,17.0,tarde,True,0,moderado,BR-101
666257.0,2025-03-09,domingo,21:55,ES,101.0,308.2,VIANA,Acessar a via sem observar a presença dos outros veículos,Atropelamento de Pedestre,Com Vítimas Feridas,Plena Noite,Crescente,Céu Claro,Múltipla,Reta,Sim,3.0,0.0,0.0,1.0,0.0,2.0,1.0,2.0,-20.4194822,-40.4578394,SPRF-ES,DEL01-ES,UOP01-DEL01-ES,2025-03-09 21:55:00,2025.0,3.0,21.0,noite,True,1,grave,BR-101
666313.0,2025-03-10,segunda,07:30,ES,101.0,263.9,SERRA,Retorno proibido,Colisão traseira,Com Vítimas Feridas,Pleno dia,Crescente,Sol,Dupla,Aclive;Interseção de Vias;Reta,Sim,3.0,0.0,1.0,1.0,0.0,1.0,2.0,2.0,-20.17318412,-40.26727312,SPRF-ES,DEL02-ES,UOP01-DEL02-ES,2025-03-10 07:30:00,2025.0,3.0,7.0,manha,True,1,grave,BR-101
666639.0,2025-03-11,terca,18:57,ES,101.0,270.0,SERRA,Reação tardia ou ineficiente do condutor,Colisão lateral mesmo sentido,Com Vítimas Feridas,Plena Noite,Decrescente,Céu Claro,Múltipla,Reta,Sim,2.0,0.0,1.0,0.0,1.0,0.0,1.0,2.0,-20.230644,-40.273011,SPRF-ES,DEL02-ES,UOP01-DEL02-ES,2025-03-11 18:57:00,2025.0,3.0,18.0,noite,True,0,moderado,BR-101
666660.0,2025-03-11,terca,22:40,ES,101.0,273.4,SERRA,Transitar na contramão,Colisão frontal,Com Vítimas Feridas,Plena Noite,Decrescente,Céu Claro,Múltipla,Reta;Declive,Não,2.0,0.0,0.0,1.0,0.0,1.0,1.0,2.0,-20.21683,-40.29342,SPRF-ES,DEL02-ES,UOP01-DEL02-ES,2025-03-11 22:40:00,2025.0,3.0,22.0,noite,True,1,grave,BR-101
666687.0,2025-03-12,quarta,07:14,ES,447.0,14.0,VILA VELHA,Falta de acostamento,Colisão lateral mesmo sentido,Com Vítimas Fatais,Pleno dia,Decrescente,Céu Claro,Dupla,Reta,Sim,2.0,1.0,0.0,0.0,1.0,0.0,0.0,2.0,-20.3520306,-40.33355713,SPRF-ES,DEL01-ES,UOP01-DEL01-ES,2025-03-12 07:14:00,2025.0,3.0,7.0,manha,True,1,fatal,BR-447
666750.0,2025-03-12,quarta,12:41,ES,101.0,297.0,CARIACICA,Ausência de reação do condutor,Tombamento,Com Vítimas Feridas,Pleno dia,Crescente,Céu Claro,Dupla,Reta,Sim,1.0,0.0,1.0,0.0,0.0,0.0,1.0,1.0,-20.348363,-40.411917,SPRF-ES,DEL01-ES,UOP01-DEL01-ES,2025-03-12 12:41:00,2025.0,3.0,12.0,tarde,True,0,moderado,BR-101
666937.0,2025-03-13,quinta,11:35,ES,262.0,30.5,VIANA,Manobra de mudança de faixa,Colisão lateral mesmo sentido,Com Vítimas Feridas,Pleno dia,Crescente,Céu Claro,Dupla,Curva,Não,3.0,0.0,1.0,0.0,2.0,0.0,1.0,3.0,-20.37925261,-40.53523242,SPRF-ES,DEL01-ES,UOP01-DEL01-ES,2025-03-13 11:35:00,2025.0,3.0,11.0,manha,True,0,moderado,BR-262
666996.0,2025-03-13,quinta,17:40,ES,101.0,211.2,SERRA,Desrespeitar a preferência no cruzamento,Colisão frontal,Com Vítimas Feridas,Anoitecer,Crescente,Nublado,Simples,Reta,Sim,2.0,0.0,0.0,1.0,1.0,0.0,1.0,2.0,-20.0488509,-40.3866993,SPRF-ES,DEL02-ES,UOP01-DEL02-ES,2025-03-13 17:40:00,2025.0,3.0,17.0,tarde,True,1,grave,BR-101
667027.0,2025-03-13,quinta,19:41,ES,101.0,266.0,SERRA,Entrada inopinada do pedestre,Atropelamento de Pedestre,Com Vítimas Feridas,Plena Noite,Crescente,Céu Claro,Dupla,Reta,Sim,3.0,0.0,1.0,0.0,2.0,0.0,1.0,3.0,-20.1969,-40.2684,SPRF-ES,DEL02-ES,UOP01-DEL02-ES,2025-03-13 19:41:00,2025.0,3.0,19.0,noite,True,0,moderado,BR-101
667047.0,2025-03-13,quinta,19:15,ES,101.0,293.9,CARIACICA,Condutor deixou de manter distância do veículo da frente,Colisão lateral mesmo sentido,Com Vítimas Feridas,Pleno dia,Crescente,Céu Claro,Dupla,Reta;Viaduto,Sim,3.0,0.0,2.0,0.0,1.0,0.0,2.0,2.0,-20.322713,-40.39506245,SPRF-ES,DEL01-ES,UOP01-DEL01-ES,2025-03-13 19:15:00,2025.0,3.0,19.0,noite,True,0,moderado,BR-101
667107.0,2025-03-14,sexta,07:05,ES,101.0,233.0,FUNDAO,Manobra de mudança de faixa,Tombamento,Com Vítimas Feridas,Pleno dia,Decrescente,Céu Claro,Simples,Reta,Não,1.0,0.0,1.0,0.0,0.0,0.0,1.0,1.0,-19.95006878,-40.40934324,SPRF-ES,DEL02-ES,UOP01-DEL02-ES,2025-03-14 07:05:00,2025.0,3.0,7.0,manha,True,0,moderado,BR-101
667111.0,2025-03-14,sexta,07:20,ES,101.0,279.3,SERRA,Condutor deixou de manter distância do veículo da frente,Colisão traseira,Com Vítimas Feridas,Pleno dia,Decrescente,Céu Claro,Múltipla,Reta,Não,3.0,0.0,2.0,0.0,1.0,0.0,2.0,2.0,-20.21823157,-40.3393887,SPRF-ES,DEL02-ES,UOP01-DEL02-ES,2025-03-14 07:20:00,2025.0,3.0,7.0,manha,True,0,moderado,BR-101
667146.0,2025-03-14,sexta,09:56,ES,101.0,285.0,CARIACICA,Pedestre cruzava a pista fora da faixa,Atropelamento de Pedestre,Com Vítimas Feridas,Pleno dia,Decrescente,Céu Claro,Múltipla,Aclive;Reta,Sim,2.0,0.0,1.0,1.0,0.0,0.0,2.0,2.0,-20.31527463,-40.395509,SPRF-ES,DEL01-ES,UOP01-DEL01-ES,2025-03-14 09:56:00,2025.0,3.0,9.0,manha,True,1,grave,BR-101
667157.0,2025-03-14,sexta,10:40,ES,101.0,290.5,CARIACICA,Acessar a via sem observar a presença dos outros veículos,Colisão transversal,Com Vítimas Feridas,Pleno dia,Crescente,Céu Claro,Dupla,Reta,Sim,3.0,0.0,0.0,2.0,1.0,0.0,2.0,2.0,-20.29389209,-40.39285994,SPRF-ES,DEL01-ES,UOP01-DEL01-ES,2025-03-14 10:40:00,2025.0,3.0,10.0,manha,True,1,grave,BR-101
667205.0,2025-03-14,sexta,15:13,ES,101.0,278.2,SERRA,Manobra de mudança de faixa,Tombamento,Com Vítimas Feridas,Pleno dia,Crescente,Céu Claro,Simples,Interseção de Vias,Sim,1.0,0.0,0.0,1.0,0.0,0.0,1.0,1.0,-20.054016,-40.3800064,SPRF-ES,DEL02-ES,UOP01-DEL02-ES,2025-03-14 15:13:00,2025.0,3.0,15.0,tarde,True,1,grave,BR-101
667260.0,2025-03-14,sexta,19:34,ES,101.0,269.0,SERRA,Acessar a via sem observar a presença dos outros veículos,Colisão transversal,Com Vítimas Feridas,Plena Noite,Crescente,Nublado,Múltipla,Reta;Interseção de Vias,Sim,2.0,0.0,1.0,0.0,1.0,0.0,1.0,2.0,-20.20620719,-40.26934736,SPRF-ES,DEL02-ES,UOP01-DEL02-ES,2025-03-14 19:34:00,2025.0,3.0,19.0,noite,True,0,moderado,BR-101
667271.0,2025-03-14,sexta,20:57,ES,101.0,262.0,SERRA,Reação tardia ou ineficiente do condutor,Tombamento,Com Vítimas Feridas,Plena Noite,Crescente,Céu Claro,Simples,Reta,Não,1.0,0.0,1.0,0.0,0.0,0.0,1.0,1.0,-20.15744099,-40.27716398,SPRF-ES,DEL02-ES,UOP01-DEL02-ES,2025-03-14 20:57:00,2025.0,3.0,20.0,noite,True,0,moderado,BR-101
667515.0,2025-03-15,sabado,23:26,ES,101.0,300.2,VIANA,Condutor Dormindo,Capotamento,Com Vítimas Feridas,Plena Noite,Decrescente,Céu Claro,Dupla,Reta,Sim,1.0,0.0,1.0,0.0,0.0,0.0,1.0,1.0,-20.359502,-40.433562,SPRF-ES,DEL01-ES,UOP01-DEL01-ES,2025-03-15 23:26:00,2025.0,3.0,23.0,noite,True,0,moderado,BR-101
667552.0,2025-03-16,domingo,06:30,ES,101.0,243.0,SERRA,Ultrapassagem Indevida,Colisão lateral mesmo sentido,Com Vítimas Feridas,Pleno dia,Decrescente,Céu Claro,Simples,Reta,Não,2.0,0.0,1.0,0.0,0.0,1.0,1.0,2.0,-20.0488468,-40.3867006,SPRF-ES,DEL02-ES,UOP01-DEL02-ES,2025-03-16 06:30:00,2025.0,3.0,6.0,manha,True,0,moderado,BR-101
667578.0,2025-03-16,domingo,09:56,ES,101.0,308.0,VIANA,Avarias e/ou desgaste excessivo no pneu,Queda de ocupante de veículo,Com Vítimas Feridas,Pleno dia,Crescente,Céu Claro,Dupla,Reta,Não,2.0,0.0,1.0,1.0,0.0,0.0,2.0,1.0,-20.414173,-40.459802,SPRF-ES,DEL01-ES,UOP01-DEL01-ES,2025-03-16 09:56:00,2025.0,3.0,9.0,manha,True,1,grave,BR-101
667643.0,2025-03-16,domingo,15:54,ES,262.0,19.0,VIANA,Reação tardia ou ineficiente do condutor,Colisão lateral mesmo sentido,Com Vítimas Feridas,Pleno dia,Crescente,Céu Claro,Simples,Reta,Não,3.0,0.0,1.0,1.0,1.0,0.0,2.0,2.0,-20.387477,-40.494995,SPRF-ES,DEL01-ES,UOP01-DEL01-ES,2025-03-16 15:54:00,2025.0,3.0,15.0,tarde,True,1,grave,BR-262
667790.0,2025-03-17,segunda,07:40,ES,101.0,307.0,VIANA,Velocidade Incompatível,Colisão lateral mesmo sentido,Com Vítimas Feridas,Pleno dia,Decrescente,Chuva,Dupla,Reta,Não,2.0,0.0,0.0,1.0,1.0,0.0,1.0,2.0,-20.39960543,-40.4561125,SPRF-ES,DEL01-ES,UOP01-DEL01-ES,2025-03-17 07:40:00,2025.0,3.0,7.0,manha,True,1,grave,BR-101
667825.0,2025-03-17,segunda,10:30,ES,101.0,256.2,SERRA,Manobra de mudança de faixa,Colisão lateral mesmo sentido,Com Vítimas Feridas,Pleno dia,Decrescente,Nublado,Múltipla,Reta,Sim,2.0,0.0,1.0,0.0,0.0,1.0,1.0,2.0,-20.122913,-40.305058,SPRF-ES,DEL02-ES,UOP01-DEL02-ES,2025-03-17 10:30:00,2025.0,3.0,10.0,manha,True,0,moderado,BR-101
667987.0,2025-03-18,terca,08:15,ES,101.0,289.0,CARIACICA,Acessar a via sem observar a presença dos outros veículos,Colisão lateral mesmo sentido,Com Vítimas Feridas,Pleno dia,Decrescente,Céu Claro,Dupla,Reta;Declive,Sim,3.0,0.0,1.0,0.0,2.0,0.0,1.0,2.0,-20.28651204,-40.39260864,SPRF-ES,DEL01-ES,UOP01-DEL01-ES,2025-03-18 08:15:00,2025.0,3.0,8.0,manha,True,0,moderado,BR-101
668024.0,2025-03-18,terca,12:00,ES,101.0,268.0,SERRA,Acessar a via sem observar a presença dos outros veículos,Colisão transversal,Com Vítimas Feridas,Pleno dia,Decrescente,Céu Claro,Dupla,Curva,Sim,2.0,0.0,1.0,0.0,1.0,0.0,1.0,2.0,-20.21617179,-40.26969007,SPRF-ES,DEL02-ES,UOP01-DEL02-ES,2025-03-18 12:00:00,2025.0,3.0,12.0,tarde,True,0,moderado,BR-101
668244.0,2025-03-03,segunda,18:10,ES,262.0,34.0,VIANA,Pista Escorregadia,Saída de leito carroçável,Com Vítimas Feridas,Plena Noite,Crescente,Chuva,Simples,Curva,Não,3.0,0.0,1.0,0.0,2.0,0.0,1.0,3.0,-20.3827789,-40.4596498,SPRF-ES,DEL01-ES,UOP01-DEL01-ES,2025-03-03 18:10:00,2025.0,3.0,18.0,noite,True,0,moderado,BR-262
668354.0,2025-03-20,quinta,04:00,ES,447.0,14.0,CARIACICA,Velocidade Incompatível,Capotamento,Sem Vítimas,Plena Noite,Crescente,Garoa/Chuvisco,Simples,Reta,Sim,1.0,0.0,0.0,0.0,0.0,1.0,0.0,1.0,-20.34802,-40.331815,SPRF-ES,DEL01-ES,UOP01-DEL01-ES,2025-03-20 04:00:00,2025.0,3.0,4.0,madrugada,True,0,baixo,BR-447
668392.0,2025-03-20,quinta,08:00,ES,101.0,299.0,VIANA,Reação tardia ou ineficiente do condutor,Capotamento,Sem Vítimas,Pleno dia,Crescente,Nublado,Dupla,Reta,Sim,1.0,0.0,0.0,0.0,0.0,1.0,0.0,1.0,-20.35724567,-40.42843759,SPRF-ES,DEL01-ES,UOP01-DEL01-ES,2025-03-20 08:00:00,2025.0,3.0,8.0,manha,True,0,baixo,BR-101