id,data,dia_semana,hora,uf,rodovia,km,municipio,causa,tipo_acidente,classificacao,fase_dia,sentido_via,condicao_metereologica,tipo_pista,tracado_via,uso_solo,pessoas,mortos,feridos_leves,feridos_graves,ilesos,ignorados,feridos,veiculos,latitude,longitude,regional,delegacia,uop,data_hora,ano,mes,hora_dia,periodo_dia,regiao_grande_vitoria,risco_alto,nivel_risco,rodovia_label
668409.0,2025-01-08,quarta,15:35,ES,101.0,7.1,SERRA,Acumulo de água sobre o pavimento,Colisão com objeto,Com Vítimas Feridas,Pleno dia,Crescente,Chuva,Dupla,Reta,Não,2.0,0.0,1.0,1.0,0.0,0.0,2.0,1.0,-20.129093,-40.308125,SPRF-ES,DEL02-ES,UOP01-DEL02-ES,2025-01-08 15:35:00,2025.0,1.0,15.0,tarde,True,1,grave,BR-101
668622.0,2025-03-21,sexta,10:30,ES,101.0,347.6,GUARAPARI,Pedestre andava na pista,Atropelamento de Pedestre,Com Vítimas Feridas,Pleno dia,Crescente,Nublado,Dupla,Reta,Não,4.0,0.0,1.0,0.0,0.0,3.0,1.0,2.0,-20.65219,-40.62928,SPRF-ES,DEL03-ES,UOP01-DEL03-ES,2025-03-21 10:30:00,2025.0,3.0,10.0,manha,True,0,moderado,BR-101
668751.0,2025-03-22,sabado,01:10,ES,101.0,262.3,SERRA,Ausência de reação do condutor,Colisão com objeto,Com Vítimas Feridas,Plena Noite,Decrescente,Céu Claro,Dupla,Reta,Sim,1.0,0.0,1.0,0.0,0.0,0.0,1.0,1.0,-20.16097054,-40.27558647,SPRF-ES,DEL02-ES,UOP01-DEL02-ES,2025-03-22 01:10:00,2025.0,3.0,1.0,madrugada,True,0,moderado,BR-101
668774.0,2025-03-22,sabado,06:00,ES,101.0,245.6,SERRA,Manobra de mudança de faixa,Tombamento,Com Vítimas Feridas,Amanhecer,Crescente,Céu Claro,Simples,Reta,Sim,1.0,0.0,0.0,1.0,0.0,0.0,1.0,1.0,-20.0488473,-40.3867012,SPRF-ES,DEL02-ES,UOP01-DEL02-ES,2025-03-22 06:00:00,2025.0,3.0,6.0,manha,True,1,grave,BR-101
669124.0,2025-03-23,domingo,20:00,ES,101.0,257.6,SERRA,Reação tardia ou ineficiente do condutor,Colisão transversal,Com Vítimas Feridas,Plena Noite,Crescente,Céu Claro,Dupla,Curva;Interseção de Vias,Sim,3.0,0.0,1.0,2.0,0.0,0.0,3.0,2.0,-20.12843,-40.299102,SPRF-ES,DEL02-ES,UOP01-DEL02-ES,2025-03-23 20:00:00,2025.0,3.0,20.0,noite,True,1,grave,BR-101
669152.0,2025-03-23,domingo,21:30,ES,101.0,257.0,SERRA,Ingestão de álcool pelo condutor,Saída de leito carroçável,Sem Vítimas,Plena Noite,Decrescente,Céu Claro,Dupla,Reta;Aclive,Não,1.0,0.0,0.0,0.0,1.0,0.0,0.0,1.0,-20.129535,-40.297318,SPRF-ES,DEL02-ES,UOP01-DEL02-ES,2025-03-23 21:30:00,2025.0,3.0,21.0,noite,True,0,baixo,BR-101
669215.0,2025-03-24,segunda,08:00,ES,101.0,260.9,SERRA,Condutor deixou de manter distância do veículo da frente,Colisão traseira,Com Vítimas Feridas,Pleno dia,Crescente,Céu Claro,Dupla,Reta,Não,2.0,0.0,1.0,0.0,1.0,0.0,1.0,2.0,-20.048852,-40.3867003,SPRF-ES,DEL02-ES,UOP01-DEL02-ES,2025-03-24 08:00:00,2025.0,3.0,8.0,manha,True,0,moderado,BR-101
669292.0,2025-03-24,segunda,12:40,ES,101.0,281.0,CARIACICA,Acessar a via sem observar a presença dos outros veículos,Colisão frontal,Com Vítimas Feridas,Pleno dia,Crescente,Céu Claro,Simples,Reta;Interseção de Vias,Sim,2.0,0.0,1.0,0.0,1.0,0.0,1.0,2.0,-20.227768,-40.366113,SPRF-ES,DEL02-ES,UOP01-DEL02-ES,2025-03-24 12:40:00,2025.0,3.0,12.0,tarde,True,0,moderado,BR-101
669353.0,2025-03-24,segunda,18:20,ES,101.0,289.0,CARIACICA,Condutor deixou de manter distância do veículo da frente,Colisão lateral mesmo sentido,Com Vítimas Feridas,Plena Noite,Crescente,Céu Claro,Dupla,Reta,Não,2.0,0.0,0.0,1.0,1.0,0.0,1.0,2.0,-20.28570697,-40.39260864,SPRF-ES,DEL01-ES,UOP01-DEL01-ES,2025-03-24 18:20:00,2025.0,3.0,18.0,noite,True,1,grave,BR-101
669373.0,2025-03-24,segunda,20:38,ES,101.0,314.0,VILA VELHA,Reação tardia ou ineficiente do condutor,Queda de ocupante de veículo,Com Vítimas Feridas,Plena Noite,Decrescente,Ignorado,Dupla,Reta,Não,1.0,0.0,1.0,0.0,0.0,0.0,1.0,1.0,-20.46473,-40.46539,SPRF-ES,DEL01-ES,UOP01-DEL01-ES,2025-03-24 20:38:00,2025.0,3.0,20.0,noite,True,0,moderado,BR-101
669431.0,2025-03-25,terca,08:00,ES,101.0,269.6,SERRA,Acessar a via sem observar a presença dos outros veículos,Atropelamento de Pedestre,Com Vítimas Feridas,Pleno dia,Decrescente,Sol,Múltipla,Reta,Sim,2.0,0.0,1.0,0.0,1.0,0.0,1.0,2.0,-20.223273,-40.270356,SPRF-ES,DEL02-ES,UOP01-DEL02-ES,2025-03-25 08:00:00,2025.0,3.0,8.0,manha,True,0,moderado,BR-101
669522.0,2025-03-25,terca,18:00,ES,101.0,286.5,CARIACICA,Reação tardia ou ineficiente do condutor,Tombamento,Com Vítimas Feridas,Anoitecer,Crescente,Céu Claro,Dupla,Reta,Sim,2.0,0.0,2.0,0.0,0.0,0.0,2.0,1.0,-20.25546261,-40.37550319,SPRF-ES,DEL01-ES,UOP01-DEL01-ES,2025-03-25 18:00:00,2025.0,3.0,18.0,noite,True,0,moderado,BR-101
669539.0,2025-03-25,terca,17:00,ES,101.0,264.0,SERRA,Reação tardia ou ineficiente do condutor,Colisão traseira,Com Vítimas Feridas,Anoitecer,Decrescente,Céu Claro,Dupla,Reta,Não,3.0,0.0,1.0,0.0,2.0,0.0,1.0,2.0,-20.176899,-40.265692,SPRF-ES,DEL02-ES,UOP01-DEL02-ES,2025-03-25 17:00:00,2025.0,3.0,17.0,tarde,True,0,moderado,BR-101
669581.0,2025-03-25,terca,22:00,ES,101.0,306.5,VIANA,Demais falhas mecânicas ou elétricas,Incêndio,Sem Vítimas,Plena Noite,Decrescente,Nublado,Dupla,Reta,Não,1.0,0.0,0.0,0.0,1.0,0.0,0.0,1.0,-20.39658675,-40.45781541,SPRF-ES,DEL01-ES,UOP01-DEL01-ES,2025-03-25 22:00:00,2025.0,3.0,22.0,noite,True,0,baixo,BR-101
669590.0,2025-03-26,quarta,00:30,ES,101.0,270.4,SERRA,Acesso irregular,Colisão frontal,Sem Vítimas,Plena Noite,Crescente,Céu Claro,Múltipla,Interseção de Vias,Sim,2.0,0.0,0.0,0.0,2.0,0.0,0.0,2.0,-20.04885,-40.3866983,SPRF-ES,DEL02-ES,UOP01-DEL02-ES,2025-03-26 00:30:00,2025.0,3.0,0.0,madrugada,True,0,baixo,BR-101
670039.0,2025-03-28,sexta,06:40,ES,262.0,0.8,CARIACICA,Condutor deixou de manter distância do veículo da frente,Colisão traseira,Com Vítimas Feridas,Pleno dia,Decrescente,Sol,Dupla,Reta;Ponte;Interseção de Vias,Sim,2.0,0.0,1.0,0.0,1.0,0.0,1.0,2.0,-20.3300629,-40.354654,SPRF-ES,DEL01-ES,UOP01-DEL01-ES,2025-03-28 06:40:00,2025.0,3.0,6.0,manha,True,0,moderado,BR-262
670051.0,2025-03-28,sexta,08:40,ES,101.0,300.0,VIANA,Acumulo de areia ou detritos sobre o pavimento,Tombamento,Com Vítimas Feridas,Pleno dia,Decrescente,Céu Claro,Múltipla,Viaduto,Sim,2.0,0.0,1.0,0.0,1.0,0.0,1.0,1.0,-20.36888318,-40.44385845,SPRF-ES,DEL01-ES,UOP01-DEL01-ES,2025-03-28 08:40:00,2025.0,3.0,8.0,manha,True,0,moderado,BR-101
670095.0,2025-03-28,sexta,11:40,ES,101.0,295.6,CARIACICA,Reação tardia ou ineficiente do condutor,Queda de ocupante de veículo,Com Vítimas Feridas,Pleno dia,Crescente,Céu Claro,Múltipla,Reta,Sim,1.0,0.0,1.0,0.0,0.0,0.0,1.0,1.0,-20.33628185,-40.40247029,SPRF-ES,DEL01-ES,UOP01-DEL01-ES,2025-03-28 11:40:00,2025.0,3.0,11.0,manha,True,0,moderado,BR-101
670106.0,2025-03-28,sexta,13:30,ES,101.0,292.8,CARIACICA,Acesso irregular,Colisão lateral mesmo sentido,Com Vítimas Feridas,Pleno dia,Crescente,Sol,Múltipla,Reta,Sim,3.0,0.0,2.0,0.0,1.0,0.0,2.0,2.0,-20.311744,-40.395167,SPRF-ES,DEL01-ES,UOP01-DEL01-ES,2025-03-28 13:30:00,2025.0,3.0,13.0,tarde,True,0,moderado,BR-101
670127.0,2025-03-28,sexta,17:40,ES,101.0,283.0,CARIACICA,Reação tardia ou ineficiente do condutor,Tombamento,Com Vítimas Feridas,Anoitecer,Crescente,Céu Claro,Múltipla,Reta,Sim,2.0,0.0,1.0,1.0,0.0,0.0,2.0,1.0,-20.242584,-40.369826,SPRF-ES,DEL01-ES,UOP01-DEL01-ES,2025-03-28 17:40:00,2025.0,3.0,17.0,tarde,True,1,grave,BR-101
670179.0,2025-03-28,sexta,21:20,ES,101.0,241.0,SERRA,Transitar na contramão,Colisão frontal,Com Vítimas Feridas,Plena Noite,Crescente,Céu Claro,Simples,Reta,Não,2.0,0.0,0.0,1.0,1.0,0.0,1.0,2.0,-20.02616333,-40.39835,SPRF-ES,DEL02-ES,UOP01-DEL02-ES,2025-03-28 21:20:00,2025.0,3.0,21.0,noite,True,1,grave,BR-101
670332.0,2025-03-29,sabado,15:43,ES,101.0,281.9,SERRA,Demais falhas mecânicas ou elétricas,Tombamento,Com Vítimas Feridas,Pleno dia,Crescente,Sol,Dupla,Reta,Não,2.0,0.0,2.0,0.0,0.0,0.0,2.0,1.0,-20.226233,-40.363418,SPRF-ES,DEL02-ES,UOP01-DEL02-ES,2025-03-29 15:43:00,2025.0,3.0,15.0,tarde,True,0,moderado,BR-101
670380.0,2025-03-29,sabado,19:35,ES,101.0,288.9,CARIACICA,Reação tardia ou ineficiente do condutor,Colisão traseira,Com Vítimas Feridas,Plena Noite,Decrescente,Céu Claro,Dupla,Reta,Sim,3.0,0.0,0.0,2.0,1.0,0.0,2.0,2.0,-20.278582,-40.392597,SPRF-ES,DEL01-ES,UOP01-DEL01-ES,2025-03-29 19:35:00,2025.0,3.0,19.0,noite,True,1,grave,BR-101
670601.0,2025-03-30,domingo,21:00,ES,101.0,280.6,SERRA,Condutor Dormindo,Capotamento,Com Vítimas Feridas,Plena Noite,Crescente,Céu Claro,Dupla,Reta,Não,3.0,0.0,3.0,0.0,0.0,0.0,3.0,1.0,-20.21838846,-40.34145355,SPRF-ES,DEL02-ES,UOP01-DEL02-ES,2025-03-30 21:00:00,2025.0,3.0,21.0,noite,True,0,moderado,BR-101
670694.0,2025-03-31,segunda,08:55,ES,101.0,260.7,SERRA,Condutor deixou de manter distância do veículo da frente,Colisão traseira,Com Vítimas Feridas,Pleno dia,Crescente,Céu Claro,Dupla,Curva,Sim,2.0,0.0,1.0,0.0,1.0,0.0,1.0,2.0,-20.1465779,-40.2821566,SPRF-ES,DEL02-ES,UOP01-DEL02-ES,2025-03-31 08:55:00,2025.0,3.0,8.0,manha,True,0,moderado,BR-101
670729.0,2025-03-31,segunda,11:30,ES,101.0,260.7,SERRA,Reação tardia ou ineficiente do condutor,Tombamento,Com Vítimas Feridas,Pleno dia,Crescente,Céu Claro,Simples,Curva,Não,1.0,0.0,1.0,0.0,0.0,0.0,1.0,1.0,-20.148073,-40.280028,SPRF-ES,DEL02-ES,UOP01-DEL02-ES,2025-03-31 11:30:00,2025.0,3.0,11.0,manha,True,0,moderado,BR-101
670926.0,2025-04-01,terca,14:44,ES,101.0,288.4,CARIACICA,Ausência de reação do condutor,Saída de leito carroçável,Com Vítimas Feridas,Pleno dia,Crescente,Sol,Dupla,Reta,Sim,2.0,0.0,2.0,0.0,0.0,0.0,2.0,1.0,-20.274991,-40.392349,SPRF-ES,DEL01-ES,UOP01-DEL01-ES,2025-04-01 14:44:00,2025.0,4.0,14.0,tarde,True,0,moderado,BR-101
670970.0,2025-04-01,terca,18:36,ES,101.0,292.5,CARIACICA,Desrespeitar a preferência no cruzamento,Colisão transversal,Com Vítimas Feridas,Plena Noite,Crescente,Nublado,Dupla,Reta;Retorno Regulamentado,Sim,2.0,0.0,1.0,0.0,1.0,0.0,1.0,2.0,-20.30610061,-40.39505151,SPRF-ES,DEL01-ES,UOP01-DEL01-ES,2025-04-01 18:36:00,2025.0,4.0,18.0,noite,True,0,moderado,BR-101
671070.0,2025-04-02,quarta,10:50,ES,101.0,270.0,SERRA,Acumulo de areia ou detritos sobre o pavimento,Queda de ocupante de veículo,Com Vítimas Feridas,Pleno dia,Crescente,Céu Claro,Dupla,Curva,Sim,1.0,0.0,1.0,0.0,0.0,0.0,1.0,1.0,-20.0488586,-40.386697,SPRF-ES,DEL02-ES,UOP01-DEL02-ES,2025-04-02 10:50:00,2025.0,4.0,10.0,manha,True,0,moderado,BR-101
671083.0,2025-04-02,quarta,12:50,ES,101.0,254.0,SERRA,Ausência de reação do condutor,Colisão com objeto,Com Vítimas Feridas,Pleno dia,Decrescente,Céu Claro,Simples,Reta,Sim,1.0,0.0,1.0,0.0,0.0,0.0,1.0,1.0,-20.112009,-40.325225,SPRF-ES,DEL02-ES,UOP01-DEL02-ES,2025-04-02 12:50:00,2025.0,4.0,12.0,tarde,True,0,moderado,BR-101
671103.0,2025-04-02,quarta,15:20,ES,101.0,266.5,SERRA,Ausência de reação do condutor,Colisão lateral sentido oposto,Com Vítimas Feridas,Pleno dia,Decrescente,Sol,Múltipla,Reta,Sim,2.0,0.0,0.0,1.0,1.0,0.0,1.0,2.0,-20.195745,-40.268515,SPRF-ES,DEL02-ES,UOP01-DEL02-ES,2025-04-02 15:20:00,2025.0,4.0,15.0,tarde,True,1,grave,BR-101
671149.0,2025-04-02,quarta,18:25,ES,101.0,295.1,CARIACICA,Entrada inopinada do pedestre,Atropelamento de Pedestre,Com Vítimas Feridas,Plena Noite,Decrescente,Céu Claro,Dupla,Reta,Sim,2.0,0.0,0.0,1.0,1.0,0.0,1.0,2.0,-20.3334435,-40.4010046,SPRF-ES,DEL01-ES,UOP01-DEL01-ES,2025-04-02 18:25:00,2025.0,4.0,18.0,noite,True,1,grave,BR-101
671154.0,2025-04-02,quarta,19:20,ES,101.0,266.6,SERRA,Pedestre andava na pista,Queda de ocupante de veículo,Com Vítimas Feridas,Plena Noite,Crescente,Céu Claro,Múltipla,Reta,Sim,1.0,0.0,1.0,0.0,0.0,0.0,1.0,1.0,-20.048857,-40.3867007,SPRF-ES,DEL02-ES,UOP01-DEL02-ES,2025-04-02 19:20:00,2025.0,4.0,19.0,noite,True,0,moderado,BR-101
671187.0,2025-04-02,quarta,22:10,ES,101.0,267.9,SERRA,Acessar a via sem observar a presença dos outros veículos,Colisão lateral mesmo sentido,Com Vítimas Feridas,Plena Noite,Crescente,Céu Claro,Múltipla,Reta,Sim,3.0,0.0,2.0,0.0,1.0,0.0,2.0,2.0,-20.20706,-40.269677,SPRF-ES,DEL02-ES,UOP01-DEL02-ES,2025-04-02 22:10:00,2025.0,4.0,22.0,noite,True,0,moderado,BR-101
671306.0,2025-04-03,quinta,15:00,ES,101.0,267.9,SERRA,Ausência de reação do condutor,Colisão traseira,Com Vítimas Feridas,Pleno dia,Decrescente,Céu Claro,Dupla,Reta,Sim,2.0,0.0,1.0,0.0,1.0,0.0,1.0,2.0,-20.2063692,-40.26911728,SPRF-ES,DEL02-ES,UOP01-DEL02-ES,2025-04-03 15:00:00,2025.0,4.0,15.0,tarde,True,0,moderado,BR-101
671342.0,2025-04-03,quinta,18:35,ES,101.0,259.5,SERRA,Velocidade Incompatível,Colisão traseira,Com Vítimas Feridas,Anoitecer,Decrescente,Ignorado,Dupla,Curva,Não,2.0,0.0,1.0,0.0,1.0,0.0,1.0,2.0,-20.14636266,-40.28823607,SPRF-ES,DEL02-ES,UOP01-DEL02-ES,2025-04-03 18:35:00,2025.0,4.0,18.0,noite,True,0,moderado,BR-101
671507.0,2025-04-04,sexta,13:45,ES,101.0,267.1,SERRA,Ausência de reação do condutor,Colisão traseira,Com Vítimas Feridas,Pleno dia,Crescente,Céu Claro,Múltipla,Reta,Sim,2.0,0.0,1.0,0.0,0.0,1.0,1.0,2.0,-20.20097028,-40.26926994,SPRF-ES,DEL02-ES,UOP01-DEL02-ES,2025-04-04 13:45:00,2025.0,4.0,13.0,tarde,True,0,moderado,BR-101
671527.0,2025-04-04,sexta,16:00,ES,101.0,268.5,SERRA,Pedestre cruzava a pista fora da faixa,Atropelamento de Pedestre,Com Vítimas Feridas,Pleno dia,Crescente,Sol,Múltipla,Reta,Sim,2.0,0.0,2.0,0.0,0.0,0.0,2.0,2.0,-20.21476333,-40.26998833,SPRF-ES,DEL02-ES,UOP01-DEL02-ES,2025-04-04 16:00:00,2025.0,4.0,16.0,tarde,True,0,moderado,BR-101
671694.0,2025-04-05,sabado,07:35,ES,101.0,270.7,SERRA,Condutor deixou de manter distância do veículo da frente,Colisão traseira,Com Vítimas Feridas,Pleno dia,Crescente,Nublado,Dupla,Curva,Sim,2.0,0.0,0.0,1.0,1.0,0.0,1.0,2.0,-20.23250385,-40.2762961,SPRF-ES,DEL02-ES,UOP01-DEL02-ES,2025-04-05 07:35:00,2025.0,4.0,7.0,manha,True,1,grave,BR-101
671715.0,2025-04-05,sabado,10:13,ES,101.0,297.0,CARIACICA,Acesso irregular,Colisão lateral mesmo sentido,Com Vítimas Feridas,Pleno dia,Decrescente,Céu Claro,Dupla,Curva;Aclive;Interseção de Vias,Sim,3.0,0.0,1.0,1.0,1.0,0.0,2.0,2.0,-20.345774,-40.410576,SPRF-ES,DEL01-ES,UOP01-DEL01-ES,2025-04-05 10:13:00,2025.0,4.0,10.0,manha,True,1,grave,BR-101
671914.0,2025-04-06,domingo,07:00,ES,101.0,267.0,SERRA,Ausência de reação do condutor,Colisão traseira,Com Vítimas Feridas,Pleno dia,Crescente,Garoa/Chuvisco,Múltipla,Reta,Sim,3.0,0.0,0.0,2.0,1.0,0.0,2.0,2.0,-20.205417,-40.269545,SPRF-ES,DEL02-ES,UOP01-DEL02-ES,2025-04-06 07:00:00,2025.0,4.0,7.0,manha,True,1,grave,BR-101
671955.0,2025-04-06,domingo,13:30,ES,101.0,268.2,SERRA,Condutor deixou de manter distância do veículo da frente,Colisão traseira,Com Vítimas Feridas,Pleno dia,Crescente,Céu Claro,Múltipla,Reta,Sim,3.0,0.0,1.0,0.0,2.0,0.0,1.0,2.0,-20.0488865,-40.3867121,SPRF-ES,DEL02-ES,UOP01-DEL02-ES,2025-04-06 13:30:00,2025.0,4.0,13.0,tarde,True,0,moderado,BR-101
672104.0,2025-04-07,segunda,06:45,ES,101.0,336.0,GUARAPARI,Chuva,Saída de leito carroçável,Com Vítimas Feridas,Amanhecer,Decrescente,Chuva,Dupla,Aclive;Reta,Não,2.0,0.0,1.0,0.0,1.0,0.0,1.0,1.0,-20.6635008,-40.6061056,SPRF-ES,DEL03-ES,UOP01-DEL03-ES,2025-04-07 06:45:00,2025.0,4.0,6.0,manha,True,0,moderado,BR-101
672142.0,2025-04-07,segunda,08:20,ES,101.0,267.6,SERRA,Manobra de mudança de faixa,Colisão lateral mesmo sentido,Com Vítimas Feridas,Pleno dia,Crescente,Chuva,Dupla,Reta,Sim,3.0,0.0,1.0,0.0,2.0,0.0,1.0,2.0,-20.20282998,-40.26916589,SPRF-ES,DEL02-ES,UOP01-DEL02-ES,2025-04-07 08:20:00,2025.0,4.0,8.0,manha,True,0,moderado,BR-101
672146.0,2025-04-07,segunda,08:50,ES,101.0,335.4,GUARAPARI,Chuva,Saída de leito carroçável,Com Vítimas Feridas,Pleno dia,Decrescente,Chuva,Dupla,Aclive;Curva,Não,2.0,0.0,1.0,0.0,1.0,0.0,1.0,1.0,-20.62941055,-40.53711534,SPRF-ES,DEL03-ES,UOP01-DEL03-ES,2025-04-07 08:50:00,2025.0,4.0,8.0,manha,True,0,moderado,BR-101
672325.0,2025-04-08,terca,08:55,ES,101.0,269.2,SERRA,Manobra de mudança de faixa,Colisão lateral mesmo sentido,Com Vítimas Feridas,Pleno dia,Crescente,Sol,Múltipla,Reta,Sim,2.0,0.0,2.0,0.0,0.0,0.0,2.0,2.0,-20.22002047,-40.2702665,SPRF-ES,DEL02-ES,UOP01-DEL02-ES,2025-04-08 08:55:00,2025.0,4.0,8.0,manha,True,0,moderado,BR-101
672402.0,2025-04-08,terca,17:10,ES,101.0,287.0,CARIACICA,Acessar a via sem observar a presença dos outros veículos,Colisão transversal,Com Vítimas Feridas,Anoitecer,Crescente,Céu Claro,Dupla,Reta,Sim,2.0,0.0,1.0,0.0,1.0,0.0,1.0,2.0,-20.25231936,-40.37333965,SPRF-ES,DEL01-ES,UOP01-DEL01-ES,2025-04-08 17:10:00,2025.0,4.0,17.0,tarde,True,0,moderado,BR-101
672526.0,2025-04-09,quarta,09:20,ES,0.0,0.0,VITORIA,Condutor deixou de manter distância do veículo da frente,Colisão traseira,Sem Vítimas,Pleno dia,Não Informado,Céu Claro,Dupla,Reta,Sim,2.0,0.0,0.0,0.0,2.0,0.0,0.0,2.0,-20.28727685,-40.30412793,SPRF-ES,DEL02-ES,UOP01-DEL02-ES,2025-04-09 09:20:00,2025.0,4.0,9.0,manha,True,0,baixo,BR-0
672693.0,2025-04-10,quinta,08:00,ES,101.0,288.5,CARIACICA,Trafegar com motocicleta (ou similar) entre as faixas,Colisão traseira,Com Vítimas Feridas,Pleno dia,Decrescente,Céu Claro,Dupla,Reta,Sim,2.0,0.0,0.0,1.0,1.0,0.0,1.0,2.0,-20.2667107,-40.38679177,SPRF-ES,DEL01-ES,UOP01-DEL01-ES,2025-04-10 08:00:00,2025.0,4.0,8.0,manha,True,1,grave,BR-101
672701.0,2025-04-10,quinta,08:30,ES,101.0,268.0,SERRA,Pedestre cruzava a pista fora da faixa,Atropelamento de Pedestre,Com Vítimas Feridas,Pleno dia,Crescente,Céu Claro,Dupla,Reta,Sim,2.0,0.0,1.0,0.0,1.0,0.0,1.0,2.0,-20.21641,-40.27012,SPRF-ES,DEL02-ES,UOP01-DEL02-ES,2025-04-10 08:30:00,2025.0,4.0,8.0,manha,True,0,moderado,BR-101
672858.0,2025-04-11,sexta,04:20,ES,262.0,20.0,VIANA,Reação tardia ou ineficiente do condutor,Colisão com objeto,Sem Vítimas,Plena Noite,Crescente,Nublado,Simples,Reta;Ponte,Não,2.0,0.0,0.0,0.0,2.0,0.0,0.0,1.0,-20.381129,-40.504147,SPRF-ES,DEL01-ES,UOP01-DEL01-ES,2025-04-11 04:20:00,2025.0,4.0,4.0,madrugada,True,0,baixo,BR-262
672906.0,2025-04-11,sexta,09:30,ES,101.0,271.0,SERRA,Ausência de reação do condutor,Queda de ocupante de veículo,Com Vítimas Feridas,Pleno dia,Crescente,Céu Claro,Dupla,Reta,Não,1.0,0.0,1.0,0.0,0.0,0.0,1.0,1.0,-20.23030821,-40.28102875,SPRF-ES,DEL02-ES,UOP01-DEL02-ES,2025-04-11 09:30:00,2025.0,4.0,9.0,manha,True,0,moderado,BR-101
672927.0,2025-04-11,sexta,11:20,ES,101.0,298.0,VIANA,Reação tardia ou ineficiente do condutor,Colisão lateral mesmo sentido,Com Vítimas Feridas,Pleno dia,Crescente,Céu Claro,Dupla,Reta,Não,2.0,0.0,1.0,0.0,0.0,1.0,1.0,2.0,-20.357507,-40.426507,SPRF-ES,DEL01-ES,UOP01-DEL01-ES,2025-04-11 11:20:00,2025.0,4.0,11.0,manha,True,0,moderado,BR-101
672976.0,2025-04-11,sexta,17:05,ES,101.0,267.7,SERRA,Manobra de mudança de faixa,Colisão lateral mesmo sentido,Com Vítimas Feridas,Pleno dia,Decrescente,Céu Claro,Dupla,Reta,Sim,2.0,0.0,1.0,0.0,1.0,0.0,1.0,2.0,-20.19848,-40.26808,SPRF-ES,DEL02-ES,UOP01-DEL02-ES,2025-04-11 17:05:00,2025.0,4.0,17.0,tarde,True,0,moderado,BR-101
673676.0,2025-04-14,segunda,14:40,ES,101.0,300.8,VIANA,Acumulo de areia ou detritos sobre o pavimento,Tombamento,Com Vítimas Feridas,Pleno dia,Decrescente,Nublado,Dupla,Curva,Sim,1.0,0.0,1.0,0.0,0.0,0.0,1.0,1.0,-20.36291413,-40.4376483,SPRF-ES,DEL01-ES,UOP01-DEL01-ES,2025-04-14 14:40:00,2025.0,4.0,14.0,tarde,True,0,moderado,BR-101
673697.0,2025-04-14,segunda,16:15,ES,101.0,254.0,SERRA,Ausência de reação do condutor,Colisão traseira,Com Vítimas Feridas,Pleno dia,Decrescente,Céu Claro,Simples,Em Obras;Reta,Sim,2.0,0.0,1.0,0.0,1.0,0.0,1.0,2.0,-20.11139198,-40.327034,SPRF-ES,DEL02-ES,UOP01-DEL02-ES,2025-04-14 16:15:00,2025.0,4.0,16.0,tarde,True,0,moderado,BR-101
673797.0,2025-04-15,terca,08:50,ES,101.0,296.0,CARIACICA,Conversão proibida,Colisão lateral mesmo sentido,Com Vítimas Feridas,Pleno dia,Crescente,Céu Claro,Dupla,Curva,Não,3.0,0.0,2.0,0.0,1.0,0.0,2.0,2.0,-20.34352039,-40.40486097,SPRF-ES,DEL01-ES,UOP01-DEL01-ES,2025-04-15 08:50:00,2025.0,4.0,8.0,manha,True,0,moderado,BR-101
685511.0,2025-04-17,quinta,18:47,ES,101.0,233.0,SERRA,Velocidade Incompatível,Colisão traseira,Com Vítimas Feridas,Plena Noite,Decrescente,Garoa/Chuvisco,Dupla,Reta,Não,4.0,0.0,1.0,0.0,3.0,0.0,1.0,2.0,-20.0409088,-40.38656,SPRF-ES,DEL02-ES,UOP01-DEL02-ES,2025-04-17 18:47:00,2025.0,4.0,18.0,noite,True,0,moderado,BR-101
685576.0,2025-04-17,quinta,23:00,ES,101.0,269.7,SERRA,Reação tardia ou ineficiente do condutor,Engavetamento,Com Vítimas Feridas,Plena Noite,Decrescente,Nublado,Dupla,Reta,Sim,5.0,0.0,1.0,0.0,4.0,0.0,1.0,3.0,-20.224463,-40.270198,SPRF-ES,DEL02-ES,UOP01-DEL02-ES,2025-04-17 23:00:00,2025.0,4.0,23.0,noite,True,0,moderado,BR-101
685622.0,2025-04-18,sexta,03:30,ES,101.0,283.0,CARIACICA,Condutor Dormindo,Saída de leito carroçável,Com Vítimas Feridas,Plena Noite,Decrescente,Céu Claro,Múltipla,Reta,Sim,4.0,0.0,3.0,0.0,1.0,0.0,3.0,1.0,-20.2334214,-40.36909103,SPRF-ES,DEL01-ES,UOP01-DEL01-ES,2025-04-18 03:30:00,2025.0,4.0,3.0,madrugada,True,0,moderado,BR-101
686028.0,2025-04-17,quinta,04:45,ES,101.0,283.0,CARIACICA,Acumulo de água sobre o pavimento,Saída de leito carroçável,Com Vítimas Feridas,Plena Noite,Decrescente,Chuva,Dupla,Reta,Não,1.0,0.0,1.0,0.0,0.0,0.0,1.0,1.0,-20.25235585,-40.37246794,SPRF-ES,DEL01-ES,UOP01-DEL01-ES,2025-04-17 04:45:00,2025.0,4.0,4.0,madrugada,True,0,moderado,BR-101