id,data,dia_semana,hora,uf,rodovia,km,municipio,causa,tipo_acidente,classificacao,fase_dia,sentido_via,condicao_metereologica,tipo_pista,tracado_via,uso_solo,pessoas,mortos,feridos_leves,feridos_graves,ilesos,ignorados,feridos,veiculos,latitude,longitude,regional,delegacia,uop,data_hora,ano,mes,hora_dia,periodo_dia,regiao_grande_vitoria,risco_alto,nivel_risco,rodovia_label
686200.0,2025-04-20,domingo,13:00,ES,101.0,266.1,SERRA,Reação tardia ou ineficiente do condutor,Queda de ocupante de veículo,Com Vítimas Feridas,Pleno dia,Crescente,Céu Claro,Múltipla,Reta,Sim,1.0,0.0,1.0,0.0,0.0,0.0,1.0,1.0,-20.19214333,-40.26803,SPRF-ES,DEL02-ES,UOP01-DEL02-ES,2025-04-20 13:00:00,2025.0,4.0,13.0,tarde,True,0,moderado,BR-101
686203.0,2025-04-16,quarta,22:40,ES,101.0,266.0,SERRA,Trafegar com motocicleta (ou similar) entre as faixas,Colisão lateral mesmo sentido,Sem Vítimas,Plena Noite,Crescente,Garoa/Chuvisco,Dupla,Interseção de Vias;Curva,Sim,2.0,0.0,0.0,0.0,2.0,0.0,0.0,2.0,-20.18744168,-40.26826713,SPRF-ES,DEL02-ES,UOP01-DEL02-ES,2025-04-16 22:40:00,2025.0,4.0,22.0,noite,True,0,baixo,BR-101
686208.0,2025-04-20,domingo,14:00,ES,101.0,270.0,SERRA,Ausência de reação do condutor,Colisão traseira,Com Vítimas Feridas,Pleno dia,Crescente,Céu Claro,Dupla,Reta,Sim,2.0,0.0,0.0,1.0,1.0,0.0,1.0,2.0,-20.227855,-40.271222,SPRF-ES,DEL02-ES,UOP01-DEL02-ES,2025-04-20 14:00:00,2025.0,4.0,14.0,tarde,True,1,grave,BR-101
686724.0,2025-04-22,terca,15:40,ES,101.0,296.1,CARIACICA,Ausência de reação do condutor,Queda de ocupante de veículo,Com Vítimas Feridas,Pleno dia,Decrescente,Céu Claro,Dupla,Curva,Sim,1.0,0.0,1.0,0.0,0.0,0.0,1.0,1.0,-20.34254661,-40.40159321,SPRF-ES,DEL01-ES,UOP01-DEL01-ES,2025-04-22 15:40:00,2025.0,4.0,15.0,tarde,True,0,moderado,BR-101
686747.0,2025-04-22,terca,17:09,ES,101.0,265.0,SERRA,Acumulo de areia ou detritos sobre o pavimento,Queda de ocupante de veículo,Sem Vítimas,Anoitecer,Crescente,Céu Claro,Dupla,Curva,Sim,1.0,0.0,0.0,0.0,0.0,1.0,0.0,1.0,-20.1824,-40.2655,SPRF-ES,DEL02-ES,UOP01-DEL02-ES,2025-04-22 17:09:00,2025.0,4.0,17.0,tarde,True,0,baixo,BR-101
686748.0,2025-04-22,terca,17:18,ES,101.0,269.0,SERRA,Ausência de reação do condutor,Colisão traseira,Com Vítimas Feridas,Anoitecer,Crescente,Nublado,Múltipla,Reta,Sim,2.0,0.0,1.0,0.0,1.0,0.0,1.0,2.0,-20.21701001,-40.2699101,SPRF-ES,DEL02-ES,UOP01-DEL02-ES,2025-04-22 17:18:00,2025.0,4.0,17.0,tarde,True,0,moderado,BR-101
686841.0,2025-04-23,quarta,09:20,ES,101.0,269.9,SERRA,Entrada inopinada do pedestre,Atropelamento de Pedestre,Com Vítimas Feridas,Pleno dia,Crescente,Céu Claro,Múltipla,Reta,Sim,2.0,0.0,0.0,1.0,1.0,0.0,1.0,2.0,-20.0488452,-40.38640393,SPRF-ES,DEL02-ES,UOP01-DEL02-ES,2025-04-23 09:20:00,2025.0,4.0,9.0,manha,True,1,grave,BR-101
686927.0,2025-04-23,quarta,18:45,ES,101.0,311.9,VILA VELHA,Acessar a via sem observar a presença dos outros veículos,Atropelamento de Pedestre,Com Vítimas Fatais,Plena Noite,Crescente,Céu Claro,Dupla,Reta,Não,2.0,1.0,0.0,0.0,1.0,0.0,0.0,2.0,-20.443068,-40.46019,SPRF-ES,DEL01-ES,UOP01-DEL01-ES,2025-04-23 18:45:00,2025.0,4.0,18.0,noite,True,1,fatal,BR-101
686932.0,2025-04-23,quarta,19:00,ES,101.0,263.1,SERRA,Demais falhas mecânicas ou elétricas,Eventos atípicos,Com Vítimas Feridas,Plena Noite,Crescente,Nublado,Dupla,Reta,Sim,1.0,0.0,1.0,0.0,0.0,0.0,1.0,1.0,-20.12509291,-40.34179688,SPRF-ES,DEL02-ES,UOP01-DEL02-ES,2025-04-23 19:00:00,2025.0,4.0,19.0,noite,True,0,moderado,BR-101
687068.0,2025-04-24,quinta,15:30,ES,101.0,265.0,SERRA,Pista esburacada,Tombamento,Com Vítimas Feridas,Pleno dia,Crescente,Nublado,Múltipla,Reta,Sim,2.0,0.0,1.0,1.0,0.0,0.0,2.0,1.0,-20.18240833,-40.26541,SPRF-ES,DEL02-ES,UOP01-DEL02-ES,2025-04-24 15:30:00,2025.0,4.0,15.0,tarde,True,1,grave,BR-101
687174.0,2025-04-25,sexta,06:10,ES,101.0,267.8,SERRA,Condutor desrespeitou a iluminação vermelha do semáforo,Colisão transversal,Com Vítimas Feridas,Pleno dia,Crescente,Nublado,Múltipla,Reta;Interseção de Vias,Sim,3.0,0.0,0.0,1.0,2.0,0.0,1.0,2.0,-20.20453,-40.26744,SPRF-ES,DEL02-ES,UOP01-DEL02-ES,2025-04-25 06:10:00,2025.0,4.0,6.0,manha,True,1,grave,BR-101
687222.0,2025-04-25,sexta,12:00,ES,101.0,268.8,SERRA,Acessar a via sem observar a presença dos outros veículos,Atropelamento de Pedestre,Com Vítimas Feridas,Pleno dia,Crescente,Céu Claro,Dupla,Reta,Não,2.0,0.0,0.0,1.0,1.0,0.0,1.0,2.0,-20.2147571,-40.27002007,SPRF-ES,DEL02-ES,UOP01-DEL02-ES,2025-04-25 12:00:00,2025.0,4.0,12.0,tarde,True,1,grave,BR-101
687287.0,2025-04-25,sexta,18:10,ES,101.0,298.5,VIANA,Ausência de reação do condutor,Colisão traseira,Com Vítimas Feridas,Plena Noite,Crescente,Nublado,Simples,Reta,Sim,2.0,0.0,0.0,1.0,1.0,0.0,1.0,2.0,-20.356822,-40.41918,SPRF-ES,DEL01-ES,UOP01-DEL01-ES,2025-04-25 18:10:00,2025.0,4.0,18.0,noite,True,1,grave,BR-101
687316.0,2025-04-25,sexta,20:15,ES,101.0,292.0,CARIACICA,Condutor deixou de manter distância do veículo da frente,Colisão traseira,Com Vítimas Feridas,Plena Noite,Decrescente,Chuva,Dupla,Reta;Declive,Sim,2.0,0.0,2.0,0.0,0.0,0.0,2.0,1.0,-20.307885,-40.394741,SPRF-ES,DEL01-ES,UOP01-DEL01-ES,2025-04-25 20:15:00,2025.0,4.0,20.0,noite,True,0,moderado,BR-101
687330.0,2025-04-25,sexta,21:10,ES,101.0,325.0,GUARAPARI,Chuva,Queda de ocupante de veículo,Com Vítimas Feridas,Plena Noite,Crescente,Chuva,Dupla,Reta,Não,2.0,0.0,2.0,0.0,0.0,0.0,2.0,1.0,-20.55633551,-40.48060656,SPRF-ES,DEL03-ES,UOP01-DEL03-ES,2025-04-25 21:10:00,2025.0,4.0,21.0,noite,True,0,moderado,BR-101
687382.0,2025-04-26,sabado,05:20,ES,101.0,292.8,CARIACICA,Reação tardia ou ineficiente do condutor,Queda de ocupante de veículo,Com Vítimas Feridas,Amanhecer,Decrescente,Céu Claro,Múltipla,Reta,Sim,1.0,0.0,1.0,0.0,0.0,0.0,1.0,1.0,-20.32494571,-40.39555618,SPRF-ES,DEL01-ES,UOP01-DEL01-ES,2025-04-26 05:20:00,2025.0,4.0,5.0,madrugada,True,0,moderado,BR-101
687588.0,2025-04-27,domingo,02:30,ES,101.0,255.0,SERRA,Reação tardia ou ineficiente do condutor,Colisão lateral mesmo sentido,Com Vítimas Feridas,Plena Noite,Crescente,Céu Claro,Simples,Reta,Sim,2.0,0.0,2.0,0.0,0.0,0.0,2.0,2.0,-20.118736,-40.311946,SPRF-ES,DEL02-ES,UOP01-DEL02-ES,2025-04-27 02:30:00,2025.0,4.0,2.0,madrugada,True,0,moderado,BR-101
687643.0,2025-02-22,sabado,22:40,ES,101.0,257.3,SERRA,Pedestre andava na pista,Atropelamento de Pedestre,Com Vítimas Feridas,Plena Noite,Decrescente,Ignorado,Dupla,Rotatória,Não,2.0,0.0,0.0,1.0,0.0,1.0,1.0,2.0,-20.12832782,-40.29915935,SPRF-ES,DEL02-ES,UOP01-DEL02-ES,2025-02-22 22:40:00,2025.0,2.0,22.0,noite,True,1,grave,BR-101
687825.0,2025-04-28,segunda,09:45,ES,101.0,270.8,SERRA,Manobra de mudança de faixa,Colisão lateral mesmo sentido,Com Vítimas Feridas,Pleno dia,Crescente,Nublado,Múltipla,Curva,Sim,6.0,0.0,2.0,2.0,2.0,0.0,4.0,2.0,-20.232365,-40.2745916,SPRF-ES,DEL02-ES,UOP01-DEL02-ES,2025-04-28 09:45:00,2025.0,4.0,9.0,manha,True,1,grave,BR-101
687834.0,2025-04-28,segunda,10:15,ES,101.0,14.9,SERRA,Demais falhas mecânicas ou elétricas,Tombamento,Com Vítimas Feridas,Pleno dia,Decrescente,Céu Claro,Dupla,Reta,Não,1.0,0.0,1.0,0.0,0.0,0.0,1.0,1.0,-20.18372,-40.339705,SPRF-ES,DEL02-ES,UOP01-DEL02-ES,2025-04-28 10:15:00,2025.0,4.0,10.0,manha,True,0,moderado,BR-101
688023.0,2025-04-29,terca,09:40,ES,101.0,296.0,CARIACICA,Ausência de reação do condutor,Colisão traseira,Com Vítimas Feridas,Pleno dia,Decrescente,Nublado,Dupla,Aclive;Curva;Viaduto,Sim,2.0,0.0,0.0,1.0,1.0,0.0,1.0,2.0,-20.343261,-40.405925,SPRF-ES,DEL01-ES,UOP01-DEL01-ES,2025-04-29 09:40:00,2025.0,4.0,9.0,manha,True,1,grave,BR-101
688095.0,2025-04-29,terca,17:10,ES,101.0,285.1,CARIACICA,Acesso irregular,Colisão transversal,Com Vítimas Feridas,Anoitecer,Crescente,Céu Claro,Dupla,Reta;Declive;Interseção de Vias,Sim,2.0,0.0,1.0,1.0,0.0,0.0,2.0,2.0,-20.25205,-40.37313,SPRF-ES,DEL01-ES,UOP01-DEL01-ES,2025-04-29 17:10:00,2025.0,4.0,17.0,tarde,True,1,grave,BR-101
688194.0,2025-04-30,quarta,09:00,ES,101.0,280.8,SERRA,Afundamento ou ondulação no pavimento,Tombamento,Com Vítimas Feridas,Pleno dia,Decrescente,Nublado,Dupla,Reta;Aclive,Não,1.0,0.0,0.0,1.0,0.0,0.0,1.0,1.0,-20.22162017,-40.35751462,SPRF-ES,DEL02-ES,UOP01-DEL02-ES,2025-04-30 09:00:00,2025.0,4.0,9.0,manha,True,1,grave,BR-101
688276.0,2025-04-30,quarta,16:15,ES,101.0,280.0,SERRA,Manobra de mudança de faixa,Colisão lateral mesmo sentido,Com Vítimas Feridas,Pleno dia,Decrescente,Nublado,Dupla,Reta,Não,2.0,0.0,1.0,0.0,1.0,0.0,1.0,2.0,-20.217756,-40.352636,SPRF-ES,DEL02-ES,UOP01-DEL02-ES,2025-04-30 16:15:00,2025.0,4.0,16.0,tarde,True,0,moderado,BR-101
688283.0,2025-04-30,quarta,17:00,ES,101.0,295.2,CARIACICA,Manobra de mudança de faixa,Colisão lateral mesmo sentido,Com Vítimas Feridas,Anoitecer,Crescente,Nublado,Múltipla,Reta,Sim,2.0,0.0,1.0,0.0,1.0,0.0,1.0,2.0,-20.3341961,-40.4015379,SPRF-ES,DEL01-ES,UOP01-DEL01-ES,2025-04-30 17:00:00,2025.0,4.0,17.0,tarde,True,0,moderado,BR-101
688420.0,2025-05-01,quinta,06:40,ES,101.0,232.2,FUNDAO,Ultrapassagem Indevida,Colisão frontal,Com Vítimas Feridas,Pleno dia,Crescente,Céu Claro,Simples,Reta,Não,5.0,0.0,3.0,0.0,2.0,0.0,3.0,2.0,-19.95487046,-40.41010004,SPRF-ES,DEL02-ES,UOP01-DEL02-ES,2025-05-01 06:40:00,2025.0,5.0,6.0,manha,True,0,moderado,BR-101
688438.0,2025-04-03,quinta,10:25,ES,101.0,264.9,SERRA,Condutor deixou de manter distância do veículo da frente,Colisão traseira,Com Vítimas Feridas,Pleno dia,Crescente,Céu Claro,Dupla,Reta,Sim,2.0,0.0,1.0,0.0,1.0,0.0,1.0,2.0,-20.048847,-40.3866996,SPRF-ES,DEL02-ES,UOP01-DEL02-ES,2025-04-03 10:25:00,2025.0,4.0,10.0,manha,True,0,moderado,BR-101
688489.0,2025-05-01,quinta,14:40,ES,262.0,21.0,VIANA,Condutor Dormindo,Colisão frontal,Com Vítimas Feridas,Pleno dia,Crescente,Céu Claro,Simples,Reta;Declive,Não,6.0,0.0,6.0,0.0,0.0,0.0,6.0,2.0,-20.375805,-40.512829,SPRF-ES,DEL01-ES,UOP01-DEL01-ES,2025-05-01 14:40:00,2025.0,5.0,14.0,tarde,True,0,moderado,BR-262
688495.0,2025-05-01,quinta,14:50,ES,101.0,311.0,VILA VELHA,Demais falhas mecânicas ou elétricas,Incêndio,Sem Vítimas,Pleno dia,Decrescente,Céu Claro,Dupla,Reta,Não,1.0,0.0,0.0,0.0,1.0,0.0,0.0,1.0,-20.4363702,-40.45934558,SPRF-ES,DEL01-ES,UOP01-DEL01-ES,2025-05-01 14:50:00,2025.0,5.0,14.0,tarde,True,0,baixo,BR-101
688605.0,2025-05-02,sexta,06:49,ES,101.0,270.0,SERRA,Reação tardia ou ineficiente do condutor,Colisão traseira,Com Vítimas Feridas,Pleno dia,Crescente,Céu Claro,Dupla,Reta,Sim,2.0,0.0,1.0,0.0,1.0,0.0,1.0,2.0,-20.228275,-40.271729,SPRF-ES,DEL02-ES,UOP01-DEL02-ES,2025-05-02 06:49:00,2025.0,5.0,6.0,manha,True,0,moderado,BR-101
688611.0,2025-05-02,sexta,07:50,ES,101.0,264.8,SERRA,Reação tardia ou ineficiente do condutor,Tombamento,Com Vítimas Feridas,Pleno dia,Crescente,Sol,Múltipla,Curva,Sim,1.0,0.0,0.0,1.0,0.0,0.0,1.0,1.0,-20.18065333,-40.26532167,SPRF-ES,DEL02-ES,UOP01-DEL02-ES,2025-05-02 07:50:00,2025.0,5.0,7.0,manha,True,1,grave,BR-101
688642.0,2025-05-02,sexta,10:15,ES,262.0,27.3,VIANA,Velocidade Incompatível,Tombamento,Com Vítimas Feridas,Pleno dia,Decrescente,Céu Claro,Simples,Curva,Não,1.0,0.0,0.0,1.0,0.0,0.0,1.0,1.0,-20.385803,-40.553105,SPRF-ES,DEL01-ES,UOP01-DEL01-ES,2025-05-02 10:15:00,2025.0,5.0,10.0,manha,True,1,grave,BR-262
688694.0,2025-05-02,sexta,16:55,ES,101.0,266.3,SERRA,Reação tardia ou ineficiente do condutor,Tombamento,Com Vítimas Feridas,Pleno dia,Crescente,Céu Claro,Múltipla,Reta;Interseção de Vias,Sim,2.0,0.0,2.0,0.0,0.0,0.0,2.0,1.0,-20.19353927,-40.26839018,SPRF-ES,DEL02-ES,UOP01-DEL02-ES,2025-05-02 16:55:00,2025.0,5.0,16.0,tarde,True,0,moderado,BR-101
688837.0,2025-05-03,sabado,10:35,ES,101.0,281.0,SERRA,Velocidade Incompatível,Saída de leito carroçável,Com Vítimas Feridas,Pleno dia,Crescente,Céu Claro,Dupla,Curva,Não,1.0,0.0,0.0,1.0,0.0,0.0,1.0,1.0,-20.037632,-40.1965056,SPRF-ES,DEL02-ES,UOP01-DEL02-ES,2025-05-03 10:35:00,2025.0,5.0,10.0,manha,True,1,grave,BR-101
689089.0,2025-05-04,domingo,17:40,ES,101.0,275.5,SERRA,Ausência de reação do condutor,Saída de leito carroçável,Com Vítimas Feridas,Anoitecer,Crescente,Nublado,Dupla,Curva,Não,3.0,0.0,2.0,0.0,1.0,0.0,2.0,1.0,-20.2095924,-40.2989186,SPRF-ES,DEL02-ES,UOP01-DEL02-ES,2025-05-04 17:40:00,2025.0,5.0,17.0,tarde,True,0,moderado,BR-101
689145.0,2025-05-04,domingo,22:10,ES,101.0,278.0,SERRA,Reação tardia ou ineficiente do condutor,Colisão com objeto,Com Vítimas Feridas,Plena Noite,Crescente,Céu Claro,Dupla,Reta,Não,3.0,0.0,1.0,0.0,2.0,0.0,1.0,1.0,-20.218008,-40.33775,SPRF-ES,DEL02-ES,UOP01-DEL02-ES,2025-05-04 22:10:00,2025.0,5.0,22.0,noite,True,0,moderado,BR-101
689233.0,2025-05-05,segunda,09:55,ES,101.0,338.7,GUARAPARI,Avarias e/ou desgaste excessivo no pneu,Tombamento,Com Vítimas Feridas,Pleno dia,Crescente,Chuva,Dupla,Curva,Não,1.0,0.0,1.0,0.0,0.0,0.0,1.0,1.0,-20.64378,-40.55548,SPRF-ES,DEL03-ES,UOP01-DEL03-ES,2025-05-05 09:55:00,2025.0,5.0,9.0,manha,True,0,moderado,BR-101
689510.0,2025-05-06,terca,18:20,ES,101.0,288.0,CARIACICA,Avarias e/ou desgaste excessivo no pneu,Queda de ocupante de veículo,Com Vítimas Feridas,Plena Noite,Decrescente,Céu Claro,Dupla,Reta;Declive,Sim,2.0,0.0,0.0,1.0,1.0,0.0,1.0,1.0,-20.276634,-40.392539,SPRF-ES,DEL01-ES,UOP01-DEL01-ES,2025-05-06 18:20:00,2025.0,5.0,18.0,noite,True,1,grave,BR-101
689515.0,2025-05-06,terca,18:20,ES,101.0,266.2,SERRA,Trafegar com motocicleta (ou similar) entre as faixas,Tombamento,Com Vítimas Feridas,Plena Noite,Decrescente,Nublado,Múltipla,Reta,Sim,2.0,0.0,2.0,0.0,0.0,0.0,2.0,1.0,-20.1927205,-40.2684606,SPRF-ES,DEL02-ES,UOP01-DEL02-ES,2025-05-06 18:20:00,2025.0,5.0,18.0,noite,True,0,moderado,BR-101
689525.0,2025-05-06,terca,18:50,ES,101.0,264.6,SERRA,Condutor desrespeitou a iluminação vermelha do semáforo,Colisão transversal,Com Vítimas Feridas,Plena Noite,Crescente,Chuva,Múltipla,Reta,Sim,2.0,0.0,1.0,0.0,1.0,0.0,1.0,2.0,-20.17882667,-40.26541,SPRF-ES,DEL02-ES,UOP01-DEL02-ES,2025-05-06 18:50:00,2025.0,5.0,18.0,noite,True,0,moderado,BR-101
689636.0,2025-05-07,quarta,13:50,ES,101.0,298.0,VIANA,Manobra de mudança de faixa,Colisão lateral mesmo sentido,Com Vítimas Feridas,Pleno dia,Crescente,Céu Claro,Simples,Reta,Sim,2.0,0.0,0.0,1.0,1.0,0.0,1.0,2.0,-20.3827417,-40.4596019,SPRF-ES,DEL01-ES,UOP01-DEL01-ES,2025-05-07 13:50:00,2025.0,5.0,13.0,tarde,True,1,grave,BR-101
689680.0,2025-05-07,quarta,16:30,ES,101.0,290.0,CARIACICA,Reação tardia ou ineficiente do condutor,Colisão traseira,Com Vítimas Feridas,Pleno dia,Crescente,Nublado,Dupla,Reta,Sim,2.0,0.0,1.0,0.0,1.0,0.0,1.0,2.0,-20.29356942,-40.39275885,SPRF-ES,DEL01-ES,UOP01-DEL01-ES,2025-05-07 16:30:00,2025.0,5.0,16.0,tarde,True,0,moderado,BR-101
689809.0,2025-05-08,quinta,12:30,ES,101.0,232.0,FUNDAO,Mal súbito do condutor,Colisão traseira,Com Vítimas Feridas,Pleno dia,Crescente,Chuva,Simples,Reta,Não,2.0,0.0,2.0,0.0,0.0,0.0,2.0,2.0,-19.960886,-40.406994,SPRF-ES,DEL02-ES,UOP01-DEL02-ES,2025-05-08 12:30:00,2025.0,5.0,12.0,tarde,True,0,moderado,BR-101
689845.0,2025-05-08,quinta,16:00,ES,101.0,295.2,CARIACICA,Desrespeitar a preferência no cruzamento,Colisão transversal,Com Vítimas Feridas,Pleno dia,Crescente,Nublado,Múltipla,Interseção de Vias;Reta,Sim,2.0,0.0,1.0,0.0,1.0,0.0,1.0,2.0,-20.33479295,-40.4015979,SPRF-ES,DEL01-ES,UOP01-DEL01-ES,2025-05-08 16:00:00,2025.0,5.0,16.0,tarde,True,0,moderado,BR-101
689918.0,2025-05-08,quinta,21:00,ES,262.0,48.0,VIANA,Transitar na contramão,Colisão lateral sentido oposto,Sem Vítimas,Plena Noite,Crescente,Céu Claro,Simples,Reta,Não,2.0,0.0,0.0,0.0,1.0,1.0,0.0,2.0,-20.3827398,-40.4596022,SPRF-ES,DEL01-ES,UOP01-DEL01-ES,2025-05-08 21:00:00,2025.0,5.0,21.0,noite,True,0,baixo,BR-262
689940.0,2025-05-09,sexta,07:00,ES,101.0,295.6,CARIACICA,Desrespeitar a preferência no cruzamento,Colisão frontal,Com Vítimas Feridas,Pleno dia,Crescente,Céu Claro,Múltipla,Interseção de Vias,Sim,2.0,0.0,1.0,0.0,1.0,0.0,1.0,2.0,-20.330171,-40.3987397,SPRF-ES,DEL01-ES,UOP01-DEL01-ES,2025-05-09 07:00:00,2025.0,5.0,7.0,manha,True,0,moderado,BR-101
689954.0,2025-05-09,sexta,07:30,ES,101.0,290.7,CARIACICA,Manobra de mudança de faixa,Colisão lateral mesmo sentido,Com Vítimas Feridas,Pleno dia,Crescente,Céu Claro,Dupla,Reta,Sim,3.0,0.0,1.0,1.0,1.0,0.0,2.0,2.0,-20.29578,-40.393613,SPRF-ES,DEL01-ES,UOP01-DEL01-ES,2025-05-09 07:30:00,2025.0,5.0,7.0,manha,True,1,grave,BR-101
689978.0,2025-05-09,sexta,08:21,ES,101.0,268.5,SERRA,Acessar a via sem observar a presença dos outros veículos,Atropelamento de Pedestre,Sem Vítimas,Pleno dia,Crescente,Sol,Múltipla,Reta,Sim,2.0,0.0,0.0,0.0,1.0,1.0,0.0,2.0,-20.21232,-40.2698417,SPRF-ES,DEL02-ES,UOP01-DEL02-ES,2025-05-09 08:21:00,2025.0,5.0,8.0,manha,True,0,baixo,BR-101
690004.0,2025-05-09,sexta,11:25,ES,0.0,0.0,VITORIA,Reação tardia ou ineficiente do condutor,Colisão transversal,Sem Vítimas,Pleno dia,Não Informado,Céu Claro,Simples,Interseção de Vias,Sim,2.0,0.0,0.0,0.0,2.0,0.0,0.0,2.0,-20.30985721,-40.31447053,SPRF-ES,,,2025-05-09 11:25:00,2025.0,5.0,11.0,manha,True,0,baixo,BR-0
690032.0,2025-05-09,sexta,13:50,ES,101.0,264.0,SERRA,Condutor deixou de manter distância do veículo da frente,Colisão traseira,Com Vítimas Feridas,Plena Noite,Decrescente,Céu Claro,Dupla,Reta,Sim,2.0,0.0,1.0,0.0,1.0,0.0,1.0,2.0,-20.1772261,-40.265721,SPRF-ES,DEL02-ES,UOP01-DEL02-ES,2025-05-09 13:50:00,2025.0,5.0,13.0,tarde,True,0,moderado,BR-101
690049.0,2025-05-09,sexta,16:20,ES,101.0,303.4,VIANA,Entrada inopinada do pedestre,Atropelamento de Pedestre,Com Vítimas Fatais,Pleno dia,Decrescente,Céu Claro,Dupla,Reta,Sim,3.0,2.0,0.0,0.0,0.0,1.0,0.0,2.0,-20.37810151,-40.44887066,SPRF-ES,DEL01-ES,UOP01-DEL01-ES,2025-05-09 16:20:00,2025.0,5.0,16.0,tarde,True,1,fatal,BR-101
690181.0,2025-05-10,sabado,01:20,ES,101.0,269.8,SERRA,Condutor desrespeitou a iluminação vermelha do semáforo,Colisão transversal,Com Vítimas Feridas,Plena Noite,Decrescente,Nublado,Múltipla,Interseção de Vias,Sim,4.0,0.0,1.0,1.0,2.0,0.0,2.0,2.0,-20.21232,-40.2698417,SPRF-ES,DEL02-ES,UOP01-DEL02-ES,2025-05-10 01:20:00,2025.0,5.0,1.0,madrugada,True,1,grave,BR-101
690341.0,2025-05-10,sabado,17:00,ES,101.0,262.0,SERRA,Condutor desrespeitou a iluminação vermelha do semáforo,Colisão transversal,Sem Vítimas,Pleno dia,Crescente,Céu Claro,Dupla,Retorno Regulamentado,Sim,2.0,0.0,0.0,0.0,2.0,0.0,0.0,2.0,-20.16678641,-40.27208598,SPRF-ES,DEL02-ES,UOP01-DEL02-ES,2025-05-10 17:00:00,2025.0,5.0,17.0,tarde,True,0,baixo,BR-101
690353.0,2025-05-10,sabado,18:05,ES,101.0,304.4,VIANA,Condutor deixou de manter distância do veículo da frente,Colisão traseira,Com Vítimas Feridas,Plena Noite,Decrescente,Céu Claro,Dupla,Reta;Viaduto,Sim,3.0,0.0,2.0,0.0,1.0,0.0,2.0,2.0,-20.382732,-40.459658,SPRF-ES,DEL01-ES,UOP01-DEL01-ES,2025-05-10 18:05:00,2025.0,5.0,18.0,noite,True,0,moderado,BR-101
690383.0,2025-05-10,sabado,20:00,ES,101.0,331.8,GUARAPARI,Reação tardia ou ineficiente do condutor,Colisão com objeto,Com Vítimas Feridas,Plena Noite,Crescente,Céu Claro,Dupla,Curva,Não,1.0,0.0,1.0,0.0,0.0,0.0,1.0,1.0,-20.606,-40.506,SPRF-ES,DEL03-ES,UOP01-DEL03-ES,2025-05-10 20:00:00,2025.0,5.0,20.0,noite,True,0,moderado,BR-101
690500.0,2025-05-11,domingo,06:40,ES,101.0,288.0,CARIACICA,Ausência de reação do condutor,Colisão com objeto,Sem Vítimas,Amanhecer,Decrescente,Céu Claro,Dupla,Reta,Sim,1.0,0.0,0.0,0.0,1.0,0.0,0.0,1.0,-20.26962672,-40.38980265,SPRF-ES,DEL01-ES,UOP01-DEL01-ES,2025-05-11 06:40:00,2025.0,5.0,6.0,manha,True,0,baixo,BR-101
690650.0,2025-05-11,domingo,18:00,ES,101.0,327.0,GUARAPARI,Chuva,Queda de ocupante de veículo,Com Vítimas Feridas,Plena Noite,Crescente,Chuva,Dupla,Reta,Não,2.0,0.0,2.0,0.0,0.0,0.0,2.0,1.0,-20.5732622,-40.4852525,SPRF-ES,DEL03-ES,UOP01-DEL03-ES,2025-05-11 18:00:00,2025.0,5.0,18.0,noite,True,0,moderado,BR-101
690892.0,2025-05-12,segunda,19:20,ES,101.0,229.6,FUNDAO,Pedestre cruzava a pista fora da faixa,Atropelamento de Pedestre,Com Vítimas Feridas,Plena Noite,Crescente,Chuva,Múltipla,Reta,Sim,2.0,0.0,1.0,0.0,0.0,1.0,1.0,2.0,-19.93429833,-40.40494167,SPRF-ES,DEL02-ES,UOP01-DEL02-ES,2025-05-12 19:20:00,2025.0,5.0,19.0,noite,True,0,moderado,BR-101
690979.0,2025-05-13,terca,09:20,ES,101.0,262.1,SERRA,Acessar a via sem observar a presença dos outros veículos,Colisão lateral mesmo sentido,Com Vítimas Feridas,Pleno dia,Crescente,Céu Claro,Dupla,Reta,Sim,4.0,0.0,0.0,1.0,3.0,0.0,1.0,2.0,-20.04884974,-40.38639807,SPRF-ES,DEL02-ES,UOP01-DEL02-ES,2025-05-13 09:20:00,2025.0,5.0,9.0,manha,True,1,grave,BR-101
691025.0,2025-05-13,terca,14:00,ES,101.0,267.5,SERRA,Manobra de mudança de faixa,Saída de leito carroçável,Com Vítimas Feridas,Pleno dia,Decrescente,Sol,Múltipla,Reta,Sim,2.0,0.0,1.0,0.0,1.0,0.0,1.0,1.0,-20.2049518,-40.26888,SPRF-ES,DEL02-ES,UOP01-DEL02-ES,2025-05-13 14:00:00,2025.0,5.0,14.0,tarde,True,0,moderado,BR-101