id,data,dia_semana,hora,uf,rodovia,km,municipio,causa,tipo_acidente,classificacao,fase_dia,sentido_via,condicao_metereologica,tipo_pista,tracado_via,uso_solo,pessoas,mortos,feridos_leves,feridos_graves,ilesos,ignorados,feridos,veiculos,latitude,longitude,regional,delegacia,uop,data_hora,ano,mes,hora_dia,periodo_dia,regiao_grande_vitoria,risco_alto,nivel_risco,rodovia_label
691094.0,2025-05-13,terca,19:40,ES,101.0,257.5,SERRA,Acessar a via sem observar a presença dos outros veículos,Colisão transversal,Com Vítimas Feridas,Pleno dia,Crescente,Nublado,Dupla,Reta,Sim,2.0,0.0,0.0,1.0,1.0,0.0,1.0,2.0,-20.12848049,-40.29900802,SPRF-ES,DEL02-ES,UOP01-DEL02-ES,2025-05-13 19:40:00,2025.0,5.0,19.0,noite,True,1,grave,BR-101
691154.0,2025-05-14,quarta,07:28,ES,101.0,322.0,GUARAPARI,Demais falhas mecânicas ou elétricas,Incêndio,Sem Vítimas,Pleno dia,Crescente,Nublado,Dupla,Reta,Não,1.0,0.0,0.0,0.0,1.0,0.0,0.0,1.0,-20.52694351,-40.48180668,SPRF-ES,DEL03-ES,UOP01-DEL03-ES,2025-05-14 07:28:00,2025.0,5.0,7.0,manha,True,0,baixo,BR-101
691238.0,2025-05-14,quarta,15:30,ES,101.0,266.5,SERRA,Condutor desrespeitou a iluminação vermelha do semáforo,Colisão transversal,Com Vítimas Feridas,Anoitecer,Crescente,Chuva,Múltipla,Reta,Não,2.0,0.0,1.0,1.0,0.0,0.0,2.0,2.0,-20.19551333,-40.26872333,SPRF-ES,DEL02-ES,UOP01-DEL02-ES,2025-05-14 15:30:00,2025.0,5.0,15.0,tarde,True,1,grave,BR-101
691372.0,2025-05-15,quinta,08:35,ES,101.0,252.3,SERRA,Animais na Pista,Tombamento,Com Vítimas Feridas,Pleno dia,Crescente,Céu Claro,Simples,Reta,Não,1.0,0.0,0.0,1.0,0.0,0.0,1.0,1.0,-20.0999583,-40.337041,SPRF-ES,DEL02-ES,UOP01-DEL02-ES,2025-05-15 08:35:00,2025.0,5.0,8.0,manha,True,1,grave,BR-101
691405.0,2025-05-15,quinta,10:50,ES,101.0,289.0,CARIACICA,Ausência de reação do condutor,Queda de ocupante de veículo,Com Vítimas Feridas,Pleno dia,Decrescente,Céu Claro,Dupla,Reta,Sim,1.0,0.0,1.0,0.0,0.0,0.0,1.0,1.0,-20.270987,-40.3905461,SPRF-ES,DEL01-ES,UOP01-DEL01-ES,2025-05-15 10:50:00,2025.0,5.0,10.0,manha,True,0,moderado,BR-101
691450.0,2025-05-15,quinta,16:20,ES,101.0,255.0,SERRA,Reação tardia ou ineficiente do condutor,Colisão traseira,Com Vítimas Feridas,Pleno dia,Crescente,Céu Claro,Simples,Reta,Não,2.0,0.0,1.0,0.0,1.0,0.0,1.0,2.0,-20.048857,-40.3866912,SPRF-ES,DEL02-ES,UOP01-DEL02-ES,2025-05-15 16:20:00,2025.0,5.0,16.0,tarde,True,0,moderado,BR-101
691501.0,2025-05-15,quinta,20:20,ES,101.0,265.0,SERRA,Deficiência do Sistema de Iluminação/Sinalização,Atropelamento de Pedestre,Com Vítimas Feridas,Plena Noite,Crescente,Chuva,Dupla,Reta,Sim,3.0,0.0,2.0,0.0,0.0,1.0,2.0,2.0,-20.18178891,-40.26542191,SPRF-ES,DEL02-ES,UOP01-DEL02-ES,2025-05-15 20:20:00,2025.0,5.0,20.0,noite,True,0,moderado,BR-101
691592.0,2025-05-16,sexta,08:30,ES,101.0,299.2,VIANA,Reação tardia ou ineficiente do condutor,Colisão lateral mesmo sentido,Com Vítimas Feridas,Pleno dia,Crescente,Nublado,Múltipla,Reta,Sim,2.0,0.0,1.0,0.0,1.0,0.0,1.0,2.0,-20.35814639,-40.42076111,SPRF-ES,DEL01-ES,UOP01-DEL01-ES,2025-05-16 08:30:00,2025.0,5.0,8.0,manha,True,0,moderado,BR-101
691613.0,2025-05-16,sexta,12:45,ES,101.0,270.6,SERRA,Condutor desrespeitou a iluminação vermelha do semáforo,Colisão transversal,Com Vítimas Feridas,Pleno dia,Decrescente,Céu Claro,Múltipla,Interseção de Vias,Sim,4.0,0.0,2.0,1.0,1.0,0.0,3.0,2.0,-20.23085183,-40.27316451,SPRF-ES,DEL02-ES,UOP01-DEL02-ES,2025-05-16 12:45:00,2025.0,5.0,12.0,tarde,True,1,grave,BR-101
691755.0,2025-05-17,sabado,03:00,ES,101.0,295.0,CARIACICA,Velocidade Incompatível,Capotamento,Com Vítimas Feridas,Plena Noite,Decrescente,Nublado,Dupla,Reta,Sim,1.0,0.0,0.0,1.0,0.0,0.0,1.0,1.0,-20.33691812,-40.40232253,SPRF-ES,DEL01-ES,UOP01-DEL01-ES,2025-05-17 03:00:00,2025.0,5.0,3.0,madrugada,True,1,grave,BR-101
691805.0,2025-05-17,sabado,09:00,ES,101.0,270.7,SERRA,Velocidade Incompatível,Colisão com objeto,Com Vítimas Feridas,Pleno dia,Crescente,Nublado,Múltipla,Curva,Sim,1.0,0.0,1.0,0.0,0.0,0.0,1.0,1.0,-20.23272427,-40.2755785,SPRF-ES,DEL02-ES,UOP01-DEL02-ES,2025-05-17 09:00:00,2025.0,5.0,9.0,manha,True,0,moderado,BR-101
691853.0,2025-05-17,sabado,14:00,ES,101.0,269.9,SERRA,Manobra de mudança de faixa,Colisão lateral mesmo sentido,Com Vítimas Feridas,Pleno dia,Decrescente,Céu Claro,Dupla,Reta,Sim,2.0,0.0,1.0,0.0,1.0,0.0,1.0,2.0,-20.0488618,-40.3866904,SPRF-ES,DEL02-ES,UOP01-DEL02-ES,2025-05-17 14:00:00,2025.0,5.0,14.0,tarde,True,0,moderado,BR-101
691894.0,2025-05-17,sabado,16:51,ES,101.0,270.4,SERRA,Condutor desrespeitou a iluminação vermelha do semáforo,Colisão transversal,Com Vítimas Feridas,Pleno dia,Decrescente,Céu Claro,Múltipla,Reta,Sim,5.0,0.0,0.0,1.0,4.0,0.0,1.0,2.0,-20.0488623,-40.386691,SPRF-ES,DEL02-ES,UOP01-DEL02-ES,2025-05-17 16:51:00,2025.0,5.0,16.0,tarde,True,1,grave,BR-101
691968.0,2025-05-17,sabado,22:00,ES,101.0,265.4,SERRA,Entrada inopinada do pedestre,Atropelamento de Pedestre,Com Vítimas Feridas,Plena Noite,Decrescente,Nublado,Múltipla,Declive;Reta,Sim,4.0,0.0,1.0,0.0,1.0,2.0,1.0,2.0,-20.20495438,-40.26906983,SPRF-ES,DEL02-ES,UOP01-DEL02-ES,2025-05-17 22:00:00,2025.0,5.0,22.0,noite,True,0,moderado,BR-101
692056.0,2025-05-18,domingo,10:00,ES,101.0,344.7,GUARAPARI,Reação tardia ou ineficiente do condutor,Colisão com objeto,Com Vítimas Feridas,Pleno dia,Decrescente,Nublado,Dupla,Reta,Não,1.0,0.0,1.0,0.0,0.0,0.0,1.0,1.0,-20.66136735,-40.60512543,SPRF-ES,DEL03-ES,UOP01-DEL03-ES,2025-05-18 10:00:00,2025.0,5.0,10.0,manha,True,0,moderado,BR-101
692148.0,2025-05-18,domingo,19:30,ES,101.0,265.2,SERRA,Reação tardia ou ineficiente do condutor,Engavetamento,Com Vítimas Feridas,Plena Noite,Crescente,Céu Claro,Dupla,Reta,Sim,6.0,0.0,2.0,0.0,4.0,0.0,2.0,3.0,-20.18479,-40.26783,SPRF-ES,DEL02-ES,UOP01-DEL02-ES,2025-05-18 19:30:00,2025.0,5.0,19.0,noite,True,0,moderado,BR-101
692265.0,2025-05-19,segunda,07:15,ES,101.0,245.9,SERRA,Demais falhas mecânicas ou elétricas,Incêndio,Sem Vítimas,Pleno dia,Crescente,Nublado,Dupla,Reta,Não,1.0,0.0,0.0,0.0,1.0,0.0,0.0,1.0,-20.0488636,-40.3866951,SPRF-ES,DEL02-ES,UOP01-DEL02-ES,2025-05-19 07:15:00,2025.0,5.0,7.0,manha,True,0,baixo,BR-101
692482.0,2025-05-20,terca,08:20,ES,101.0,288.0,CARIACICA,Manobra de mudança de faixa,Colisão lateral mesmo sentido,Com Vítimas Feridas,Pleno dia,Decrescente,Sol,Dupla,Reta;Declive,Sim,2.0,0.0,0.0,1.0,1.0,0.0,1.0,2.0,-20.27164276,-40.39123535,SPRF-ES,DEL01-ES,UOP01-DEL01-ES,2025-05-20 08:20:00,2025.0,5.0,8.0,manha,True,1,grave,BR-101
692551.0,2025-05-20,terca,15:00,ES,101.0,282.9,CARIACICA,Pista esburacada,Colisão com objeto,Com Vítimas Feridas,Pleno dia,Decrescente,Céu Claro,Múltipla,Retorno Regulamentado;Reta,Não,2.0,0.0,0.0,1.0,0.0,1.0,1.0,2.0,-20.23265836,-40.36839215,SPRF-ES,DEL01-ES,UOP01-DEL01-ES,2025-05-20 15:00:00,2025.0,5.0,15.0,tarde,True,1,grave,BR-101
692780.0,2025-05-21,quarta,17:26,ES,101.0,263.1,SERRA,Manobra de mudança de faixa,Colisão lateral mesmo sentido,Com Vítimas Feridas,Pleno dia,Decrescente,Céu Claro,Simples,Reta,Sim,2.0,0.0,1.0,0.0,1.0,0.0,1.0,2.0,-20.17453061,-40.2669688,SPRF-ES,DEL02-ES,UOP01-DEL02-ES,2025-05-21 17:26:00,2025.0,5.0,17.0,tarde,True,0,moderado,BR-101
692783.0,2025-05-21,quarta,17:30,ES,101.0,263.1,SERRA,Manobra de mudança de faixa,Colisão lateral mesmo sentido,Com Vítimas Feridas,Anoitecer,Decrescente,Nublado,Dupla,Reta,Sim,3.0,0.0,1.0,1.0,1.0,0.0,2.0,2.0,-20.16776216,-40.27132315,SPRF-ES,DEL02-ES,UOP01-DEL02-ES,2025-05-21 17:30:00,2025.0,5.0,17.0,tarde,True,1,grave,BR-101
692858.0,2025-05-22,quinta,01:00,ES,101.0,279.0,SERRA,Ausência de reação do condutor,Saída de leito carroçável,Com Vítimas Feridas,Plena Noite,Crescente,Céu Claro,Dupla,Reta,Não,1.0,0.0,0.0,1.0,0.0,0.0,1.0,1.0,-20.21737431,-40.3303037,SPRF-ES,DEL02-ES,UOP01-DEL02-ES,2025-05-22 01:00:00,2025.0,5.0,1.0,madrugada,True,1,grave,BR-101
692945.0,2025-05-22,quinta,13:08,ES,101.0,289.7,CARIACICA,Manobra de mudança de faixa,Tombamento,Com Vítimas Feridas,Pleno dia,Decrescente,Céu Claro,Dupla,Reta,Não,1.0,0.0,0.0,1.0,0.0,0.0,1.0,1.0,-20.291155,-40.391728,SPRF-ES,DEL01-ES,UOP01-DEL01-ES,2025-05-22 13:08:00,2025.0,5.0,13.0,tarde,True,1,grave,BR-101
692961.0,2025-05-22,quinta,14:50,ES,101.0,294.7,CARIACICA,Manobra de mudança de faixa,Colisão lateral mesmo sentido,Com Vítimas Feridas,Pleno dia,Decrescente,Céu Claro,Múltipla,Reta,Sim,3.0,0.0,2.0,0.0,1.0,0.0,2.0,2.0,-20.330453,-40.399162,SPRF-ES,DEL01-ES,UOP01-DEL01-ES,2025-05-22 14:50:00,2025.0,5.0,14.0,tarde,True,0,moderado,BR-101
692972.0,2025-05-22,quinta,15:40,ES,101.0,337.8,GUARAPARI,Acessar a via sem observar a presença dos outros veículos,Tombamento,Com Vítimas Feridas,Pleno dia,Crescente,Nublado,Dupla,Reta,Não,1.0,0.0,0.0,1.0,0.0,0.0,1.0,1.0,-20.6063591,-40.50693154,SPRF-ES,DEL03-ES,UOP01-DEL03-ES,2025-05-22 15:40:00,2025.0,5.0,15.0,tarde,True,1,grave,BR-101
692981.0,2025-05-22,quinta,16:00,ES,101.0,10.5,SERRA,Demais falhas mecânicas ou elétricas,Incêndio,Sem Vítimas,Pleno dia,Crescente,Nublado,Dupla,Reta,Não,1.0,0.0,0.0,0.0,1.0,0.0,0.0,1.0,-20.14814211,-40.34507811,SPRF-ES,DEL02-ES,UOP01-DEL02-ES,2025-05-22 16:00:00,2025.0,5.0,16.0,tarde,True,0,baixo,BR-101
693042.0,2025-04-14,segunda,15:10,ES,101.0,264.0,SERRA,Semáforo com defeito,Colisão transversal,Com Vítimas Feridas,Pleno dia,Crescente,Nublado,Múltipla,Interseção de Vias,Sim,2.0,0.0,0.0,1.0,1.0,0.0,1.0,2.0,-20.17698542,-40.2658784,SPRF-ES,DEL02-ES,UOP01-DEL02-ES,2025-04-14 15:10:00,2025.0,4.0,15.0,tarde,True,1,grave,BR-101
693044.0,2025-05-22,quinta,21:10,ES,101.0,270.2,SERRA,Reação tardia ou ineficiente do condutor,Colisão transversal,Com Vítimas Feridas,Plena Noite,Crescente,Céu Claro,Dupla,Interseção de Vias,Sim,3.0,0.0,1.0,0.0,2.0,0.0,1.0,2.0,-20.230815,-40.273087,SPRF-ES,DEL02-ES,UOP01-DEL02-ES,2025-05-22 21:10:00,2025.0,5.0,21.0,noite,True,0,moderado,BR-101
693098.0,2025-05-23,sexta,06:30,ES,101.0,284.0,CARIACICA,Ausência de reação do condutor,Queda de ocupante de veículo,Com Vítimas Feridas,Pleno dia,Crescente,Céu Claro,Dupla,Aclive;Curva,Não,2.0,0.0,2.0,0.0,0.0,0.0,2.0,1.0,-20.2473824,-40.3706038,SPRF-ES,DEL01-ES,UOP01-DEL01-ES,2025-05-23 06:30:00,2025.0,5.0,6.0,manha,True,0,moderado,BR-101
693105.0,2025-05-23,sexta,08:10,ES,101.0,268.0,SERRA,Ausência de reação do condutor,Colisão traseira,Com Vítimas Feridas,Pleno dia,Crescente,Céu Claro,Dupla,Reta,Sim,3.0,0.0,2.0,0.0,1.0,0.0,2.0,2.0,-20.21692066,-40.27014792,SPRF-ES,DEL02-ES,UOP01-DEL02-ES,2025-05-23 08:10:00,2025.0,5.0,8.0,manha,True,0,moderado,BR-101
693166.0,2025-05-23,sexta,13:35,ES,101.0,259.2,SERRA,Retorno proibido,Colisão transversal,Com Vítimas Feridas,Pleno dia,Decrescente,Céu Claro,Dupla,Reta;Declive,Sim,2.0,0.0,0.0,1.0,1.0,0.0,1.0,2.0,-20.140411,-40.2923,SPRF-ES,DEL02-ES,UOP01-DEL02-ES,2025-05-23 13:35:00,2025.0,5.0,13.0,tarde,True,1,grave,BR-101
693259.0,2025-05-23,sexta,19:30,ES,262.0,21.0,VIANA,Ausência de reação do condutor,Tombamento,Com Vítimas Feridas,Plena Noite,Crescente,Céu Claro,Simples,Reta,Não,1.0,0.0,1.0,0.0,0.0,0.0,1.0,1.0,-20.3805859,-40.505194,SPRF-ES,DEL01-ES,UOP01-DEL01-ES,2025-05-23 19:30:00,2025.0,5.0,19.0,noite,True,0,moderado,BR-262
693344.0,2025-05-24,sabado,07:20,ES,101.0,272.0,SERRA,Acumulo de água sobre o pavimento,Queda de ocupante de veículo,Com Vítimas Feridas,Pleno dia,Crescente,Chuva,Dupla,Reta,Não,1.0,0.0,1.0,0.0,0.0,0.0,1.0,1.0,-20.22724888,-40.28426988,SPRF-ES,DEL02-ES,UOP01-DEL02-ES,2025-05-24 07:20:00,2025.0,5.0,7.0,manha,True,0,moderado,BR-101
693493.0,2025-05-24,sabado,17:40,ES,101.0,255.0,SERRA,Reação tardia ou ineficiente do condutor,Atropelamento de Pedestre,Com Vítimas Feridas,Anoitecer,Crescente,Chuva,Simples,Reta,Sim,2.0,0.0,0.0,1.0,0.0,1.0,1.0,2.0,-20.117527,-40.314354,SPRF-ES,DEL02-ES,UOP01-DEL02-ES,2025-05-24 17:40:00,2025.0,5.0,17.0,tarde,True,1,grave,BR-101
693655.0,2025-05-09,sexta,11:25,ES,101.0,265.5,SERRA,Condutor desrespeitou a iluminação vermelha do semáforo,Colisão transversal,Com Vítimas Feridas,Pleno dia,Crescente,Céu Claro,Múltipla,Reta,Sim,2.0,0.0,2.0,0.0,0.0,0.0,2.0,2.0,-20.1906852,-40.26840712,SPRF-ES,DEL02-ES,UOP01-DEL02-ES,2025-05-09 11:25:00,2025.0,5.0,11.0,manha,True,0,moderado,BR-101
693671.0,2025-05-25,domingo,17:56,ES,101.0,271.0,SERRA,Condutor deixou de manter distância do veículo da frente,Colisão traseira,Com Vítimas Feridas,Anoitecer,Decrescente,Céu Claro,Dupla,Reta,Sim,3.0,0.0,1.0,0.0,1.0,1.0,1.0,2.0,-20.23044915,-40.28023481,SPRF-ES,DEL02-ES,UOP01-DEL02-ES,2025-05-25 17:56:00,2025.0,5.0,17.0,tarde,True,0,moderado,BR-101
693730.0,2025-05-25,domingo,23:55,ES,101.0,304.8,VIANA,Ausência de reação do condutor,Tombamento,Com Vítimas Feridas,Plena Noite,Crescente,Chuva,Dupla,Reta,Sim,1.0,0.0,1.0,0.0,0.0,0.0,1.0,1.0,-20.38267822,-40.45925617,SPRF-ES,DEL01-ES,UOP01-DEL01-ES,2025-05-25 23:55:00,2025.0,5.0,23.0,noite,True,0,moderado,BR-101
693847.0,2025-05-18,domingo,20:30,ES,101.0,255.5,SERRA,Condutor desrespeitou a iluminação vermelha do semáforo,Colisão transversal,Com Vítimas Feridas,Plena Noite,Crescente,Céu Claro,Simples,Interseção de Vias,Sim,4.0,0.0,3.0,0.0,0.0,1.0,3.0,3.0,-20.11732584,-40.31478167,SPRF-ES,DEL02-ES,UOP01-DEL02-ES,2025-05-18 20:30:00,2025.0,5.0,20.0,noite,True,0,moderado,BR-101
693949.0,2025-05-14,quarta,17:20,ES,101.0,270.0,SERRA,Reação tardia ou ineficiente do condutor,Colisão traseira,Com Vítimas Feridas,Anoitecer,Decrescente,Chuva,Múltipla,Reta,Sim,2.0,0.0,1.0,0.0,1.0,0.0,1.0,2.0,-20.229368,-40.272189,SPRF-ES,DEL02-ES,UOP01-DEL02-ES,2025-05-14 17:20:00,2025.0,5.0,17.0,tarde,True,0,moderado,BR-101
694149.0,2025-05-27,terca,22:15,ES,101.0,251.9,SERRA,Reação tardia ou ineficiente do condutor,Colisão com objeto,Com Vítimas Feridas,Plena Noite,Decrescente,Céu Claro,Simples,Reta,Não,1.0,0.0,1.0,0.0,0.0,0.0,1.0,1.0,-20.09685719,-40.33920818,SPRF-ES,DEL02-ES,UOP01-DEL02-ES,2025-05-27 22:15:00,2025.0,5.0,22.0,noite,True,0,moderado,BR-101
694167.0,2025-05-28,quarta,02:40,ES,101.0,265.0,SERRA,Ausência de reação do condutor,Capotamento,Com Vítimas Feridas,Plena Noite,Decrescente,Ignorado,Dupla,Reta,Sim,1.0,0.0,0.0,1.0,0.0,0.0,1.0,1.0,-20.18453806,-40.26700526,SPRF-ES,DEL02-ES,UOP01-DEL02-ES,2025-05-28 02:40:00,2025.0,5.0,2.0,madrugada,True,1,grave,BR-101
694317.0,2025-05-28,quarta,18:00,ES,101.0,264.0,SERRA,Ausência de reação do condutor,Colisão traseira,Com Vítimas Feridas,Anoitecer,Decrescente,Chuva,Múltipla,Interseção de Vias,Sim,2.0,0.0,0.0,1.0,1.0,0.0,1.0,2.0,-20.17804445,-40.26562982,SPRF-ES,DEL02-ES,UOP01-DEL02-ES,2025-05-28 18:00:00,2025.0,5.0,18.0,noite,True,1,grave,BR-101
694482.0,2025-05-29,quinta,17:20,ES,101.0,287.3,CARIACICA,Manobra de mudança de faixa,Colisão lateral mesmo sentido,Com Vítimas Feridas,Anoitecer,Crescente,Nublado,Dupla,Reta,Sim,2.0,0.0,1.0,0.0,1.0,0.0,1.0,2.0,-20.26685007,-40.386986,SPRF-ES,DEL01-ES,UOP01-DEL01-ES,2025-05-29 17:20:00,2025.0,5.0,17.0,tarde,True,0,moderado,BR-101
694663.0,2025-05-30,sexta,14:40,ES,101.0,264.4,SERRA,Retorno proibido,Colisão transversal,Com Vítimas Feridas,Pleno dia,Decrescente,Nublado,Dupla,Reta,Não,3.0,0.0,0.0,1.0,2.0,0.0,1.0,2.0,-20.176,-40.265,SPRF-ES,DEL02-ES,UOP01-DEL02-ES,2025-05-30 14:40:00,2025.0,5.0,14.0,tarde,True,1,grave,BR-101
694682.0,2025-05-30,sexta,16:30,ES,101.0,271.0,SERRA,Acessar a via sem observar a presença dos outros veículos,Colisão transversal,Com Vítimas Feridas,Pleno dia,Crescente,Céu Claro,Múltipla,Reta,Sim,3.0,0.0,2.0,0.0,1.0,0.0,2.0,2.0,-20.231522,-40.278382,SPRF-ES,DEL02-ES,UOP01-DEL02-ES,2025-05-30 16:30:00,2025.0,5.0,16.0,tarde,True,0,moderado,BR-101
694827.0,2025-05-31,sabado,06:42,ES,101.0,342.5,GUARAPARI,Velocidade Incompatível,Saída de leito carroçável,Sem Vítimas,Pleno dia,Crescente,Chuva,Dupla,Curva;Aclive,Não,1.0,0.0,0.0,0.0,1.0,0.0,0.0,1.0,-20.65842407,-40.58503501,SPRF-ES,DEL03-ES,UOP01-DEL03-ES,2025-05-31 06:42:00,2025.0,5.0,6.0,manha,True,0,baixo,BR-101
694851.0,2025-05-31,sabado,08:47,ES,101.0,259.4,SERRA,Acesso irregular,Atropelamento de Pedestre,Com Vítimas Fatais,Pleno dia,Crescente,Céu Claro,Dupla,Reta,Sim,2.0,1.0,0.0,0.0,1.0,0.0,0.0,2.0,-20.0369655,-40.4089556,SPRF-ES,DEL02-ES,UOP01-DEL02-ES,2025-05-31 08:47:00,2025.0,5.0,8.0,manha,True,1,fatal,BR-101
694869.0,2025-05-31,sabado,06:10,ES,101.0,280.0,SERRA,Manobra de mudança de faixa,Colisão com objeto,Sem Vítimas,Pleno dia,Crescente,Céu Claro,Simples,Reta,Não,1.0,0.0,0.0,0.0,0.0,1.0,0.0,1.0,-20.2214658,-40.3580904,SPRF-ES,DEL02-ES,UOP01-DEL02-ES,2025-05-31 06:10:00,2025.0,5.0,6.0,manha,True,0,baixo,BR-101
694891.0,2025-05-31,sabado,12:55,ES,101.0,289.8,CARIACICA,Velocidade Incompatível,Saída de leito carroçável,Com Vítimas Feridas,Pleno dia,Decrescente,Nublado,Simples,Reta;Declive,Não,2.0,0.0,2.0,0.0,0.0,0.0,2.0,1.0,-20.28480583,-40.39270369,SPRF-ES,DEL01-ES,UOP01-DEL01-ES,2025-05-31 12:55:00,2025.0,5.0,12.0,tarde,True,0,moderado,BR-101
694920.0,2025-05-31,sabado,15:30,ES,101.0,333.0,GUARAPARI,Avarias e/ou desgaste excessivo no pneu,Queda de ocupante de veículo,Com Vítimas Feridas,Pleno dia,Crescente,Nublado,Dupla,Reta,Não,2.0,0.0,2.0,0.0,0.0,0.0,2.0,1.0,-20.6149111,-40.5152516,SPRF-ES,DEL03-ES,UOP01-DEL03-ES,2025-05-31 15:30:00,2025.0,5.0,15.0,tarde,True,0,moderado,BR-101
695019.0,2025-05-31,sabado,22:10,ES,101.0,264.0,SERRA,Ausência de reação do condutor,Queda de ocupante de veículo,Com Vítimas Feridas,Plena Noite,Crescente,Céu Claro,Múltipla,Reta,Sim,1.0,0.0,1.0,0.0,0.0,0.0,1.0,1.0,-20.18374253,-40.26641518,SPRF-ES,DEL02-ES,UOP01-DEL02-ES,2025-05-31 22:10:00,2025.0,5.0,22.0,noite,True,0,moderado,BR-101
695148.0,2025-03-05,quarta,20:30,ES,101.0,298.0,VIANA,Ausência de reação do condutor,Queda de ocupante de veículo,Com Vítimas Feridas,Plena Noite,Decrescente,Ignorado,Dupla,Curva,Não,1.0,0.0,0.0,1.0,0.0,0.0,1.0,1.0,-20.354248,-40.41616,SPRF-ES,DEL01-ES,UOP01-DEL01-ES,2025-03-05 20:30:00,2025.0,3.0,20.0,noite,True,1,grave,BR-101
695320.0,2025-06-02,segunda,07:40,ES,101.0,294.7,CARIACICA,Ausência de reação do condutor,Colisão lateral mesmo sentido,Com Vítimas Feridas,Pleno dia,Crescente,Céu Claro,Dupla,Reta,Sim,2.0,0.0,1.0,0.0,0.0,1.0,1.0,2.0,-20.32902159,-40.39848089,SPRF-ES,DEL01-ES,UOP01-DEL01-ES,2025-06-02 07:40:00,2025.0,6.0,7.0,manha,True,0,moderado,BR-101
695358.0,2025-06-02,segunda,13:15,ES,101.0,265.8,SERRA,Reação tardia ou ineficiente do condutor,Colisão lateral mesmo sentido,Com Vítimas Feridas,Pleno dia,Decrescente,Nublado,Múltipla,Reta,Sim,2.0,0.0,2.0,0.0,0.0,0.0,2.0,2.0,-20.1880472,-40.2687369,SPRF-ES,DEL02-ES,UOP01-DEL02-ES,2025-06-02 13:15:00,2025.0,6.0,13.0,tarde,True,0,moderado,BR-101
695484.0,2025-06-03,terca,02:00,ES,101.0,265.0,SERRA,Entrada inopinada do pedestre,Atropelamento de Pedestre,Com Vítimas Feridas,Plena Noite,Crescente,Chuva,Dupla,Reta,Sim,2.0,0.0,0.0,1.0,1.0,0.0,1.0,2.0,-20.18679475,-40.26808083,SPRF-ES,DEL02-ES,UOP01-DEL02-ES,2025-06-03 02:00:00,2025.0,6.0,2.0,madrugada,True,1,grave,BR-101
695600.0,2025-06-03,terca,17:00,ES,101.0,266.0,SERRA,Manobra de mudança de faixa,Colisão lateral mesmo sentido,Com Vítimas Feridas,Anoitecer,Decrescente,Nublado,Dupla,Reta,Sim,2.0,0.0,1.0,0.0,1.0,0.0,1.0,2.0,-20.194865,-40.268418,SPRF-ES,DEL02-ES,UOP01-DEL02-ES,2025-06-03 17:00:00,2025.0,6.0,17.0,tarde,True,0,moderado,BR-101
695660.0,2025-06-03,terca,18:55,ES,101.0,267.8,SERRA,Manobra de mudança de faixa,Colisão traseira,Sem Vítimas,Plena Noite,Decrescente,Chuva,Múltipla,Reta,Sim,2.0,0.0,0.0,0.0,2.0,0.0,0.0,2.0,-20.2066465,-40.2691885,SPRF-ES,DEL02-ES,UOP01-DEL02-ES,2025-06-03 18:55:00,2025.0,6.0,18.0,noite,True,0,baixo,BR-101
695705.0,2025-06-04,quarta,05:55,ES,101.0,265.7,SERRA,Ausência de reação do condutor,Colisão lateral mesmo sentido,Com Vítimas Feridas,Amanhecer,Crescente,Ignorado,Dupla,Reta,Sim,2.0,0.0,1.0,0.0,1.0,0.0,1.0,2.0,-20.196453,-40.268785,SPRF-ES,DEL02-ES,UOP01-DEL02-ES,2025-06-04 05:55:00,2025.0,6.0,5.0,madrugada,True,0,moderado,BR-101
695748.0,2025-06-04,quarta,08:35,ES,101.0,297.8,CARIACICA,Manobra de mudança de faixa,Colisão lateral mesmo sentido,Com Vítimas Feridas,Pleno dia,Crescente,Sol,Dupla,Reta,Sim,3.0,0.0,2.0,0.0,1.0,0.0,2.0,2.0,-20.34842595,-40.41178107,SPRF-ES,DEL01-ES,UOP01-DEL01-ES,2025-06-04 08:35:00,2025.0,6.0,8.0,manha,True,0,moderado,BR-101
695805.0,2025-06-04,quarta,14:40,ES,262.0,0.7,CARIACICA,Reação tardia ou ineficiente do condutor,Colisão traseira,Com Vítimas Feridas,Pleno dia,Decrescente,Céu Claro,Dupla,Ponte,Não,2.0,0.0,1.0,0.0,1.0,0.0,1.0,2.0,-20.32699,-40.35472,SPRF-ES,DEL01-ES,UOP01-DEL01-ES,2025-06-04 14:40:00,2025.0,6.0,14.0,tarde,True,0,moderado,BR-262
695829.0,2025-04-05,sabado,18:15,ES,101.0,285.1,CARIACICA,Pedestre cruzava a pista fora da faixa,Atropelamento de Pedestre,Com Vítimas Feridas,Plena Noite,Crescente,Nublado,Dupla,Reta,Sim,2.0,0.0,0.0,1.0,1.0,0.0,1.0,2.0,-20.253721,-40.374341,SPRF-ES,DEL01-ES,UOP01-DEL01-ES,2025-04-05 18:15:00,2025.0,4.0,18.0,noite,True,1,grave,BR-101