id,data,dia_semana,hora,uf,rodovia,km,municipio,causa,tipo_acidente,classificacao,fase_dia,sentido_via,condicao_metereologica,tipo_pista,tracado_via,uso_solo,pessoas,mortos,feridos_leves,feridos_graves,ilesos,ignorados,feridos,veiculos,latitude,longitude,regional,delegacia,uop,data_hora,ano,mes,hora_dia,periodo_dia,regiao_grande_vitoria,risco_alto,nivel_risco,rodovia_label
696072.0,2025-06-05,quinta,18:09,ES,101.0,264.0,SERRA,Reação tardia ou ineficiente do condutor,Colisão lateral mesmo sentido,Com Vítimas Feridas,Plena Noite,Decrescente,Céu Claro,Dupla,Reta,Sim,2.0,0.0,0.0,1.0,0.0,1.0,1.0,2.0,-20.179607,-40.265201,SPRF-ES,DEL02-ES,UOP01-DEL02-ES,2025-06-05 18:09:00,2025.0,6.0,18.0,noite,True,1,grave,BR-101
696080.0,2025-06-05,quinta,18:00,ES,262.0,26.9,VIANA,Manobra de mudança de faixa,Colisão lateral mesmo sentido,Com Vítimas Feridas,Anoitecer,Decrescente,Nublado,Simples,Curva,Não,2.0,0.0,1.0,0.0,0.0,1.0,1.0,2.0,-20.38294909,-40.55124521,SPRF-ES,DEL01-ES,UOP01-DEL01-ES,2025-06-05 18:00:00,2025.0,6.0,18.0,noite,True,0,moderado,BR-262
696104.0,2025-06-05,quinta,20:15,ES,101.0,259.0,SERRA,Ausência de reação do condutor,Queda de ocupante de veículo,Com Vítimas Fatais,Plena Noite,Decrescente,Nublado,Dupla,Reta,Sim,3.0,2.0,0.0,0.0,1.0,0.0,0.0,2.0,-20.13930636,-40.29233694,SPRF-ES,DEL02-ES,UOP01-DEL02-ES,2025-06-05 20:15:00,2025.0,6.0,20.0,noite,True,1,fatal,BR-101
696138.0,2025-06-06,sexta,03:00,ES,101.0,264.0,SERRA,Ingestão de álcool pelo condutor,Colisão com objeto,Sem Vítimas,Plena Noite,Crescente,Céu Claro,Múltipla,Interseção de Vias,Sim,1.0,0.0,0.0,0.0,1.0,0.0,0.0,1.0,-20.17789511,-40.26540667,SPRF-ES,DEL02-ES,UOP01-DEL02-ES,2025-06-06 03:00:00,2025.0,6.0,3.0,madrugada,True,0,baixo,BR-101
696366.0,2025-06-06,sexta,22:50,ES,101.0,269.0,SERRA,Manobra de mudança de faixa,Tombamento,Com Vítimas Feridas,Pleno dia,Decrescente,Céu Claro,Dupla,Reta,Sim,1.0,0.0,1.0,0.0,0.0,0.0,1.0,1.0,-20.21919388,-40.27021408,SPRF-ES,DEL02-ES,UOP01-DEL02-ES,2025-06-06 22:50:00,2025.0,6.0,22.0,noite,True,0,moderado,BR-101
696429.0,2025-06-07,sabado,06:45,ES,101.0,252.9,SERRA,Acessar a via sem observar a presença dos outros veículos,Tombamento,Com Vítimas Feridas,Pleno dia,Crescente,Céu Claro,Simples,Reta;Interseção de Vias,Não,1.0,0.0,0.0,1.0,0.0,0.0,1.0,1.0,-20.10481,-40.33258,SPRF-ES,DEL02-ES,UOP01-DEL02-ES,2025-06-07 06:45:00,2025.0,6.0,6.0,manha,True,1,grave,BR-101
696445.0,2025-06-07,sabado,08:30,ES,101.0,264.2,SERRA,Manobra de mudança de faixa,Colisão lateral mesmo sentido,Com Vítimas Feridas,Pleno dia,Crescente,Céu Claro,Dupla,Reta,Não,2.0,0.0,0.0,1.0,1.0,0.0,1.0,2.0,-20.17582,-40.26622,SPRF-ES,DEL02-ES,UOP01-DEL02-ES,2025-06-07 08:30:00,2025.0,6.0,8.0,manha,True,1,grave,BR-101
696481.0,2025-06-07,sabado,08:30,ES,101.0,13.0,SERRA,Reação tardia ou ineficiente do condutor,Tombamento,Sem Vítimas,Pleno dia,Crescente,Céu Claro,Dupla,Reta,Não,1.0,0.0,0.0,0.0,0.0,1.0,0.0,1.0,-20.170852,-40.347757,SPRF-ES,DEL02-ES,UOP01-DEL02-ES,2025-06-07 08:30:00,2025.0,6.0,8.0,manha,True,0,baixo,BR-101
696539.0,2025-06-07,sabado,16:30,ES,101.0,282.4,CARIACICA,Avarias e/ou desgaste excessivo no pneu,Queda de ocupante de veículo,Com Vítimas Feridas,Pleno dia,Decrescente,Nublado,Dupla,Reta,Não,2.0,0.0,1.0,0.0,1.0,0.0,1.0,1.0,-20.22700071,-40.36444394,SPRF-ES,DEL01-ES,UOP01-DEL01-ES,2025-06-07 16:30:00,2025.0,6.0,16.0,tarde,True,0,moderado,BR-101
696559.0,2025-06-07,sabado,17:30,ES,101.0,14.0,SERRA,Avarias e/ou desgaste excessivo no pneu,Tombamento,Com Vítimas Feridas,Anoitecer,Crescente,Céu Claro,Dupla,Curva,Não,2.0,0.0,1.0,1.0,0.0,0.0,2.0,1.0,-20.20632,-40.333585,SPRF-ES,DEL02-ES,UOP01-DEL02-ES,2025-06-07 17:30:00,2025.0,6.0,17.0,tarde,True,1,grave,BR-101
696690.0,2025-06-08,domingo,05:00,ES,101.0,289.8,CARIACICA,Reação tardia ou ineficiente do condutor,Saída de leito carroçável,Sem Vítimas,Plena Noite,Decrescente,Nublado,Dupla,Reta;Declive,Sim,1.0,0.0,0.0,0.0,1.0,0.0,0.0,1.0,-20.2873756,-40.3919448,SPRF-ES,DEL01-ES,UOP01-DEL01-ES,2025-06-08 05:00:00,2025.0,6.0,5.0,madrugada,True,0,baixo,BR-101
696988.0,2025-06-09,segunda,12:00,ES,101.0,290.7,CARIACICA,Manobra de mudança de faixa,Colisão lateral mesmo sentido,Com Vítimas Feridas,Pleno dia,Crescente,Céu Claro,Dupla,Reta,Sim,3.0,0.0,0.0,2.0,1.0,0.0,2.0,2.0,-20.29494211,-40.39327383,SPRF-ES,DEL01-ES,UOP01-DEL01-ES,2025-06-09 12:00:00,2025.0,6.0,12.0,tarde,True,1,grave,BR-101
696991.0,2025-06-09,segunda,12:00,ES,101.0,266.9,SERRA,Reação tardia ou ineficiente do condutor,Queda de ocupante de veículo,Com Vítimas Feridas,Pleno dia,Crescente,Céu Claro,Dupla,Reta,Sim,1.0,0.0,1.0,0.0,0.0,0.0,1.0,1.0,-20.129886,-40.296982,SPRF-ES,DEL02-ES,UOP01-DEL02-ES,2025-06-09 12:00:00,2025.0,6.0,12.0,tarde,True,0,moderado,BR-101
697102.0,2025-06-09,segunda,19:30,ES,101.0,294.7,CARIACICA,Condutor desrespeitou a iluminação vermelha do semáforo,Colisão lateral mesmo sentido,Sem Vítimas,Plena Noite,Decrescente,Nublado,Múltipla,Interseção de Vias,Sim,2.0,0.0,0.0,0.0,2.0,0.0,0.0,2.0,-20.32992924,-40.39880991,SPRF-ES,DEL01-ES,UOP01-DEL01-ES,2025-06-09 19:30:00,2025.0,6.0,19.0,noite,True,0,baixo,BR-101
697148.0,2025-06-10,terca,05:40,ES,101.0,274.0,VITORIA,Demais falhas mecânicas ou elétricas,Queda de ocupante de veículo,Com Vítimas Feridas,Amanhecer,Decrescente,Nublado,Dupla,Reta,Não,2.0,0.0,2.0,0.0,0.0,0.0,2.0,1.0,-20.2604544,-40.2784256,SPRF-ES,DEL02-ES,UOP01-DEL02-ES,2025-06-10 05:40:00,2025.0,6.0,5.0,madrugada,True,0,moderado,BR-101
697154.0,2025-06-10,terca,07:20,ES,101.0,268.9,SERRA,Manobra de mudança de faixa,Colisão lateral mesmo sentido,Com Vítimas Feridas,Pleno dia,Crescente,Nublado,Dupla,Reta,Sim,2.0,0.0,1.0,0.0,0.0,1.0,1.0,2.0,-20.22076653,-40.27025521,SPRF-ES,DEL02-ES,UOP01-DEL02-ES,2025-06-10 07:20:00,2025.0,6.0,7.0,manha,True,0,moderado,BR-101
697177.0,2025-06-10,terca,09:00,ES,101.0,269.4,SERRA,Condutor deixou de manter distância do veículo da frente,Colisão traseira,Com Vítimas Feridas,Pleno dia,Decrescente,Céu Claro,Múltipla,Reta,Não,2.0,0.0,1.0,0.0,1.0,0.0,1.0,2.0,-20.22176196,-40.2701962,SPRF-ES,DEL02-ES,UOP01-DEL02-ES,2025-06-10 09:00:00,2025.0,6.0,9.0,manha,True,0,moderado,BR-101
697185.0,2025-06-10,terca,09:52,ES,101.0,268.7,SERRA,Trafegar com motocicleta (ou similar) entre as faixas,Tombamento,Com Vítimas Feridas,Pleno dia,Crescente,Céu Claro,Múltipla,Reta,Sim,1.0,0.0,0.0,1.0,0.0,0.0,1.0,1.0,-20.0488571,-40.3866823,SPRF-ES,DEL02-ES,UOP01-DEL02-ES,2025-06-10 09:52:00,2025.0,6.0,9.0,manha,True,1,grave,BR-101
697203.0,2025-06-10,terca,11:43,ES,101.0,269.5,SERRA,Ausência de reação do condutor,Colisão traseira,Com Vítimas Feridas,Pleno dia,Decrescente,Sol,Múltipla,Reta;Interseção de Vias,Sim,2.0,0.0,1.0,0.0,1.0,0.0,1.0,2.0,-20.22198245,-40.2702551,SPRF-ES,DEL02-ES,UOP01-DEL02-ES,2025-06-10 11:43:00,2025.0,6.0,11.0,manha,True,0,moderado,BR-101
697212.0,2025-06-10,terca,08:00,ES,101.0,296.0,CARIACICA,Acessar a via sem observar a presença dos outros veículos,Colisão traseira,Com Vítimas Feridas,Pleno dia,Crescente,Chuva,Dupla,Curva;Retorno Regulamentado;Viaduto,Sim,5.0,0.0,2.0,0.0,3.0,0.0,2.0,3.0,-20.34169572,-40.40556084,SPRF-ES,DEL01-ES,UOP01-DEL01-ES,2025-06-10 08:00:00,2025.0,6.0,8.0,manha,True,0,moderado,BR-101
697357.0,2025-06-11,quarta,07:10,ES,101.0,267.9,SERRA,Ausência de reação do condutor,Tombamento,Com Vítimas Feridas,Pleno dia,Crescente,Nublado,Múltipla,Reta,Sim,1.0,0.0,1.0,0.0,0.0,0.0,1.0,1.0,-20.207284,-40.269528,SPRF-ES,DEL02-ES,UOP01-DEL02-ES,2025-06-11 07:10:00,2025.0,6.0,7.0,manha,True,0,moderado,BR-101
697432.0,2025-06-11,quarta,14:19,ES,101.0,287.0,CARIACICA,Velocidade Incompatível,Colisão traseira,Com Vítimas Feridas,Pleno dia,Decrescente,Garoa/Chuvisco,Dupla,Retorno Regulamentado,Sim,3.0,0.0,1.0,1.0,1.0,0.0,2.0,2.0,-20.26612129,-40.38619341,SPRF-ES,DEL01-ES,UOP01-DEL01-ES,2025-06-11 14:19:00,2025.0,6.0,14.0,tarde,True,1,grave,BR-101
697488.0,2025-06-11,quarta,19:00,ES,101.0,290.6,CARIACICA,Manobra de mudança de faixa,Colisão traseira,Com Vítimas Feridas,Plena Noite,Decrescente,Nublado,Dupla,Reta;Retorno Regulamentado,Não,3.0,0.0,2.0,0.0,1.0,0.0,2.0,2.0,-20.294183,-40.393092,SPRF-ES,DEL01-ES,UOP01-DEL01-ES,2025-06-11 19:00:00,2025.0,6.0,19.0,noite,True,0,moderado,BR-101
697492.0,2025-06-11,quarta,19:50,ES,101.0,305.1,VIANA,Chuva,Saída de leito carroçável,Com Vítimas Feridas,Plena Noite,Decrescente,Chuva,Múltipla,Reta,Não,1.0,0.0,1.0,0.0,0.0,0.0,1.0,1.0,-20.38654947,-40.46307564,SPRF-ES,DEL01-ES,UOP01-DEL01-ES,2025-06-11 19:50:00,2025.0,6.0,19.0,noite,True,0,moderado,BR-101
697513.0,2025-06-11,quarta,21:29,ES,101.0,296.9,CARIACICA,Ausência de reação do condutor,Tombamento,Com Vítimas Feridas,Plena Noite,Crescente,Nublado,Dupla,Reta,Sim,2.0,0.0,1.0,0.0,1.0,0.0,1.0,1.0,-20.34577373,-40.41070819,SPRF-ES,DEL01-ES,UOP01-DEL01-ES,2025-06-11 21:29:00,2025.0,6.0,21.0,noite,True,0,moderado,BR-101
697604.0,2025-06-12,quinta,09:50,ES,101.0,8.0,SERRA,Ausência de reação do condutor,Queda de ocupante de veículo,Com Vítimas Feridas,Pleno dia,Crescente,Céu Claro,Dupla,Reta,Não,1.0,0.0,0.0,1.0,0.0,0.0,1.0,1.0,-20.04887441,-40.3865193,SPRF-ES,DEL02-ES,UOP01-DEL02-ES,2025-06-12 09:50:00,2025.0,6.0,9.0,manha,True,1,grave,BR-101
697658.0,2025-06-12,quinta,15:30,ES,262.0,20.0,VIANA,Condutor desrespeitou a iluminação vermelha do semáforo,Colisão transversal,Com Vítimas Feridas,Pleno dia,Crescente,Céu Claro,Simples,Reta,Sim,2.0,0.0,1.0,0.0,1.0,0.0,1.0,2.0,-20.3885841,-40.4949076,SPRF-ES,DEL01-ES,UOP01-DEL01-ES,2025-06-12 15:30:00,2025.0,6.0,15.0,tarde,True,0,moderado,BR-262
697741.0,2025-06-12,quinta,20:55,ES,262.0,18.0,VIANA,Ausência de reação do condutor,Tombamento,Com Vítimas Feridas,Plena Noite,Crescente,Céu Claro,Simples,Reta,Sim,1.0,0.0,1.0,0.0,0.0,0.0,1.0,1.0,-20.38815306,-40.47669975,SPRF-ES,DEL01-ES,UOP01-DEL01-ES,2025-06-12 20:55:00,2025.0,6.0,20.0,noite,True,0,moderado,BR-262
697942.0,2025-06-13,sexta,18:20,ES,101.0,266.2,SERRA,Pedestre cruzava a pista fora da faixa,Atropelamento de Pedestre,Com Vítimas Fatais,Plena Noite,Crescente,Nublado,Dupla,Reta,Sim,2.0,1.0,1.0,0.0,0.0,0.0,1.0,2.0,-20.04889234,-40.38647665,SPRF-ES,DEL02-ES,UOP01-DEL02-ES,2025-06-13 18:20:00,2025.0,6.0,18.0,noite,True,1,fatal,BR-101
698018.0,2025-06-13,sexta,23:30,ES,101.0,260.6,SERRA,Acesso irregular,Colisão transversal,Com Vítimas Feridas,Plena Noite,Decrescente,Céu Claro,Dupla,Curva,Não,2.0,0.0,0.0,1.0,1.0,0.0,1.0,2.0,-20.14718146,-40.28093577,SPRF-ES,DEL02-ES,UOP01-DEL02-ES,2025-06-13 23:30:00,2025.0,6.0,23.0,noite,True,1,grave,BR-101
698085.0,2025-06-14,sabado,12:00,ES,101.0,281.0,SERRA,Reação tardia ou ineficiente do condutor,Tombamento,Com Vítimas Feridas,Pleno dia,Crescente,Céu Claro,Dupla,Reta,Não,2.0,0.0,2.0,0.0,0.0,0.0,2.0,1.0,-20.22353411,-40.36114296,SPRF-ES,DEL02-ES,UOP01-DEL02-ES,2025-06-14 12:00:00,2025.0,6.0,12.0,tarde,True,0,moderado,BR-101
698093.0,2025-06-14,sabado,13:30,ES,101.0,289.9,CARIACICA,Manobra de mudança de faixa,Colisão lateral mesmo sentido,Com Vítimas Feridas,Pleno dia,Crescente,Nublado,Dupla,Reta,Não,2.0,0.0,1.0,0.0,0.0,1.0,1.0,2.0,-20.28341071,-40.39319706,SPRF-ES,DEL01-ES,UOP01-DEL01-ES,2025-06-14 13:30:00,2025.0,6.0,13.0,tarde,True,0,moderado,BR-101
698099.0,2025-06-14,sabado,14:20,ES,101.0,267.5,SERRA,Condutor deixou de manter distância do veículo da frente,Colisão traseira,Com Vítimas Feridas,Pleno dia,Decrescente,Céu Claro,Múltipla,Reta,Sim,2.0,0.0,1.0,0.0,1.0,0.0,1.0,2.0,-20.19987382,-40.26886135,SPRF-ES,DEL02-ES,UOP01-DEL02-ES,2025-06-14 14:20:00,2025.0,6.0,14.0,tarde,True,0,moderado,BR-101
698112.0,2025-06-14,sabado,16:00,ES,101.0,262.1,SERRA,Trafegar com motocicleta (ou similar) entre as faixas,Queda de ocupante de veículo,Com Vítimas Feridas,Pleno dia,Decrescente,Céu Claro,Dupla,Reta,Sim,2.0,0.0,1.0,1.0,0.0,0.0,2.0,1.0,-20.04888827,-40.38647878,SPRF-ES,DEL02-ES,UOP01-DEL02-ES,2025-06-14 16:00:00,2025.0,6.0,16.0,tarde,True,1,grave,BR-101
698283.0,2025-06-15,domingo,12:25,ES,101.0,270.6,SERRA,Conversão proibida,Colisão traseira,Com Vítimas Feridas,Pleno dia,Decrescente,Nublado,Múltipla,Reta,Não,3.0,0.0,1.0,0.0,2.0,0.0,1.0,2.0,-20.23076167,-40.27322667,SPRF-ES,DEL02-ES,UOP01-DEL02-ES,2025-06-15 12:25:00,2025.0,6.0,12.0,tarde,True,0,moderado,BR-101
698300.0,2025-06-15,domingo,14:15,ES,101.0,260.1,SERRA,Condutor deixou de manter distância do veículo da frente,Colisão traseira,Com Vítimas Feridas,Pleno dia,Decrescente,Céu Claro,Simples,Reta;Aclive,Não,3.0,0.0,1.0,0.0,2.0,0.0,1.0,2.0,-20.146443,-40.285803,SPRF-ES,DEL02-ES,UOP01-DEL02-ES,2025-06-15 14:15:00,2025.0,6.0,14.0,tarde,True,0,moderado,BR-101
698311.0,2025-06-15,domingo,15:00,ES,101.0,308.6,VIANA,Ausência de reação do condutor,Colisão transversal,Com Vítimas Fatais,Pleno dia,Crescente,Céu Claro,Dupla,Reta,Não,3.0,1.0,0.0,0.0,2.0,0.0,0.0,2.0,-20.4102156,-40.4581576,SPRF-ES,DEL01-ES,UOP01-DEL01-ES,2025-06-15 15:00:00,2025.0,6.0,15.0,tarde,True,1,fatal,BR-101
698410.0,2025-06-16,segunda,00:00,ES,101.0,266.7,SERRA,Demais falhas mecânicas ou elétricas,Tombamento,Com Vítimas Feridas,Plena Noite,Crescente,Nublado,Múltipla,Reta,Sim,2.0,0.0,0.0,2.0,0.0,0.0,2.0,1.0,-20.197344,-40.268765,SPRF-ES,DEL02-ES,UOP01-DEL02-ES,2025-06-16 00:00:00,2025.0,6.0,0.0,madrugada,True,1,grave,BR-101
698507.0,2025-06-16,segunda,12:00,ES,101.0,296.0,CARIACICA,Ausência de reação do condutor,Queda de ocupante de veículo,Com Vítimas Feridas,Pleno dia,Crescente,Céu Claro,Dupla,Curva,Sim,1.0,0.0,1.0,0.0,0.0,0.0,1.0,1.0,-20.34305,-40.406438,SPRF-ES,DEL01-ES,UOP01-DEL01-ES,2025-06-16 12:00:00,2025.0,6.0,12.0,tarde,True,0,moderado,BR-101
698546.0,2025-06-16,segunda,15:30,ES,101.0,282.2,CARIACICA,Avarias e/ou desgaste excessivo no pneu,Queda de ocupante de veículo,Com Vítimas Feridas,Pleno dia,Decrescente,Nublado,Dupla,Reta,Sim,2.0,0.0,2.0,0.0,0.0,0.0,2.0,1.0,-20.22997223,-40.36681652,SPRF-ES,DEL01-ES,UOP01-DEL01-ES,2025-06-16 15:30:00,2025.0,6.0,15.0,tarde,True,0,moderado,BR-101
698577.0,2025-06-16,segunda,18:00,ES,101.0,269.4,SERRA,Acumulo de óleo sobre o pavimento,Queda de ocupante de veículo,Com Vítimas Feridas,Plena Noite,Crescente,Céu Claro,Dupla,Reta,Não,1.0,0.0,0.0,1.0,0.0,0.0,1.0,1.0,-20.0488644,-40.3866806,SPRF-ES,DEL02-ES,UOP01-DEL02-ES,2025-06-16 18:00:00,2025.0,6.0,18.0,noite,True,1,grave,BR-101
698580.0,2025-06-16,segunda,18:10,ES,101.0,285.0,CARIACICA,Pedestre cruzava a pista fora da faixa,Atropelamento de Pedestre,Com Vítimas Feridas,Plena Noite,Crescente,Céu Claro,Múltipla,Reta,Não,2.0,0.0,0.0,1.0,1.0,0.0,1.0,2.0,-20.253575,-40.373956,SPRF-ES,DEL01-ES,UOP01-DEL01-ES,2025-06-16 18:10:00,2025.0,6.0,18.0,noite,True,1,grave,BR-101
698591.0,2025-06-16,segunda,18:30,ES,101.0,270.0,SERRA,Ausência de reação do condutor,Colisão lateral mesmo sentido,Com Vítimas Feridas,Plena Noite,Decrescente,Céu Claro,Dupla,Reta,Sim,3.0,0.0,0.0,2.0,1.0,0.0,2.0,2.0,-20.22378325,-40.2703618,SPRF-ES,DEL02-ES,UOP01-DEL02-ES,2025-06-16 18:30:00,2025.0,6.0,18.0,noite,True,1,grave,BR-101
698601.0,2025-06-16,segunda,20:20,ES,101.0,296.0,CARIACICA,Animais na Pista,Atropelamento de Animal,Com Vítimas Feridas,Plena Noite,Crescente,Céu Claro,Dupla,Curva;Declive,Sim,1.0,0.0,1.0,0.0,0.0,0.0,1.0,1.0,-20.34234973,-40.40584028,SPRF-ES,DEL01-ES,UOP01-DEL01-ES,2025-06-16 20:20:00,2025.0,6.0,20.0,noite,True,0,moderado,BR-101
698671.0,2025-06-17,terca,08:30,ES,101.0,289.8,CARIACICA,Ausência de reação do condutor,Tombamento,Com Vítimas Feridas,Pleno dia,Decrescente,Céu Claro,Dupla,Reta,Sim,1.0,0.0,1.0,0.0,0.0,0.0,1.0,1.0,-20.2856396,-40.39245266,SPRF-ES,DEL01-ES,UOP01-DEL01-ES,2025-06-17 08:30:00,2025.0,6.0,8.0,manha,True,0,moderado,BR-101
698860.0,2025-06-18,quarta,06:30,ES,101.0,268.0,SERRA,Ausência de reação do condutor,Colisão traseira,Com Vítimas Feridas,Pleno dia,Crescente,Céu Claro,Múltipla,Reta,Sim,2.0,0.0,0.0,1.0,0.0,1.0,1.0,2.0,-20.21091801,-40.26978493,SPRF-ES,DEL02-ES,UOP01-DEL02-ES,2025-06-18 06:30:00,2025.0,6.0,6.0,manha,True,1,grave,BR-101
698977.0,2025-06-18,quarta,16:00,ES,101.0,239.9,SERRA,Falta de elemento de contenção que evite a saída do leito carroçável,Capotamento,Sem Vítimas,Pleno dia,Decrescente,Céu Claro,Simples,Reta,Não,1.0,0.0,0.0,0.0,0.0,1.0,0.0,1.0,-20.02819355,-40.39878845,SPRF-ES,DEL02-ES,UOP01-DEL02-ES,2025-06-18 16:00:00,2025.0,6.0,16.0,tarde,True,0,baixo,BR-101
698983.0,2025-06-18,quarta,18:00,ES,101.0,259.0,SERRA,Ausência de reação do condutor,Tombamento,Com Vítimas Feridas,Plena Noite,Decrescente,Céu Claro,Simples,Reta,Não,1.0,0.0,1.0,0.0,0.0,0.0,1.0,1.0,-20.13230003,-40.29399557,SPRF-ES,DEL02-ES,UOP01-DEL02-ES,2025-06-18 18:00:00,2025.0,6.0,18.0,noite,True,0,moderado,BR-101
699124.0,2025-06-19,quinta,08:25,ES,101.0,292.0,CARIACICA,Acessar a via sem observar a presença dos outros veículos,Colisão com objeto,Sem Vítimas,Pleno dia,Decrescente,Céu Claro,Simples,Reta,Sim,2.0,0.0,0.0,0.0,1.0,1.0,0.0,2.0,-20.30675,-40.395132,SPRF-ES,DEL01-ES,UOP01-DEL01-ES,2025-06-19 08:25:00,2025.0,6.0,8.0,manha,True,0,baixo,BR-101
699196.0,2025-06-19,quinta,16:20,ES,101.0,299.9,VIANA,Condutor desrespeitou a iluminação vermelha do semáforo,Colisão transversal,Com Vítimas Feridas,Pleno dia,Crescente,Céu Claro,Múltipla,Declive;Reta,Sim,4.0,0.0,3.0,0.0,1.0,0.0,3.0,2.0,-20.3571773,-40.43008447,SPRF-ES,DEL01-ES,UOP01-DEL01-ES,2025-06-19 16:20:00,2025.0,6.0,16.0,tarde,True,0,moderado,BR-101
699314.0,2025-06-20,sexta,08:30,ES,101.0,288.3,CARIACICA,Ausência de reação do condutor,Queda de ocupante de veículo,Com Vítimas Feridas,Pleno dia,Decrescente,Céu Claro,Dupla,Reta,Sim,1.0,0.0,1.0,0.0,0.0,0.0,1.0,1.0,-20.2728368,-40.39127214,SPRF-ES,DEL01-ES,UOP01-DEL01-ES,2025-06-20 08:30:00,2025.0,6.0,8.0,manha,True,0,moderado,BR-101
699411.0,2025-06-20,sexta,17:10,ES,101.0,300.1,VIANA,Reação tardia ou ineficiente do condutor,Colisão traseira,Com Vítimas Feridas,Anoitecer,Crescente,Céu Claro,Múltipla,Declive;Interseção de Vias,Sim,3.0,0.0,0.0,1.0,2.0,0.0,1.0,2.0,-20.35945765,-40.43340984,SPRF-ES,DEL01-ES,UOP01-DEL01-ES,2025-06-20 17:10:00,2025.0,6.0,17.0,tarde,True,1,grave,BR-101
699576.0,2025-06-21,sabado,16:18,ES,101.0,282.4,CARIACICA,Manobra de mudança de faixa,Queda de ocupante de veículo,Com Vítimas Feridas,Pleno dia,Crescente,Céu Claro,Dupla,Reta,Sim,2.0,0.0,1.0,0.0,1.0,0.0,1.0,2.0,-20.2304138,-40.3672913,SPRF-ES,DEL01-ES,UOP01-DEL01-ES,2025-06-21 16:18:00,2025.0,6.0,16.0,tarde,True,0,moderado,BR-101
699599.0,2025-06-09,segunda,08:00,ES,101.0,276.9,SERRA,Carga excessiva e/ou mal acondicionada,Derramamento de carga,Com Vítimas Feridas,Pleno dia,Decrescente,Sol,Dupla,Reta,Sim,3.0,0.0,1.0,0.0,1.0,1.0,1.0,3.0,-20.2128425,-40.3208445,SPRF-ES,DEL02-ES,UOP01-DEL02-ES,2025-06-09 08:00:00,2025.0,6.0,8.0,manha,True,0,moderado,BR-101
699693.0,2025-06-22,domingo,06:00,ES,101.0,280.5,SERRA,Demais falhas mecânicas ou elétricas,Queda de ocupante de veículo,Com Vítimas Feridas,Amanhecer,Decrescente,Nublado,Dupla,Reta,Não,1.0,0.0,1.0,0.0,0.0,0.0,1.0,1.0,-20.04888867,-40.38648021,SPRF-ES,DEL02-ES,UOP01-DEL02-ES,2025-06-22 06:00:00,2025.0,6.0,6.0,manha,True,0,moderado,BR-101
699752.0,2025-06-22,domingo,13:30,ES,101.0,335.6,GUARAPARI,Reação tardia ou ineficiente do condutor,Colisão transversal,Com Vítimas Feridas,Pleno dia,Crescente,Céu Claro,Dupla,Curva,Não,3.0,0.0,1.0,0.0,2.0,0.0,1.0,2.0,-20.62791666,-40.53403166,SPRF-ES,DEL03-ES,UOP01-DEL03-ES,2025-06-22 13:30:00,2025.0,6.0,13.0,tarde,True,0,moderado,BR-101
699768.0,2025-06-22,domingo,14:30,ES,101.0,301.0,VIANA,Velocidade Incompatível,Capotamento,Com Vítimas Feridas,Pleno dia,Crescente,Céu Claro,Simples,Declive;Curva,Não,2.0,0.0,1.0,0.0,1.0,0.0,1.0,1.0,-20.36924731,-40.44430939,SPRF-ES,DEL01-ES,UOP01-DEL01-ES,2025-06-22 14:30:00,2025.0,6.0,14.0,tarde,True,0,moderado,BR-101
699819.0,2025-06-22,domingo,17:55,ES,101.0,240.6,SERRA,Entrada inopinada do pedestre,Atropelamento de Pedestre,Com Vítimas Fatais,Anoitecer,Crescente,Céu Claro,Dupla,Reta,Não,2.0,1.0,0.0,0.0,1.0,0.0,0.0,2.0,-20.03132299,-40.39736941,SPRF-ES,DEL02-ES,UOP01-DEL02-ES,2025-06-22 17:55:00,2025.0,6.0,17.0,tarde,True,1,fatal,BR-101
699935.0,2025-06-23,segunda,08:34,ES,101.0,284.6,CARIACICA,Afundamento ou ondulação no pavimento,Tombamento,Com Vítimas Feridas,Pleno dia,Decrescente,Céu Claro,Simples,Declive,Sim,2.0,0.0,1.0,1.0,0.0,0.0,2.0,1.0,-20.24802,-40.370447,SPRF-ES,DEL01-ES,UOP01-DEL01-ES,2025-06-23 08:34:00,2025.0,6.0,8.0,manha,True,1,grave,BR-101
699997.0,2025-06-23,segunda,13:00,ES,101.0,257.6,SERRA,Acessar a via sem observar a presença dos outros veículos,Colisão transversal,Com Vítimas Feridas,Pleno dia,Decrescente,Sol,Dupla,Rotatória,Sim,2.0,0.0,0.0,1.0,1.0,0.0,1.0,2.0,-20.12782145,-40.29941549,SPRF-ES,DEL02-ES,UOP01-DEL02-ES,2025-06-23 13:00:00,2025.0,6.0,13.0,tarde,True,1,grave,BR-101