id,data,dia_semana,hora,uf,rodovia,km,municipio,causa,tipo_acidente,classificacao,fase_dia,sentido_via,condicao_metereologica,tipo_pista,tracado_via,uso_solo,pessoas,mortos,feridos_leves,feridos_graves,ilesos,ignorados,feridos,veiculos,latitude,longitude,regional,delegacia,uop,data_hora,ano,mes,hora_dia,periodo_dia,regiao_grande_vitoria,risco_alto,nivel_risco,rodovia_label
710148.0,2025-08-08,sexta,07:00,ES,101.0,277.1,SERRA,Reação tardia ou ineficiente do condutor,Colisão traseira,Com Vítimas Feridas,Pleno dia,Decrescente,Céu Claro,Simples,Reta,Sim,2.0,0.0,1.0,0.0,1.0,0.0,1.0,2.0,-20.217039,-40.328454,SPRF-ES,DEL02-ES,UOP01-DEL02-ES,2025-08-08 07:00:00,2025.0,8.0,7.0,manha,True,0,moderado,BR-101
710203.0,2025-07-17,quinta,16:00,ES,101.0,262.2,SERRA,Reação tardia ou ineficiente do condutor,Colisão lateral mesmo sentido,Com Vítimas Feridas,Pleno dia,Decrescente,Céu Claro,Dupla,Retorno Regulamentado;Reta,Sim,3.0,0.0,2.0,0.0,1.0,0.0,2.0,2.0,-20.159866,-40.27573,SPRF-ES,DEL02-ES,UOP01-DEL02-ES,2025-07-17 16:00:00,2025.0,7.0,16.0,tarde,True,0,moderado,BR-101
710452.0,2025-08-09,sabado,10:30,ES,101.0,261.0,SERRA,Ultrapassagem Indevida,Colisão traseira,Com Vítimas Feridas,Pleno dia,Decrescente,Céu Claro,Simples,Curva;Aclive,Sim,2.0,0.0,1.0,0.0,0.0,1.0,1.0,2.0,-20.16099306,-40.27539975,SPRF-ES,DEL02-ES,UOP01-DEL02-ES,2025-08-09 10:30:00,2025.0,8.0,10.0,manha,True,0,moderado,BR-101
710476.0,2025-08-09,sabado,12:40,ES,101.0,257.0,SERRA,Manobra de mudança de faixa,Colisão lateral mesmo sentido,Com Vítimas Feridas,Pleno dia,Decrescente,Céu Claro,Dupla,Reta,Não,2.0,0.0,0.0,1.0,1.0,0.0,1.0,2.0,-20.13130033,-40.29531777,SPRF-ES,DEL02-ES,UOP01-DEL02-ES,2025-08-09 12:40:00,2025.0,8.0,12.0,tarde,True,1,grave,BR-101
710509.0,2025-08-09,sabado,15:09,ES,101.0,262.1,SERRA,Acessar a via sem observar a presença dos outros veículos,Colisão traseira,Com Vítimas Feridas,Pleno dia,Decrescente,Sol,Dupla,Interseção de Vias;Reta;Aclive,Sim,4.0,0.0,1.0,0.0,3.0,0.0,1.0,2.0,-20.15995493,-40.27592182,SPRF-ES,DEL02-ES,UOP01-DEL02-ES,2025-08-09 15:09:00,2025.0,8.0,15.0,tarde,True,0,moderado,BR-101
710569.0,2025-08-09,sabado,19:10,ES,101.0,230.4,FUNDAO,Manobra de mudança de faixa,Colisão traseira,Com Vítimas Feridas,Plena Noite,Crescente,Céu Claro,Simples,Curva,Sim,3.0,0.0,2.0,0.0,1.0,0.0,2.0,2.0,-19.94204645,-40.40634155,SPRF-ES,DEL02-ES,UOP01-DEL02-ES,2025-08-09 19:10:00,2025.0,8.0,19.0,noite,True,0,moderado,BR-101
710590.0,2025-08-09,sabado,20:25,ES,101.0,263.0,SERRA,Afundamento ou ondulação no pavimento,Queda de ocupante de veículo,Com Vítimas Feridas,Plena Noite,Crescente,Céu Claro,Dupla,Reta,Sim,1.0,0.0,1.0,0.0,0.0,0.0,1.0,1.0,-20.17343401,-40.267219,SPRF-ES,DEL02-ES,UOP01-DEL02-ES,2025-08-09 20:25:00,2025.0,8.0,20.0,noite,True,0,moderado,BR-101
710678.0,2025-08-10,domingo,04:58,ES,101.0,266.0,SERRA,Acessar a via sem observar a presença dos outros veículos,Colisão transversal,Com Vítimas Feridas,Amanhecer,Decrescente,Nublado,Dupla,Reta,Sim,2.0,0.0,1.0,0.0,1.0,0.0,1.0,2.0,-20.19318516,-40.26866198,SPRF-ES,DEL02-ES,UOP01-DEL02-ES,2025-08-10 04:58:00,2025.0,8.0,4.0,madrugada,True,0,moderado,BR-101
710701.0,2025-08-10,domingo,07:00,ES,101.0,232.8,FUNDAO,Reação tardia ou ineficiente do condutor,Tombamento,Com Vítimas Feridas,Pleno dia,Decrescente,Nublado,Simples,Reta,Não,1.0,0.0,1.0,0.0,0.0,0.0,1.0,1.0,-19.96819603,-40.40678144,SPRF-ES,DEL02-ES,UOP01-DEL02-ES,2025-08-10 07:00:00,2025.0,8.0,7.0,manha,True,0,moderado,BR-101
710883.0,2025-08-10,domingo,22:00,ES,101.0,296.7,CARIACICA,Reação tardia ou ineficiente do condutor,Colisão com objeto,Com Vítimas Feridas,Plena Noite,Decrescente,Céu Claro,Simples,Reta,Sim,1.0,0.0,1.0,0.0,0.0,0.0,1.0,1.0,-20.3437483,-40.40643811,SPRF-ES,DEL01-ES,UOP01-DEL01-ES,2025-08-10 22:00:00,2025.0,8.0,22.0,noite,True,0,moderado,BR-101
710888.0,2025-08-10,domingo,23:10,ES,101.0,296.7,CARIACICA,Reação tardia ou ineficiente do condutor,Colisão lateral mesmo sentido,Com Vítimas Feridas,Plena Noite,Decrescente,Céu Claro,Dupla,Reta,Sim,3.0,0.0,1.0,0.0,1.0,1.0,1.0,2.0,-20.34395751,-40.40776698,SPRF-ES,DEL01-ES,UOP01-DEL01-ES,2025-08-10 23:10:00,2025.0,8.0,23.0,noite,True,0,moderado,BR-101
710938.0,2025-08-11,segunda,06:33,ES,101.0,264.0,SERRA,Demais falhas mecânicas ou elétricas,Incêndio,Sem Vítimas,Pleno dia,Crescente,Céu Claro,Simples,Reta,Sim,1.0,0.0,0.0,0.0,1.0,0.0,0.0,1.0,-20.0488669,-40.3866817,SPRF-ES,DEL02-ES,UOP01-DEL02-ES,2025-08-11 06:33:00,2025.0,8.0,6.0,manha,True,0,baixo,BR-101
711083.0,2025-08-11,segunda,18:00,ES,101.0,282.2,CARIACICA,Acumulo de areia ou detritos sobre o pavimento,Queda de ocupante de veículo,Com Vítimas Feridas,Plena Noite,Decrescente,Céu Claro,Múltipla,Aclive,Sim,1.0,0.0,1.0,0.0,0.0,0.0,1.0,1.0,-20.22835175,-40.36567926,SPRF-ES,DEL01-ES,UOP01-DEL01-ES,2025-08-11 18:00:00,2025.0,8.0,18.0,noite,True,0,moderado,BR-101
711098.0,2025-08-11,segunda,18:57,ES,101.0,268.9,SERRA,Ausência de reação do condutor,Tombamento,Com Vítimas Feridas,Pleno dia,Crescente,Céu Claro,Dupla,Reta,Sim,2.0,0.0,2.0,0.0,0.0,0.0,2.0,1.0,-20.21672832,-40.2701059,SPRF-ES,DEL02-ES,UOP01-DEL02-ES,2025-08-11 18:57:00,2025.0,8.0,18.0,noite,True,0,moderado,BR-101
711200.0,2025-08-12,terca,10:15,ES,101.0,289.3,CARIACICA,Ausência de reação do condutor,Tombamento,Com Vítimas Feridas,Pleno dia,Crescente,Céu Claro,Dupla,Reta,Sim,1.0,0.0,0.0,1.0,0.0,0.0,1.0,1.0,-20.27777682,-40.39279461,SPRF-ES,DEL01-ES,UOP01-DEL01-ES,2025-08-12 10:15:00,2025.0,8.0,10.0,manha,True,1,grave,BR-101
711244.0,2025-08-12,terca,15:06,ES,101.0,255.5,SERRA,Condutor desrespeitou a iluminação vermelha do semáforo,Colisão transversal,Com Vítimas Feridas,Pleno dia,Decrescente,Nublado,Simples,Reta,Sim,5.0,0.0,3.0,0.0,2.0,0.0,3.0,2.0,-20.1172859,-40.314724,SPRF-ES,DEL02-ES,UOP01-DEL02-ES,2025-08-12 15:06:00,2025.0,8.0,15.0,tarde,True,0,moderado,BR-101
711248.0,2025-08-12,terca,16:00,ES,101.0,268.9,SERRA,Manobra de mudança de faixa,Colisão lateral mesmo sentido,Com Vítimas Feridas,Pleno dia,Decrescente,Nublado,Múltipla,Reta,Sim,3.0,0.0,2.0,0.0,1.0,0.0,2.0,2.0,-20.22467144,-40.27042508,SPRF-ES,DEL02-ES,UOP01-DEL02-ES,2025-08-12 16:00:00,2025.0,8.0,16.0,tarde,True,0,moderado,BR-101
711262.0,2025-08-12,terca,17:30,ES,101.0,298.5,VIANA,Manobra de mudança de faixa,Colisão lateral mesmo sentido,Com Vítimas Feridas,Anoitecer,Crescente,Nublado,Múltipla,Viaduto;Reta,Sim,2.0,0.0,1.0,0.0,1.0,0.0,1.0,2.0,-20.35728134,-40.41977406,SPRF-ES,DEL01-ES,UOP01-DEL01-ES,2025-08-12 17:30:00,2025.0,8.0,17.0,tarde,True,0,moderado,BR-101
711507.0,2025-08-14,quinta,00:02,ES,101.0,267.1,SERRA,Ausência de reação do condutor,Saída de leito carroçável,Sem Vítimas,Plena Noite,Decrescente,Nublado,Dupla,Reta,Sim,1.0,0.0,0.0,0.0,0.0,1.0,0.0,1.0,-20.20028783,-40.26847482,SPRF-ES,DEL02-ES,UOP01-DEL02-ES,2025-08-14 00:02:00,2025.0,8.0,0.0,madrugada,True,0,baixo,BR-101
711533.0,2025-08-14,quinta,07:20,ES,262.0,17.7,VIANA,Retorno proibido,Colisão transversal,Com Vítimas Feridas,Pleno dia,Crescente,Céu Claro,Simples,Reta,Sim,2.0,0.0,1.0,0.0,1.0,0.0,1.0,2.0,-20.39007,-40.478578,SPRF-ES,DEL01-ES,UOP01-DEL01-ES,2025-08-14 07:20:00,2025.0,8.0,7.0,manha,True,0,moderado,BR-262
711566.0,2025-08-14,quinta,10:05,ES,101.0,289.0,CARIACICA,Ausência de reação do condutor,Tombamento,Com Vítimas Feridas,Pleno dia,Crescente,Sol,Dupla,Aclive;Reta,Sim,2.0,0.0,1.0,0.0,1.0,0.0,1.0,1.0,-20.2957936,-40.3957834,SPRF-ES,DEL01-ES,UOP01-DEL01-ES,2025-08-14 10:05:00,2025.0,8.0,10.0,manha,True,0,moderado,BR-101
711708.0,2025-08-15,sexta,06:32,ES,101.0,255.0,SERRA,Acesso irregular,Colisão transversal,Com Vítimas Feridas,Amanhecer,Decrescente,Céu Claro,Simples,Reta,Não,2.0,0.0,1.0,0.0,1.0,0.0,1.0,2.0,-20.11813,-40.313117,SPRF-ES,DEL02-ES,UOP01-DEL02-ES,2025-08-15 06:32:00,2025.0,8.0,6.0,manha,True,0,moderado,BR-101
711877.0,2025-08-15,sexta,20:30,ES,101.0,298.5,VIANA,Reação tardia ou ineficiente do condutor,Colisão lateral mesmo sentido,Com Vítimas Feridas,Plena Noite,Decrescente,Céu Claro,Múltipla,Viaduto,Sim,5.0,0.0,4.0,0.0,1.0,0.0,4.0,3.0,-20.35743537,-40.41966677,SPRF-ES,DEL01-ES,UOP01-DEL01-ES,2025-08-15 20:30:00,2025.0,8.0,20.0,noite,True,0,moderado,BR-101
712056.0,2025-08-16,sabado,18:00,ES,101.0,255.0,SERRA,Ingestão de álcool pelo condutor,Colisão transversal,Com Vítimas Feridas,Plena Noite,Crescente,Céu Claro,Simples,Reta,Sim,3.0,0.0,2.0,0.0,1.0,0.0,2.0,2.0,-20.118479,-40.31253,SPRF-ES,DEL02-ES,UOP01-DEL02-ES,2025-08-16 18:00:00,2025.0,8.0,18.0,noite,True,0,moderado,BR-101
712097.0,2025-08-16,sabado,20:30,ES,101.0,258.5,SERRA,Ausência de reação do condutor,Colisão com objeto,Com Vítimas Feridas,Plena Noite,Crescente,Nublado,Dupla,Curva;Declive,Sim,2.0,0.0,2.0,0.0,0.0,0.0,2.0,1.0,-20.13300171,-40.29359798,SPRF-ES,DEL02-ES,UOP01-DEL02-ES,2025-08-16 20:30:00,2025.0,8.0,20.0,noite,True,0,moderado,BR-101
712420.0,2025-08-18,segunda,10:00,ES,101.0,269.6,SERRA,Condutor desrespeitou a iluminação vermelha do semáforo,Colisão transversal,Com Vítimas Feridas,Pleno dia,Crescente,Céu Claro,Múltipla,Interseção de Vias;Reta,Sim,3.0,0.0,2.0,0.0,1.0,0.0,2.0,2.0,-20.22188,-40.27042,SPRF-ES,DEL02-ES,UOP01-DEL02-ES,2025-08-18 10:00:00,2025.0,8.0,10.0,manha,True,0,moderado,BR-101
712487.0,2025-08-18,segunda,16:30,ES,101.0,279.5,SERRA,Desrespeitar a preferência no cruzamento,Colisão transversal,Com Vítimas Feridas,Pleno dia,Decrescente,Nublado,Múltipla,Retorno Regulamentado;Reta,Não,4.0,0.0,4.0,0.0,0.0,0.0,4.0,2.0,-20.218255,-40.3456,SPRF-ES,DEL02-ES,UOP01-DEL02-ES,2025-08-18 16:30:00,2025.0,8.0,16.0,tarde,True,0,moderado,BR-101
712607.0,2025-08-19,terca,08:10,ES,101.0,297.2,CARIACICA,Reação tardia ou ineficiente do condutor,Tombamento,Com Vítimas Feridas,Pleno dia,Crescente,Céu Claro,Dupla,Reta,Sim,1.0,0.0,1.0,0.0,0.0,0.0,1.0,1.0,-20.3479868,-40.41172743,SPRF-ES,DEL01-ES,UOP01-DEL01-ES,2025-08-19 08:10:00,2025.0,8.0,8.0,manha,True,0,moderado,BR-101
712654.0,2025-08-19,terca,07:30,ES,101.0,268.7,SERRA,Pedestre cruzava a pista fora da faixa,Atropelamento de Pedestre,Com Vítimas Feridas,Pleno dia,Crescente,Chuva,Dupla,Reta,Sim,2.0,0.0,0.0,1.0,0.0,1.0,1.0,2.0,-20.21565001,-40.26980639,SPRF-ES,DEL02-ES,UOP01-DEL02-ES,2025-08-19 07:30:00,2025.0,8.0,7.0,manha,True,1,grave,BR-101
712678.0,2025-08-19,terca,15:00,ES,101.0,335.3,GUARAPARI,Ausência de reação do condutor,Colisão com objeto,Com Vítimas Feridas,Pleno dia,Decrescente,Céu Claro,Dupla,Curva;Aclive;Viaduto,Sim,1.0,0.0,1.0,0.0,0.0,0.0,1.0,1.0,-20.62804498,-40.52955151,SPRF-ES,DEL03-ES,UOP01-DEL03-ES,2025-08-19 15:00:00,2025.0,8.0,15.0,tarde,True,0,moderado,BR-101
712732.0,2025-08-19,terca,20:00,ES,262.0,17.3,VIANA,Pedestre andava na pista,Atropelamento de Pedestre,Com Vítimas Feridas,Plena Noite,Decrescente,Céu Claro,Simples,Reta,Sim,2.0,0.0,1.0,0.0,1.0,0.0,1.0,2.0,-20.38851662,-40.47730839,SPRF-ES,DEL01-ES,UOP01-DEL01-ES,2025-08-19 20:00:00,2025.0,8.0,20.0,noite,True,0,moderado,BR-262
712788.0,2025-08-20,quarta,06:50,ES,101.0,304.9,VIANA,Acessar a via sem observar a presença dos outros veículos,Colisão transversal,Com Vítimas Feridas,Amanhecer,Crescente,Sol,Múltipla,Curva,Sim,2.0,0.0,1.0,1.0,0.0,0.0,2.0,2.0,-20.38450167,-40.46367335,SPRF-ES,DEL01-ES,UOP01-DEL01-ES,2025-08-20 06:50:00,2025.0,8.0,6.0,manha,True,1,grave,BR-101
712869.0,2025-08-20,quarta,15:20,ES,101.0,266.3,SERRA,Demais falhas mecânicas ou elétricas,Tombamento,Com Vítimas Feridas,Pleno dia,Decrescente,Sol,Múltipla,Reta,Sim,2.0,0.0,2.0,0.0,0.0,0.0,2.0,1.0,-20.1929442,-40.2688107,SPRF-ES,DEL02-ES,UOP01-DEL02-ES,2025-08-20 15:20:00,2025.0,8.0,15.0,tarde,True,0,moderado,BR-101
713014.0,2025-08-21,quinta,09:40,ES,101.0,294.5,CARIACICA,Condutor deixou de manter distância do veículo da frente,Colisão traseira,Com Vítimas Feridas,Pleno dia,Decrescente,Céu Claro,Dupla,Reta,Sim,2.0,0.0,1.0,0.0,1.0,0.0,1.0,2.0,-20.3299535,-40.398857,SPRF-ES,DEL01-ES,UOP01-DEL01-ES,2025-08-21 09:40:00,2025.0,8.0,9.0,manha,True,0,moderado,BR-101
713190.0,2025-08-22,sexta,07:10,ES,101.0,269.0,SERRA,Ausência de reação do condutor,Colisão lateral mesmo sentido,Com Vítimas Feridas,Pleno dia,Crescente,Sol,Dupla,Reta,Sim,3.0,0.0,2.0,0.0,1.0,0.0,2.0,2.0,-20.217,-40.27,SPRF-ES,DEL02-ES,UOP01-DEL02-ES,2025-08-22 07:10:00,2025.0,8.0,7.0,manha,True,0,moderado,BR-101
713244.0,2025-07-22,terca,13:00,ES,101.0,277.9,SERRA,Acessar a via sem observar a presença dos outros veículos,Colisão transversal,Com Vítimas Fatais,Pleno dia,Crescente,Sol,Dupla,Reta,Sim,3.0,1.0,0.0,0.0,2.0,0.0,0.0,2.0,-20.21686025,-40.3288132,SPRF-ES,DEL02-ES,UOP01-DEL02-ES,2025-07-22 13:00:00,2025.0,7.0,13.0,tarde,True,1,fatal,BR-101
713375.0,2025-08-22,sexta,23:15,ES,101.0,262.0,SERRA,Reação tardia ou ineficiente do condutor,Colisão traseira,Com Vítimas Feridas,Plena Noite,Decrescente,Céu Claro,Dupla,Reta,Sim,2.0,0.0,1.0,0.0,0.0,1.0,1.0,2.0,-20.15999151,-40.27581329,SPRF-ES,DEL02-ES,UOP01-DEL02-ES,2025-08-22 23:15:00,2025.0,8.0,23.0,noite,True,0,moderado,BR-101
713436.0,2025-08-23,sabado,07:30,ES,101.0,270.5,SERRA,Condutor deixou de manter distância do veículo da frente,Colisão traseira,Com Vítimas Feridas,Pleno dia,Crescente,Céu Claro,Múltipla,Reta,Sim,2.0,0.0,1.0,0.0,0.0,1.0,1.0,2.0,-20.229509,-40.272567,SPRF-ES,DEL02-ES,UOP01-DEL02-ES,2025-08-23 07:30:00,2025.0,8.0,7.0,manha,True,0,moderado,BR-101
713700.0,2025-08-24,domingo,09:10,ES,101.0,298.2,VIANA,Condutor deixou de manter distância do veículo da frente,Colisão lateral mesmo sentido,Com Vítimas Feridas,Pleno dia,Crescente,Céu Claro,Múltipla,Viaduto;Retorno Regulamentado,Sim,2.0,0.0,1.0,0.0,1.0,0.0,1.0,2.0,-20.35753737,-40.41987984,SPRF-ES,DEL01-ES,UOP01-DEL01-ES,2025-08-24 09:10:00,2025.0,8.0,9.0,manha,True,0,moderado,BR-101
714024.0,2025-08-25,segunda,20:10,ES,101.0,260.5,SERRA,Conversão proibida,Colisão transversal,Com Vítimas Feridas,Plena Noite,Decrescente,Céu Claro,Múltipla,Reta,Não,2.0,0.0,1.0,0.0,0.0,1.0,1.0,2.0,-20.1464868,-40.2822158,SPRF-ES,DEL02-ES,UOP01-DEL02-ES,2025-08-25 20:10:00,2025.0,8.0,20.0,noite,True,0,moderado,BR-101
714285.0,2025-08-27,quarta,05:48,ES,101.0,270.0,SERRA,Entrada inopinada do pedestre,Atropelamento de Pedestre,Com Vítimas Feridas,Pleno dia,Crescente,Sol,Dupla,Interseção de Vias,Sim,2.0,0.0,1.0,0.0,1.0,0.0,1.0,2.0,-20.227,-40.271,SPRF-ES,DEL02-ES,UOP01-DEL02-ES,2025-08-27 05:48:00,2025.0,8.0,5.0,madrugada,True,0,moderado,BR-101
714317.0,2025-08-27,quarta,08:15,ES,101.0,256.0,SERRA,Ausência de reação do condutor,Queda de ocupante de veículo,Com Vítimas Feridas,Pleno dia,Crescente,Sol,Simples,Reta,Sim,1.0,0.0,1.0,0.0,0.0,0.0,1.0,1.0,-20.12002677,-40.30926615,SPRF-ES,DEL02-ES,UOP01-DEL02-ES,2025-08-27 08:15:00,2025.0,8.0,8.0,manha,True,0,moderado,BR-101
714338.0,2025-08-27,quarta,10:30,ES,101.0,302.0,VIANA,Reação tardia ou ineficiente do condutor,Tombamento,Com Vítimas Feridas,Pleno dia,Crescente,Céu Claro,Dupla,Curva,Sim,1.0,0.0,1.0,0.0,0.0,0.0,1.0,1.0,-20.37572245,-40.44271449,SPRF-ES,DEL01-ES,UOP01-DEL01-ES,2025-08-27 10:30:00,2025.0,8.0,10.0,manha,True,0,moderado,BR-101
714421.0,2025-08-27,quarta,18:16,ES,101.0,265.0,SERRA,Ausência de reação do condutor,Atropelamento de Pedestre,Com Vítimas Feridas,Plena Noite,Crescente,Céu Claro,Dupla,Reta,Sim,2.0,0.0,1.0,0.0,0.0,1.0,1.0,2.0,-20.18138972,-40.34028491,SPRF-ES,DEL02-ES,UOP01-DEL02-ES,2025-08-27 18:16:00,2025.0,8.0,18.0,noite,True,0,moderado,BR-101
714488.0,2025-08-28,quinta,07:40,ES,101.0,275.0,SERRA,Transitar no Acostamento,Colisão com objeto,Com Vítimas Feridas,Pleno dia,Decrescente,Nublado,Dupla,Reta,Sim,2.0,0.0,0.0,2.0,0.0,0.0,2.0,1.0,-20.21381512,-40.32209516,SPRF-ES,DEL02-ES,UOP01-DEL02-ES,2025-08-28 07:40:00,2025.0,8.0,7.0,manha,True,1,grave,BR-101
714512.0,2025-08-28,quinta,10:30,ES,262.0,0.1,VITORIA,Reação tardia ou ineficiente do condutor,Colisão com objeto,Com Vítimas Feridas,Pleno dia,Crescente,Céu Claro,Dupla,Reta;Ponte,Sim,1.0,0.0,1.0,0.0,0.0,0.0,1.0,1.0,-20.32202855,-40.35381166,SPRF-ES,DEL01-ES,UOP01-DEL01-ES,2025-08-28 10:30:00,2025.0,8.0,10.0,manha,True,0,moderado,BR-262
714597.0,2025-08-28,quinta,18:15,ES,101.0,288.2,CARIACICA,Desrespeitar a preferência no cruzamento,Colisão transversal,Com Vítimas Feridas,Plena Noite,Crescente,Nublado,Dupla,Retorno Regulamentado,Sim,2.0,0.0,0.0,1.0,1.0,0.0,1.0,2.0,-20.27364868,-40.39191596,SPRF-ES,DEL01-ES,UOP01-DEL01-ES,2025-08-28 18:15:00,2025.0,8.0,18.0,noite,True,1,grave,BR-101
714613.0,2025-08-28,quinta,20:00,ES,101.0,261.9,SERRA,Animais na Pista,Atropelamento de Animal,Com Vítimas Feridas,Plena Noite,Decrescente,Céu Claro,Simples,Reta,Sim,2.0,0.0,2.0,0.0,0.0,0.0,2.0,1.0,-20.157535,-40.276766,SPRF-ES,DEL02-ES,UOP01-DEL02-ES,2025-08-28 20:00:00,2025.0,8.0,20.0,noite,True,0,moderado,BR-101
714732.0,2025-08-29,sexta,10:43,ES,0.0,0.0,VILA VELHA,Trafegar com motocicleta (ou similar) entre as faixas,Colisão lateral mesmo sentido,Sem Vítimas,Pleno dia,Não Informado,Céu Claro,Múltipla,Reta,Sim,4.0,0.0,0.0,0.0,4.0,0.0,0.0,4.0,-20.33359172,-40.29144323,SPRF-ES,,,2025-08-29 10:43:00,2025.0,8.0,10.0,manha,True,0,baixo,BR-0
714761.0,2025-08-29,sexta,13:49,ES,101.0,296.0,CARIACICA,Reação tardia ou ineficiente do condutor,Colisão com objeto,Com Vítimas Feridas,Pleno dia,Crescente,Sol,Simples,Curva;Aclive;Viaduto,Sim,1.0,0.0,1.0,0.0,0.0,0.0,1.0,1.0,-20.342795,-40.406188,SPRF-ES,DEL01-ES,UOP01-DEL01-ES,2025-08-29 13:49:00,2025.0,8.0,13.0,tarde,True,0,moderado,BR-101
714837.0,2025-08-29,sexta,18:30,ES,101.0,269.9,SERRA,Manobra de mudança de faixa,Colisão lateral mesmo sentido,Com Vítimas Feridas,Plena Noite,Crescente,Nublado,Múltipla,Interseção de Vias,Sim,2.0,0.0,1.0,0.0,1.0,0.0,1.0,2.0,-20.04887598,-40.3865263,SPRF-ES,DEL02-ES,UOP01-DEL02-ES,2025-08-29 18:30:00,2025.0,8.0,18.0,noite,True,0,moderado,BR-101
714925.0,2025-08-30,sabado,01:00,ES,447.0,14.0,VILA VELHA,Acessar a via sem observar a presença dos outros veículos,Colisão transversal,Com Vítimas Feridas,Plena Noite,Crescente,Chuva,Simples,Reta,Sim,2.0,0.0,1.0,1.0,0.0,0.0,2.0,2.0,-20.350168,-40.333452,SPRF-ES,DEL01-ES,UOP01-DEL01-ES,2025-08-30 01:00:00,2025.0,8.0,1.0,madrugada,True,1,grave,BR-447
714976.0,2025-08-30,sabado,08:30,ES,101.0,259.7,SERRA,Condutor deixou de manter distância do veículo da frente,Colisão traseira,Com Vítimas Feridas,Pleno dia,Crescente,Céu Claro,Simples,Curva,Sim,3.0,0.0,2.0,0.0,0.0,1.0,2.0,2.0,-20.146539,-40.287022,SPRF-ES,DEL02-ES,UOP01-DEL02-ES,2025-08-30 08:30:00,2025.0,8.0,8.0,manha,True,0,moderado,BR-101
715052.0,2025-08-30,sabado,15:30,ES,101.0,229.0,FUNDAO,Acesso irregular,Colisão transversal,Sem Vítimas,Pleno dia,Decrescente,Nublado,Simples,Reta,Sim,2.0,0.0,0.0,0.0,1.0,1.0,0.0,2.0,-19.931509,-40.40552,SPRF-ES,DEL02-ES,UOP01-DEL02-ES,2025-08-30 15:30:00,2025.0,8.0,15.0,tarde,True,0,baixo,BR-101
715059.0,2025-08-30,sabado,16:30,ES,101.0,287.3,CARIACICA,Mal súbito do condutor,Tombamento,Com Vítimas Feridas,Pleno dia,Crescente,Nublado,Dupla,Reta;Declive,Não,1.0,0.0,1.0,0.0,0.0,0.0,1.0,1.0,-20.26152392,-40.37874406,SPRF-ES,DEL01-ES,UOP01-DEL01-ES,2025-08-30 16:30:00,2025.0,8.0,16.0,tarde,True,0,moderado,BR-101
715066.0,2025-08-30,sabado,16:45,ES,262.0,19.8,VIANA,Entrada inopinada do pedestre,Atropelamento de Pedestre,Com Vítimas Feridas,Pleno dia,Crescente,Céu Claro,Simples,Curva,Sim,6.0,0.0,1.0,0.0,5.0,0.0,1.0,2.0,-20.38625971,-40.49624847,SPRF-ES,DEL01-ES,UOP01-DEL01-ES,2025-08-30 16:45:00,2025.0,8.0,16.0,tarde,True,0,moderado,BR-262
715176.0,2025-08-31,domingo,02:00,ES,101.0,294.0,VIANA,Chuva,Colisão com objeto,Com Vítimas Feridas,Plena Noite,Crescente,Chuva,Múltipla,Reta,Não,1.0,0.0,1.0,0.0,0.0,0.0,1.0,1.0,-20.35623752,-40.41775118,SPRF-ES,DEL01-ES,UOP01-DEL01-ES,2025-08-31 02:00:00,2025.0,8.0,2.0,madrugada,True,0,moderado,BR-101
715222.0,2025-08-31,domingo,09:40,ES,101.0,284.0,CARIACICA,Avarias e/ou desgaste excessivo no pneu,Queda de ocupante de veículo,Com Vítimas Feridas,Pleno dia,Crescente,Céu Claro,Dupla,Reta,Não,2.0,0.0,1.0,1.0,0.0,0.0,2.0,1.0,-20.24481,-40.36973,SPRF-ES,DEL01-ES,UOP01-DEL01-ES,2025-08-31 09:40:00,2025.0,8.0,9.0,manha,True,1,grave,BR-101
715274.0,2025-08-31,domingo,17:20,ES,101.0,298.4,VIANA,Velocidade Incompatível,Colisão com objeto,Sem Vítimas,Plena Noite,Crescente,Garoa/Chuvisco,Múltipla,Reta;Interseção de Vias,Sim,1.0,0.0,0.0,0.0,1.0,0.0,0.0,1.0,-20.35751928,-40.42723877,SPRF-ES,DEL01-ES,UOP01-DEL01-ES,2025-08-31 17:20:00,2025.0,8.0,17.0,tarde,True,0,baixo,BR-101
715317.0,2025-08-19,terca,18:30,ES,101.0,264.6,SERRA,Manobra de mudança de faixa,Colisão traseira,Com Vítimas Feridas,Plena Noite,Decrescente,Céu Claro,Dupla,Reta,Sim,2.0,0.0,0.0,1.0,1.0,0.0,1.0,2.0,-20.179623,-40.26513,SPRF-ES,DEL02-ES,UOP01-DEL02-ES,2025-08-19 18:30:00,2025.0,8.0,18.0,noite,True,1,grave,BR-101