id,data,dia_semana,hora,uf,rodovia,km,municipio,causa,tipo_acidente,classificacao,fase_dia,sentido_via,condicao_metereologica,tipo_pista,tracado_via,uso_solo,pessoas,mortos,feridos_leves,feridos_graves,ilesos,ignorados,feridos,veiculos,latitude,longitude,regional,delegacia,uop,data_hora,ano,mes,hora_dia,periodo_dia,regiao_grande_vitoria,risco_alto,nivel_risco,rodovia_label
715327.0,2025-08-31,domingo,21:00,ES,101.0,295.1,CARIACICA,Condutor deixou de manter distância do veículo da frente,Colisão lateral mesmo sentido,Com Vítimas Feridas,Plena Noite,Crescente,Chuva,Múltipla,Reta,Sim,2.0,0.0,1.0,0.0,0.0,1.0,1.0,2.0,-20.33411089,-40.40103078,SPRF-ES,DEL01-ES,UOP01-DEL01-ES,2025-08-31 21:00:00,2025.0,8.0,21.0,noite,True,0,moderado,BR-101
715366.0,2025-09-01,segunda,00:20,ES,101.0,232.3,FUNDAO,Acumulo de água sobre o pavimento,Capotamento,Com Vítimas Feridas,Plena Noite,Crescente,Chuva,Simples,Reta,Não,2.0,0.0,1.0,1.0,0.0,0.0,2.0,1.0,-19.95504667,-40.408055,SPRF-ES,DEL02-ES,UOP01-DEL02-ES,2025-09-01 00:20:00,2025.0,9.0,0.0,madrugada,True,1,grave,BR-101
715592.0,2025-09-02,terca,06:45,ES,101.0,282.3,CARIACICA,Chuva,Tombamento,Com Vítimas Feridas,Pleno dia,Crescente,Chuva,Múltipla,Retorno Regulamentado,Não,1.0,0.0,1.0,0.0,0.0,0.0,1.0,1.0,-20.22867736,-40.3660655,SPRF-ES,DEL01-ES,UOP01-DEL01-ES,2025-09-02 06:45:00,2025.0,9.0,6.0,manha,True,0,moderado,BR-101
715641.0,2025-09-02,terca,11:05,ES,101.0,298.3,VIANA,Reação tardia ou ineficiente do condutor,Tombamento,Com Vítimas Feridas,Pleno dia,Crescente,Chuva,Múltipla,Reta,Sim,1.0,0.0,0.0,1.0,0.0,0.0,1.0,1.0,-20.35540428,-40.41762471,SPRF-ES,DEL01-ES,UOP01-DEL01-ES,2025-09-02 11:05:00,2025.0,9.0,11.0,manha,True,1,grave,BR-101
715859.0,2025-08-10,domingo,23:30,ES,101.0,10.8,SERRA,Transitar na contramão,Colisão frontal,Com Vítimas Fatais,Plena Noite,Crescente,Nublado,Dupla,Reta;Ponte,Não,3.0,1.0,1.0,0.0,1.0,0.0,1.0,2.0,-20.14954166,-40.345588,SPRF-ES,DEL02-ES,UOP01-DEL02-ES,2025-08-10 23:30:00,2025.0,8.0,23.0,noite,True,1,fatal,BR-101
715936.0,2025-09-03,quarta,18:45,ES,101.0,269.5,SERRA,Reação tardia ou ineficiente do condutor,Colisão traseira,Com Vítimas Feridas,Pleno dia,Crescente,Nublado,Múltipla,Reta,Sim,4.0,0.0,1.0,1.0,2.0,0.0,2.0,3.0,-20.22213167,-40.27024833,SPRF-ES,DEL02-ES,UOP01-DEL02-ES,2025-09-03 18:45:00,2025.0,9.0,18.0,noite,True,1,grave,BR-101
715953.0,2025-09-03,quarta,20:40,ES,101.0,292.0,CARIACICA,Acessar a via sem observar a presença dos outros veículos,Colisão transversal,Com Vítimas Feridas,Plena Noite,Crescente,Garoa/Chuvisco,Dupla,Reta;Interseção de Vias,Sim,2.0,0.0,1.0,0.0,1.0,0.0,1.0,2.0,-20.30689907,-40.39478586,SPRF-ES,DEL01-ES,UOP01-DEL01-ES,2025-09-03 20:40:00,2025.0,9.0,20.0,noite,True,0,moderado,BR-101
715956.0,2025-09-03,quarta,21:45,ES,101.0,262.5,SERRA,Manobra de mudança de faixa,Tombamento,Com Vítimas Feridas,Plena Noite,Crescente,Garoa/Chuvisco,Dupla,Reta;Declive,Não,2.0,0.0,1.0,0.0,1.0,0.0,1.0,2.0,-20.16429,-40.2741,SPRF-ES,DEL02-ES,UOP01-DEL02-ES,2025-09-03 21:45:00,2025.0,9.0,21.0,noite,True,0,moderado,BR-101
716006.0,2025-09-04,quinta,07:15,ES,101.0,291.0,CARIACICA,Reação tardia ou ineficiente do condutor,Tombamento,Com Vítimas Feridas,Pleno dia,Decrescente,Céu Claro,Dupla,Reta,Sim,1.0,0.0,1.0,0.0,0.0,0.0,1.0,1.0,-20.297934,-40.394587,SPRF-ES,DEL01-ES,UOP01-DEL01-ES,2025-09-04 07:15:00,2025.0,9.0,7.0,manha,True,0,moderado,BR-101
716008.0,2025-09-04,quinta,07:30,ES,101.0,291.2,CARIACICA,Ausência de reação do condutor,Saída de leito carroçável,Com Vítimas Feridas,Pleno dia,Crescente,Nublado,Dupla,Reta,Não,2.0,0.0,2.0,0.0,0.0,0.0,2.0,1.0,-20.3039005,-40.39587021,SPRF-ES,DEL01-ES,UOP01-DEL01-ES,2025-09-04 07:30:00,2025.0,9.0,7.0,manha,True,0,moderado,BR-101
716088.0,2025-09-04,quinta,15:00,ES,101.0,263.0,SERRA,Acessar a via sem observar a presença dos outros veículos,Colisão traseira,Com Vítimas Feridas,Pleno dia,Decrescente,Nublado,Dupla,Declive;Reta,Sim,2.0,0.0,2.0,0.0,0.0,0.0,2.0,2.0,-20.1695432,-40.27002007,SPRF-ES,DEL02-ES,UOP01-DEL02-ES,2025-09-04 15:00:00,2025.0,9.0,15.0,tarde,True,0,moderado,BR-101
716119.0,2025-09-04,quinta,18:44,ES,262.0,0.9,CARIACICA,Manobra de mudança de faixa,Colisão lateral mesmo sentido,Com Vítimas Feridas,Plena Noite,Crescente,Nublado,Dupla,Ponte,Sim,2.0,0.0,1.0,0.0,1.0,0.0,1.0,2.0,-20.32638444,-40.35470366,SPRF-ES,DEL01-ES,UOP01-DEL01-ES,2025-09-04 18:44:00,2025.0,9.0,18.0,noite,True,0,moderado,BR-262
716224.0,2025-09-05,sexta,08:00,ES,101.0,297.5,CARIACICA,Trafegar com motocicleta (ou similar) entre as faixas,Colisão traseira,Com Vítimas Feridas,Pleno dia,Crescente,Céu Claro,Dupla,Reta,Sim,2.0,0.0,0.0,1.0,1.0,0.0,1.0,2.0,-20.34786385,-40.41160202,SPRF-ES,DEL01-ES,UOP01-DEL01-ES,2025-09-05 08:00:00,2025.0,9.0,8.0,manha,True,1,grave,BR-101
716303.0,2025-09-05,sexta,15:10,ES,101.0,257.0,SERRA,Acessar a via sem observar a presença dos outros veículos,Colisão frontal,Com Vítimas Feridas,Pleno dia,Decrescente,Céu Claro,Dupla,Interseção de Vias,Sim,2.0,0.0,1.0,0.0,1.0,0.0,1.0,2.0,-20.12369122,-40.30423274,SPRF-ES,DEL02-ES,UOP01-DEL02-ES,2025-09-05 15:10:00,2025.0,9.0,15.0,tarde,True,0,moderado,BR-101
716360.0,2025-09-05,sexta,17:45,ES,101.0,297.2,CARIACICA,Trafegar com motocicleta (ou similar) entre as faixas,Colisão traseira,Com Vítimas Feridas,Anoitecer,Crescente,Céu Claro,Dupla,Reta,Sim,2.0,0.0,1.0,0.0,1.0,0.0,1.0,2.0,-20.347605,-40.411545,SPRF-ES,DEL01-ES,UOP01-DEL01-ES,2025-09-05 17:45:00,2025.0,9.0,17.0,tarde,True,0,moderado,BR-101
716486.0,2025-09-06,sabado,08:00,ES,101.0,288.8,CARIACICA,Condutor deixou de manter distância do veículo da frente,Colisão traseira,Com Vítimas Feridas,Pleno dia,Decrescente,Céu Claro,Múltipla,Interseção de Vias,Sim,2.0,0.0,1.0,0.0,1.0,0.0,1.0,2.0,-20.2800659,-40.3924427,SPRF-ES,DEL01-ES,UOP01-DEL01-ES,2025-09-06 08:00:00,2025.0,9.0,8.0,manha,True,0,moderado,BR-101
716552.0,2025-09-06,sabado,13:10,ES,101.0,331.0,GUARAPARI,Avarias e/ou desgaste excessivo no pneu,Tombamento,Com Vítimas Feridas,Pleno dia,Decrescente,Céu Claro,Dupla,Curva,Não,2.0,0.0,1.0,1.0,0.0,0.0,2.0,1.0,-20.6013553,-40.5042874,SPRF-ES,DEL03-ES,UOP01-DEL03-ES,2025-09-06 13:10:00,2025.0,9.0,13.0,tarde,True,1,grave,BR-101
716777.0,2025-09-07,domingo,10:20,ES,101.0,241.9,SERRA,Demais falhas na via,Colisão com objeto,Com Vítimas Feridas,Pleno dia,Crescente,Céu Claro,Múltipla,Reta,Não,1.0,0.0,1.0,0.0,0.0,0.0,1.0,1.0,-20.03295,-40.39673,SPRF-ES,DEL02-ES,UOP01-DEL02-ES,2025-09-07 10:20:00,2025.0,9.0,10.0,manha,True,0,moderado,BR-101
717064.0,2025-09-08,segunda,16:57,ES,101.0,286.0,CARIACICA,Acessar a via sem observar a presença dos outros veículos,Colisão lateral mesmo sentido,Com Vítimas Feridas,Plena Noite,Crescente,Céu Claro,Dupla,Reta,Não,2.0,0.0,1.0,0.0,1.0,0.0,1.0,2.0,-20.265964,-40.385661,SPRF-ES,DEL01-ES,UOP01-DEL01-ES,2025-09-08 16:57:00,2025.0,9.0,16.0,tarde,True,0,moderado,BR-101
717074.0,2025-09-08,segunda,17:14,ES,101.0,276.4,SERRA,Acessar a via sem observar a presença dos outros veículos,Colisão transversal,Com Vítimas Feridas,Anoitecer,Crescente,Nublado,Dupla,Retorno Regulamentado;Reta,Não,2.0,0.0,0.0,1.0,1.0,0.0,1.0,2.0,-20.209032,-40.315957,SPRF-ES,DEL02-ES,UOP01-DEL02-ES,2025-09-08 17:14:00,2025.0,9.0,17.0,tarde,True,1,grave,BR-101
717269.0,2025-09-09,terca,16:30,ES,101.0,297.6,VIANA,Condutor deixou de manter distância do veículo da frente,Colisão traseira,Com Vítimas Feridas,Pleno dia,Decrescente,Céu Claro,Dupla,Curva,Sim,2.0,0.0,0.0,1.0,1.0,0.0,1.0,2.0,-20.35077321,-40.41291833,SPRF-ES,DEL01-ES,UOP01-DEL01-ES,2025-09-09 16:30:00,2025.0,9.0,16.0,tarde,True,1,grave,BR-101
717285.0,2025-09-09,terca,18:20,ES,101.0,299.0,VIANA,Entrada inopinada do pedestre,Atropelamento de Pedestre,Com Vítimas Feridas,Plena Noite,Decrescente,Céu Claro,Múltipla,Reta,Sim,3.0,0.0,3.0,0.0,0.0,0.0,3.0,2.0,-20.357599,-40.427582,SPRF-ES,DEL01-ES,UOP01-DEL01-ES,2025-09-09 18:20:00,2025.0,9.0,18.0,noite,True,0,moderado,BR-101
717397.0,2025-09-10,quarta,13:10,ES,262.0,17.0,VIANA,Condutor deixou de manter distância do veículo da frente,Colisão traseira,Com Vítimas Feridas,Pleno dia,Decrescente,Céu Claro,Simples,Reta,Sim,2.0,0.0,1.0,0.0,1.0,0.0,1.0,2.0,-20.386885,-40.473821,SPRF-ES,DEL01-ES,UOP01-DEL01-ES,2025-09-10 13:10:00,2025.0,9.0,13.0,tarde,True,0,moderado,BR-262
717423.0,2025-09-10,quarta,14:40,ES,101.0,267.0,SERRA,Avarias e/ou desgaste excessivo no pneu,Tombamento,Com Vítimas Feridas,Pleno dia,Crescente,Sol,Múltipla,Reta,Sim,2.0,0.0,1.0,0.0,0.0,1.0,1.0,1.0,-20.1992787,-40.26899099,SPRF-ES,DEL02-ES,UOP01-DEL02-ES,2025-09-10 14:40:00,2025.0,9.0,14.0,tarde,True,0,moderado,BR-101
717574.0,2025-09-11,quinta,09:15,ES,101.0,340.7,GUARAPARI,Reação tardia ou ineficiente do condutor,Saída de leito carroçável,Com Vítimas Feridas,Pleno dia,Decrescente,Céu Claro,Dupla,Reta,Não,2.0,0.0,1.0,1.0,0.0,0.0,2.0,1.0,-20.6507953,-40.569761,SPRF-ES,DEL03-ES,UOP01-DEL03-ES,2025-09-11 09:15:00,2025.0,9.0,9.0,manha,True,1,grave,BR-101
717677.0,2025-09-11,quinta,18:30,ES,101.0,279.0,SERRA,Acessar a via sem observar a presença dos outros veículos,Colisão transversal,Com Vítimas Feridas,Plena Noite,Decrescente,Céu Claro,Dupla,Retorno Regulamentado;Reta,Não,4.0,0.0,2.0,0.0,2.0,0.0,2.0,2.0,-20.21856,-40.34559,SPRF-ES,DEL02-ES,UOP01-DEL02-ES,2025-09-11 18:30:00,2025.0,9.0,18.0,noite,True,0,moderado,BR-101
717771.0,2025-09-12,sexta,08:20,ES,101.0,270.1,SERRA,Condutor deixou de manter distância do veículo da frente,Colisão traseira,Com Vítimas Feridas,Pleno dia,Decrescente,Nublado,Múltipla,Reta,Sim,2.0,0.0,1.0,0.0,1.0,0.0,1.0,2.0,-20.2276829,-40.2713021,SPRF-ES,DEL02-ES,UOP01-DEL02-ES,2025-09-12 08:20:00,2025.0,9.0,8.0,manha,True,0,moderado,BR-101
717810.0,2025-09-12,sexta,10:55,ES,101.0,273.3,SERRA,Reação tardia ou ineficiente do condutor,Tombamento,Com Vítimas Feridas,Pleno dia,Crescente,Céu Claro,Dupla,Reta,Não,1.0,0.0,0.0,1.0,0.0,0.0,1.0,1.0,-20.125707,-40.34259922,SPRF-ES,DEL02-ES,UOP01-DEL02-ES,2025-09-12 10:55:00,2025.0,9.0,10.0,manha,True,1,grave,BR-101
717931.0,2025-09-12,sexta,20:30,ES,262.0,17.2,VIANA,Ausência de reação do condutor,Colisão transversal,Com Vítimas Feridas,Plena Noite,Decrescente,Céu Claro,Simples,Reta,Sim,3.0,0.0,0.0,1.0,2.0,0.0,1.0,3.0,-20.3879314,-40.476268,SPRF-ES,DEL01-ES,UOP01-DEL01-ES,2025-09-12 20:30:00,2025.0,9.0,20.0,noite,True,1,grave,BR-262
717962.0,2025-09-12,sexta,22:20,ES,101.0,289.0,CARIACICA,Velocidade Incompatível,Colisão com objeto,Sem Vítimas,Plena Noite,Crescente,Chuva,Dupla,Reta,Sim,1.0,0.0,0.0,0.0,0.0,1.0,0.0,1.0,-20.2800176,-40.39296269,SPRF-ES,DEL01-ES,UOP01-DEL01-ES,2025-09-12 22:20:00,2025.0,9.0,22.0,noite,True,0,baixo,BR-101
717994.0,2025-09-13,sabado,03:05,ES,101.0,4.3,SERRA,Ausência de reação do condutor,Saída de leito carroçável,Sem Vítimas,Plena Noite,Decrescente,Nublado,Dupla,Curva,Não,3.0,0.0,0.0,0.0,2.0,1.0,0.0,1.0,-20.0987588,-40.3533874,SPRF-ES,DEL04-ES,UOP02-DEL04-ES,2025-09-13 03:05:00,2025.0,9.0,3.0,madrugada,True,0,baixo,BR-101
718100.0,2025-09-13,sabado,13:50,ES,101.0,331.8,GUARAPARI,Acumulo de água sobre o pavimento,Saída de leito carroçável,Com Vítimas Feridas,Pleno dia,Crescente,Chuva,Dupla,Reta,Não,1.0,0.0,1.0,0.0,0.0,0.0,1.0,1.0,-20.60633483,-40.50646305,SPRF-ES,DEL03-ES,UOP01-DEL03-ES,2025-09-13 13:50:00,2025.0,9.0,13.0,tarde,True,0,moderado,BR-101
718123.0,2025-09-13,sabado,14:50,ES,101.0,284.0,CARIACICA,Reação tardia ou ineficiente do condutor,Colisão traseira,Com Vítimas Feridas,Pleno dia,Crescente,Chuva,Dupla,Reta;Declive,Não,2.0,0.0,1.0,0.0,1.0,0.0,1.0,2.0,-20.246943,-40.369971,SPRF-ES,DEL01-ES,UOP01-DEL01-ES,2025-09-13 14:50:00,2025.0,9.0,14.0,tarde,True,0,moderado,BR-101
718266.0,2025-09-14,domingo,04:50,ES,101.0,293.2,CARIACICA,Velocidade Incompatível,Saída de leito carroçável,Com Vítimas Feridas,Plena Noite,Decrescente,Céu Claro,Múltipla,Reta,Não,1.0,0.0,0.0,1.0,0.0,0.0,1.0,1.0,-20.3186199,-40.3969695,SPRF-ES,DEL01-ES,UOP01-DEL01-ES,2025-09-14 04:50:00,2025.0,9.0,4.0,madrugada,True,1,grave,BR-101
718391.0,2025-09-14,domingo,19:10,ES,101.0,266.4,SERRA,Pedestre cruzava a pista fora da faixa,Atropelamento de Pedestre,Com Vítimas Feridas,Plena Noite,Crescente,Céu Claro,Dupla,Reta,Sim,1.0,0.0,1.0,0.0,0.0,0.0,1.0,1.0,-20.19440188,-40.26848317,SPRF-ES,DEL02-ES,UOP01-DEL02-ES,2025-09-14 19:10:00,2025.0,9.0,19.0,noite,True,0,moderado,BR-101
718411.0,2025-09-14,domingo,19:00,ES,101.0,287.5,CARIACICA,Reação tardia ou ineficiente do condutor,Colisão com objeto,Sem Vítimas,Plena Noite,Crescente,Nublado,Dupla,Reta,Sim,1.0,0.0,0.0,0.0,1.0,0.0,0.0,1.0,-20.27904545,-40.39281964,SPRF-ES,DEL01-ES,UOP01-DEL01-ES,2025-09-14 19:00:00,2025.0,9.0,19.0,noite,True,0,baixo,BR-101
718768.0,2025-09-16,terca,10:10,ES,101.0,264.5,SERRA,Acesso irregular,Colisão transversal,Com Vítimas Feridas,Pleno dia,Crescente,Garoa/Chuvisco,Dupla,Reta,Não,2.0,0.0,1.0,0.0,0.0,1.0,1.0,2.0,-20.17825181,-40.26548018,SPRF-ES,DEL02-ES,UOP01-DEL02-ES,2025-09-16 10:10:00,2025.0,9.0,10.0,manha,True,0,moderado,BR-101
718781.0,2025-09-16,terca,12:15,ES,447.0,13.9,VILA VELHA,Condutor deixou de manter distância do veículo da frente,Colisão traseira,Com Vítimas Feridas,Pleno dia,Crescente,Céu Claro,Dupla,Reta,Sim,2.0,0.0,1.0,0.0,1.0,0.0,1.0,2.0,-20.35011936,-40.33327818,SPRF-ES,DEL01-ES,UOP01-DEL01-ES,2025-09-16 12:15:00,2025.0,9.0,12.0,tarde,True,0,moderado,BR-447
718785.0,2025-09-16,terca,13:00,ES,262.0,17.0,VIANA,Acessar a via sem observar a presença dos outros veículos,Colisão transversal,Com Vítimas Feridas,Pleno dia,Decrescente,Sol,Simples,Reta,Sim,2.0,0.0,1.0,0.0,1.0,0.0,1.0,2.0,-20.38662993,-40.47324657,SPRF-ES,DEL01-ES,UOP01-DEL01-ES,2025-09-16 13:00:00,2025.0,9.0,13.0,tarde,True,0,moderado,BR-262
719103.0,2025-09-18,quinta,07:00,ES,262.0,16.0,VIANA,Acessar a via sem observar a presença dos outros veículos,Colisão transversal,Com Vítimas Feridas,Pleno dia,Crescente,Nublado,Simples,Curva,Não,2.0,0.0,1.0,0.0,1.0,0.0,1.0,2.0,-20.38418159,-40.46709438,SPRF-ES,DEL01-ES,UOP01-DEL01-ES,2025-09-18 07:00:00,2025.0,9.0,7.0,manha,True,0,moderado,BR-262
719113.0,2025-09-18,quinta,07:40,ES,101.0,236.5,FUNDAO,Ausência de reação do condutor,Colisão lateral sentido oposto,Com Vítimas Feridas,Pleno dia,Crescente,Chuva,Simples,Curva,Não,2.0,0.0,0.0,1.0,1.0,0.0,1.0,2.0,-19.991428,-40.414103,SPRF-ES,DEL02-ES,UOP01-DEL02-ES,2025-09-18 07:40:00,2025.0,9.0,7.0,manha,True,1,grave,BR-101
719245.0,2025-09-18,quinta,19:10,ES,101.0,268.9,SERRA,Acessar a via sem observar a presença dos outros veículos,Colisão traseira,Com Vítimas Feridas,Plena Noite,Crescente,Céu Claro,Dupla,Reta,Sim,4.0,0.0,2.0,0.0,2.0,0.0,2.0,3.0,-20.216857,-40.270283,SPRF-ES,DEL02-ES,UOP01-DEL02-ES,2025-09-18 19:10:00,2025.0,9.0,19.0,noite,True,0,moderado,BR-101
719315.0,2025-09-19,sexta,06:40,ES,101.0,268.5,SERRA,Trafegar com motocicleta (ou similar) entre as faixas,Colisão lateral mesmo sentido,Com Vítimas Feridas,Pleno dia,Crescente,Nublado,Múltipla,Reta,Não,4.0,0.0,3.0,0.0,1.0,0.0,3.0,4.0,-20.21246,-40.26983,SPRF-ES,DEL02-ES,UOP01-DEL02-ES,2025-09-19 06:40:00,2025.0,9.0,6.0,manha,True,0,moderado,BR-101
719327.0,2025-09-19,sexta,08:41,ES,101.0,291.8,CARIACICA,Manobra de mudança de faixa,Colisão lateral mesmo sentido,Com Vítimas Feridas,Pleno dia,Decrescente,Céu Claro,Dupla,Reta,Sim,2.0,0.0,1.0,0.0,1.0,0.0,1.0,2.0,-20.30533515,-40.3951149,SPRF-ES,DEL01-ES,UOP01-DEL01-ES,2025-09-19 08:41:00,2025.0,9.0,8.0,manha,True,0,moderado,BR-101
719354.0,2025-09-19,sexta,11:40,ES,101.0,259.2,SERRA,Reação tardia ou ineficiente do condutor,Tombamento,Com Vítimas Feridas,Pleno dia,Decrescente,Chuva,Simples,Curva;Declive,Sim,1.0,0.0,1.0,0.0,0.0,0.0,1.0,1.0,-20.1434,-40.2921,SPRF-ES,DEL02-ES,UOP01-DEL02-ES,2025-09-19 11:40:00,2025.0,9.0,11.0,manha,True,0,moderado,BR-101
719592.0,2025-08-30,sabado,11:10,ES,101.0,295.6,CARIACICA,Objeto estático sobre o leito carroçável,Tombamento,Com Vítimas Feridas,Pleno dia,Decrescente,Nublado,Dupla,Reta,Sim,1.0,0.0,1.0,0.0,0.0,0.0,1.0,1.0,-20.33713308,-40.40256354,SPRF-ES,DEL01-ES,UOP01-DEL01-ES,2025-08-30 11:10:00,2025.0,8.0,11.0,manha,True,0,moderado,BR-101
719631.0,2025-09-20,sabado,11:48,ES,101.0,285.7,CARIACICA,Velocidade Incompatível,Colisão com objeto,Com Vítimas Feridas,Pleno dia,Crescente,Nublado,Dupla,Curva,Sim,4.0,0.0,2.0,0.0,2.0,0.0,2.0,1.0,-20.25761892,-40.37724458,SPRF-ES,DEL01-ES,UOP01-DEL01-ES,2025-09-20 11:48:00,2025.0,9.0,11.0,manha,True,0,moderado,BR-101
719771.0,2025-09-20,sabado,21:50,ES,101.0,263.0,SERRA,Manobra de mudança de faixa,Colisão lateral mesmo sentido,Com Vítimas Feridas,Plena Noite,Crescente,Garoa/Chuvisco,Dupla,Reta,Não,2.0,0.0,0.0,1.0,0.0,1.0,1.0,2.0,-20.0538237,-40.3802811,SPRF-ES,DEL02-ES,UOP01-DEL02-ES,2025-09-20 21:50:00,2025.0,9.0,21.0,noite,True,1,grave,BR-101
719817.0,2025-09-21,domingo,01:15,ES,101.0,337.4,GUARAPARI,Animais na Pista,Atropelamento de Animal,Com Vítimas Feridas,Plena Noite,Crescente,Céu Claro,Dupla,Reta,Não,1.0,0.0,0.0,1.0,0.0,0.0,1.0,1.0,-20.63816595,-40.54384232,SPRF-ES,DEL03-ES,UOP01-DEL03-ES,2025-09-21 01:15:00,2025.0,9.0,1.0,madrugada,True,1,grave,BR-101
719822.0,2025-09-21,domingo,01:45,ES,101.0,10.0,SERRA,Sinalização mal posicionada,Tombamento,Com Vítimas Feridas,Plena Noite,Crescente,Céu Claro,Dupla,Em Obras;Reta,Não,2.0,0.0,1.0,0.0,1.0,0.0,1.0,1.0,-20.14201594,-40.34145355,SPRF-ES,DEL02-ES,UOP01-DEL02-ES,2025-09-21 01:45:00,2025.0,9.0,1.0,madrugada,True,0,moderado,BR-101
719835.0,2025-09-21,domingo,04:45,ES,101.0,297.5,VIANA,Reação tardia ou ineficiente do condutor,Saída de leito carroçável,Com Vítimas Feridas,Amanhecer,Crescente,Céu Claro,Dupla,Reta,Sim,2.0,0.0,0.0,1.0,1.0,0.0,1.0,1.0,-20.349968,-40.412722,SPRF-ES,DEL01-ES,UOP01-DEL01-ES,2025-09-21 04:45:00,2025.0,9.0,4.0,madrugada,True,1,grave,BR-101
719836.0,2025-09-21,domingo,03:45,ES,101.0,239.0,FUNDAO,Velocidade Incompatível,Capotamento,Sem Vítimas,Plena Noite,Crescente,Nublado,Simples,Curva,Não,1.0,0.0,0.0,0.0,0.0,1.0,0.0,1.0,-20.01000923,-40.4068771,SPRF-ES,DEL02-ES,UOP01-DEL02-ES,2025-09-21 03:45:00,2025.0,9.0,3.0,madrugada,True,0,baixo,BR-101
719887.0,2025-09-21,domingo,10:20,ES,101.0,263.0,SERRA,Avarias e/ou desgaste excessivo no pneu,Queda de ocupante de veículo,Com Vítimas Feridas,Pleno dia,Decrescente,Céu Claro,Dupla,Reta,Sim,2.0,0.0,1.0,0.0,1.0,0.0,1.0,1.0,-20.169558,-40.269888,SPRF-ES,DEL02-ES,UOP01-DEL02-ES,2025-09-21 10:20:00,2025.0,9.0,10.0,manha,True,0,moderado,BR-101
719892.0,2025-09-21,domingo,10:45,ES,262.0,19.0,VIANA,Desrespeitar a preferência no cruzamento,Colisão transversal,Com Vítimas Feridas,Pleno dia,Crescente,Céu Claro,Simples,Reta,Sim,3.0,0.0,0.0,2.0,1.0,0.0,2.0,2.0,-20.392183,-40.489528,SPRF-ES,DEL01-ES,UOP01-DEL01-ES,2025-09-21 10:45:00,2025.0,9.0,10.0,manha,True,1,grave,BR-262
720054.0,2025-09-21,domingo,20:00,ES,262.0,26.0,VIANA,Velocidade Incompatível,Colisão lateral sentido oposto,Com Vítimas Feridas,Plena Noite,Crescente,Céu Claro,Simples,Curva;Declive,Não,4.0,0.0,2.0,0.0,2.0,0.0,2.0,2.0,-20.38249,-40.55027,SPRF-ES,DEL01-ES,UOP01-DEL01-ES,2025-09-21 20:00:00,2025.0,9.0,20.0,noite,True,0,moderado,BR-262
720070.0,2025-09-21,domingo,22:10,ES,101.0,266.0,SERRA,Acessar a via sem observar a presença dos outros veículos,Colisão transversal,Com Vítimas Feridas,Plena Noite,Crescente,Nublado,Dupla,Reta,Sim,4.0,0.0,3.0,0.0,1.0,0.0,3.0,2.0,-20.195246,-40.26891,SPRF-ES,DEL02-ES,UOP01-DEL02-ES,2025-09-21 22:10:00,2025.0,9.0,22.0,noite,True,0,moderado,BR-101
720137.0,2025-09-22,segunda,06:50,ES,101.0,298.0,VIANA,Demais falhas mecânicas ou elétricas,Queda de ocupante de veículo,Com Vítimas Feridas,Pleno dia,Decrescente,Céu Claro,Dupla,Reta,Sim,2.0,0.0,2.0,0.0,0.0,0.0,2.0,1.0,-20.3530172,-40.417406,SPRF-ES,DEL01-ES,UOP01-DEL01-ES,2025-09-22 06:50:00,2025.0,9.0,6.0,manha,True,0,moderado,BR-101
720217.0,2025-09-22,segunda,13:40,ES,101.0,270.0,SERRA,Condutor deixou de manter distância do veículo da frente,Colisão traseira,Com Vítimas Feridas,Pleno dia,Crescente,Céu Claro,Múltipla,Reta,Sim,4.0,0.0,1.0,0.0,3.0,0.0,1.0,2.0,-20.22996,-40.273005,SPRF-ES,DEL02-ES,UOP01-DEL02-ES,2025-09-22 13:40:00,2025.0,9.0,13.0,tarde,True,0,moderado,BR-101
720366.0,2025-09-23,terca,01:10,ES,101.0,335.0,GUARAPARI,Acumulo de água sobre o pavimento,Saída de leito carroçável,Com Vítimas Feridas,Plena Noite,Decrescente,Chuva,Dupla,Reta,Não,1.0,0.0,0.0,1.0,0.0,0.0,1.0,1.0,-20.6270669,-40.5281334,SPRF-ES,DEL03-ES,UOP01-DEL03-ES,2025-09-23 01:10:00,2025.0,9.0,1.0,madrugada,True,1,grave,BR-101
720427.0,2025-09-23,terca,11:40,ES,101.0,266.5,SERRA,Condutor desrespeitou a iluminação vermelha do semáforo,Colisão transversal,Com Vítimas Feridas,Pleno dia,Decrescente,Nublado,Múltipla,Reta,Sim,2.0,0.0,1.0,0.0,1.0,0.0,1.0,2.0,-20.19568333,-40.268765,SPRF-ES,DEL02-ES,UOP01-DEL02-ES,2025-09-23 11:40:00,2025.0,9.0,11.0,manha,True,0,moderado,BR-101