id,data,dia_semana,hora,uf,rodovia,km,municipio,causa,tipo_acidente,classificacao,fase_dia,sentido_via,condicao_metereologica,tipo_pista,tracado_via,uso_solo,pessoas,mortos,feridos_leves,feridos_graves,ilesos,ignorados,feridos,veiculos,latitude,longitude,regional,delegacia,uop,data_hora,ano,mes,hora_dia,periodo_dia,regiao_grande_vitoria,risco_alto,nivel_risco,rodovia_label
720453.0,2025-08-18,segunda,20:35,ES,101.0,292.0,CARIACICA,Reação tardia ou ineficiente do condutor,Tombamento,Com Vítimas Feridas,Plena Noite,Decrescente,Céu Claro,Dupla,Reta,Não,2.0,0.0,2.0,0.0,0.0,0.0,2.0,1.0,-20.30832089,-40.39475441,SPRF-ES,DEL01-ES,UOP01-DEL01-ES,2025-08-18 20:35:00,2025.0,8.0,20.0,noite,True,0,moderado,BR-101
720577.0,2025-09-24,quarta,08:30,ES,101.0,298.0,VIANA,Demais falhas mecânicas ou elétricas,Incêndio,Sem Vítimas,Pleno dia,Crescente,Céu Claro,Dupla,Reta,Sim,1.0,0.0,0.0,0.0,1.0,0.0,0.0,1.0,-20.34983965,-40.41262719,SPRF-ES,DEL01-ES,UOP01-DEL01-ES,2025-09-24 08:30:00,2025.0,9.0,8.0,manha,True,0,baixo,BR-101
721155.0,2025-09-27,sabado,05:50,ES,101.0,264.0,SERRA,Ausência de reação do condutor,Colisão traseira,Sem Vítimas,Pleno dia,Decrescente,Céu Claro,Múltipla,Reta,Sim,1.0,0.0,0.0,0.0,0.0,1.0,0.0,1.0,-20.17831568,-40.26548052,SPRF-ES,DEL02-ES,UOP01-DEL02-ES,2025-09-27 05:50:00,2025.0,9.0,5.0,madrugada,True,0,baixo,BR-101
721174.0,2025-09-27,sabado,06:50,ES,101.0,293.8,CARIACICA,Reação tardia ou ineficiente do condutor,Capotamento,Sem Vítimas,Amanhecer,Crescente,Céu Claro,Múltipla,Curva,Não,1.0,0.0,0.0,0.0,0.0,1.0,0.0,1.0,-20.321424,-40.395868,SPRF-ES,DEL01-ES,UOP01-DEL01-ES,2025-09-27 06:50:00,2025.0,9.0,6.0,manha,True,0,baixo,BR-101
721295.0,2025-09-27,sabado,17:45,ES,101.0,265.0,SERRA,Reação tardia ou ineficiente do condutor,Colisão com objeto,Com Vítimas Feridas,Anoitecer,Decrescente,Nublado,Dupla,Reta,Sim,1.0,0.0,0.0,1.0,0.0,0.0,1.0,1.0,-20.18478,-40.26714,SPRF-ES,DEL02-ES,UOP01-DEL02-ES,2025-09-27 17:45:00,2025.0,9.0,17.0,tarde,True,1,grave,BR-101
721428.0,2025-09-28,domingo,07:30,ES,101.0,294.0,CARIACICA,Velocidade Incompatível,Colisão com objeto,Sem Vítimas,Pleno dia,Decrescente,Sol,Dupla,Curva,Sim,1.0,0.0,0.0,0.0,1.0,0.0,0.0,1.0,-20.32386263,-40.39518356,SPRF-ES,DEL01-ES,UOP01-DEL01-ES,2025-09-28 07:30:00,2025.0,9.0,7.0,manha,True,0,baixo,BR-101
721471.0,2025-09-28,domingo,15:54,ES,101.0,276.0,CARIACICA,Conversão proibida,Colisão transversal,Com Vítimas Feridas,Pleno dia,Crescente,Céu Claro,Dupla,Reta,Sim,2.0,0.0,0.0,1.0,1.0,0.0,1.0,2.0,-20.22936695,-40.36693812,SPRF-ES,DEL02-ES,UOP01-DEL02-ES,2025-09-28 15:54:00,2025.0,9.0,15.0,tarde,True,1,grave,BR-101
721500.0,2025-09-28,domingo,17:55,ES,101.0,247.0,SERRA,Reação tardia ou ineficiente do condutor,Tombamento,Com Vítimas Feridas,Anoitecer,Crescente,Céu Claro,Dupla,Curva;Declive;Em Obras,Não,1.0,0.0,1.0,0.0,0.0,0.0,1.0,1.0,-20.05661658,-40.38008809,SPRF-ES,DEL02-ES,UOP01-DEL02-ES,2025-09-28 17:55:00,2025.0,9.0,17.0,tarde,True,0,moderado,BR-101
721737.0,2025-09-29,segunda,17:48,ES,101.0,255.0,SERRA,Ausência de reação do condutor,Colisão frontal,Com Vítimas Feridas,Anoitecer,Crescente,Céu Claro,Simples,Retorno Regulamentado;Interseção de Vias,Sim,2.0,0.0,2.0,0.0,0.0,0.0,2.0,2.0,-20.11771261,-40.3145078,SPRF-ES,DEL02-ES,UOP01-DEL02-ES,2025-09-29 17:48:00,2025.0,9.0,17.0,tarde,True,0,moderado,BR-101
721802.0,2025-09-30,terca,06:30,ES,101.0,276.0,SERRA,Condutor deixou de manter distância do veículo da frente,Colisão traseira,Com Vítimas Feridas,Pleno dia,Crescente,Céu Claro,Dupla,Reta,Não,4.0,0.0,2.0,2.0,0.0,0.0,4.0,3.0,-20.21362718,-40.32226682,SPRF-ES,DEL02-ES,UOP01-DEL02-ES,2025-09-30 06:30:00,2025.0,9.0,6.0,manha,True,1,grave,BR-101
721924.0,2025-09-30,terca,18:15,ES,101.0,298.0,VIANA,Reação tardia ou ineficiente do condutor,Colisão traseira,Com Vítimas Feridas,Plena Noite,Decrescente,Céu Claro,Simples,Aclive;Reta,Sim,3.0,0.0,1.0,0.0,2.0,0.0,1.0,2.0,-20.353535,-40.415369,SPRF-ES,DEL01-ES,UOP01-DEL01-ES,2025-09-30 18:15:00,2025.0,9.0,18.0,noite,True,0,moderado,BR-101
722116.0,2025-10-01,quarta,18:40,ES,101.0,285.1,CARIACICA,Transitar na contramão,Atropelamento de Pedestre,Com Vítimas Feridas,Plena Noite,Decrescente,Nublado,Dupla,Reta;Interseção de Vias,Sim,2.0,0.0,0.0,1.0,0.0,1.0,1.0,2.0,-20.252243,-40.373105,SPRF-ES,DEL01-ES,UOP01-DEL01-ES,2025-10-01 18:40:00,2025.0,10.0,18.0,noite,True,1,grave,BR-101
722186.0,2025-10-02,quinta,06:55,ES,101.0,269.0,SERRA,Condutor deixou de manter distância do veículo da frente,Colisão traseira,Com Vítimas Feridas,Pleno dia,Crescente,Céu Claro,Dupla,Reta,Sim,3.0,0.0,2.0,0.0,1.0,0.0,2.0,3.0,-20.21652,-40.27011,SPRF-ES,DEL02-ES,UOP01-DEL02-ES,2025-10-02 06:55:00,2025.0,10.0,6.0,manha,True,0,moderado,BR-101
722223.0,2025-10-02,quinta,10:48,ES,101.0,282.1,CARIACICA,Ausência de reação do condutor,Colisão traseira,Com Vítimas Feridas,Pleno dia,Crescente,Sol,Dupla,Reta,Sim,2.0,0.0,0.0,1.0,1.0,0.0,1.0,2.0,-20.2277112,-40.3653903,SPRF-ES,DEL01-ES,UOP01-DEL01-ES,2025-10-02 10:48:00,2025.0,10.0,10.0,manha,True,1,grave,BR-101
722283.0,2025-09-16,terca,18:30,ES,101.0,301.0,VIANA,Pedestre cruzava a pista fora da faixa,Atropelamento de Pedestre,Com Vítimas Fatais,Plena Noite,Decrescente,Céu Claro,Dupla,Curva,Sim,2.0,1.0,0.0,0.0,1.0,0.0,0.0,2.0,-20.3632875,-40.4422094,SPRF-ES,DEL01-ES,UOP01-DEL01-ES,2025-09-16 18:30:00,2025.0,9.0,18.0,noite,True,1,fatal,BR-101
722460.0,2025-10-03,sexta,13:30,ES,101.0,266.0,SERRA,Manobra de mudança de faixa,Colisão lateral mesmo sentido,Com Vítimas Feridas,Pleno dia,Crescente,Sol,Dupla,Reta,Sim,2.0,0.0,1.0,0.0,1.0,0.0,1.0,2.0,-20.190199,-40.26828891,SPRF-ES,DEL02-ES,UOP01-DEL02-ES,2025-10-03 13:30:00,2025.0,10.0,13.0,tarde,True,0,moderado,BR-101
722541.0,2025-10-03,sexta,19:45,ES,101.0,262.0,SERRA,Acessar a via sem observar a presença dos outros veículos,Colisão frontal,Com Vítimas Feridas,Plena Noite,Decrescente,Nublado,Múltipla,Interseção de Vias,Não,2.0,0.0,0.0,1.0,1.0,0.0,1.0,2.0,-20.15858567,-40.27607113,SPRF-ES,DEL02-ES,UOP01-DEL02-ES,2025-10-03 19:45:00,2025.0,10.0,19.0,noite,True,1,grave,BR-101
722579.0,2025-10-03,sexta,22:10,ES,101.0,260.0,SERRA,Velocidade Incompatível,Colisão com objeto,Com Vítimas Feridas,Plena Noite,Decrescente,Chuva,Dupla,Curva;Declive,Sim,3.0,0.0,3.0,0.0,0.0,0.0,3.0,1.0,-20.14650934,-40.28729349,SPRF-ES,DEL02-ES,UOP01-DEL02-ES,2025-10-03 22:10:00,2025.0,10.0,22.0,noite,True,0,moderado,BR-101
722640.0,2025-10-04,sabado,07:25,ES,262.0,17.0,VIANA,Ultrapassagem Indevida,Queda de ocupante de veículo,Com Vítimas Feridas,Pleno dia,Crescente,Garoa/Chuvisco,Simples,Reta;Rotatória,Não,2.0,0.0,1.0,0.0,1.0,0.0,1.0,2.0,-20.392064,-40.482477,SPRF-ES,DEL01-ES,UOP01-DEL01-ES,2025-10-04 07:25:00,2025.0,10.0,7.0,manha,True,0,moderado,BR-262
722783.0,2025-10-04,sabado,20:00,ES,101.0,257.0,SERRA,Manobra de mudança de faixa,Colisão lateral mesmo sentido,Com Vítimas Feridas,Plena Noite,Crescente,Céu Claro,Simples,Reta,Não,2.0,0.0,1.0,0.0,0.0,1.0,1.0,2.0,-20.12292536,-40.30531168,SPRF-ES,DEL02-ES,UOP01-DEL02-ES,2025-10-04 20:00:00,2025.0,10.0,20.0,noite,True,0,moderado,BR-101
722785.0,2025-10-04,sabado,20:30,ES,101.0,237.0,SERRA,Conversão proibida,Colisão frontal,Com Vítimas Feridas,Plena Noite,Crescente,Chuva,Dupla,Reta,Não,4.0,0.0,1.0,0.0,3.0,0.0,1.0,2.0,-20.0441856,-40.3898368,SPRF-ES,DEL02-ES,UOP01-DEL02-ES,2025-10-04 20:30:00,2025.0,10.0,20.0,noite,True,0,moderado,BR-101
722794.0,2025-10-04,sabado,20:00,ES,101.0,5.5,SERRA,Chuva,Colisão lateral mesmo sentido,Sem Vítimas,Plena Noite,Crescente,Chuva,Dupla,Reta,Não,2.0,0.0,0.0,0.0,2.0,0.0,0.0,2.0,-20.18950877,-40.33862753,SPRF-ES,DEL02-ES,UOP01-DEL02-ES,2025-10-04 20:00:00,2025.0,10.0,20.0,noite,True,0,baixo,BR-101
722827.0,2025-06-09,segunda,18:30,ES,101.0,296.0,CARIACICA,Acessar a via sem observar a presença dos outros veículos,Colisão lateral mesmo sentido,Com Vítimas Feridas,Plena Noite,Crescente,Chuva,Múltipla,Interseção de Vias;Declive;Viaduto,Sim,2.0,0.0,0.0,1.0,1.0,0.0,1.0,2.0,-20.34350734,-40.40700523,SPRF-ES,DEL01-ES,UOP01-DEL01-ES,2025-06-09 18:30:00,2025.0,6.0,18.0,noite,True,1,grave,BR-101
722831.0,2025-10-04,sabado,20:30,ES,262.0,1.0,CARIACICA,Ingestão de álcool pelo condutor,Colisão com objeto,Sem Vítimas,Plena Noite,Crescente,Céu Claro,Dupla,Declive;Reta;Ponte,Sim,1.0,0.0,0.0,0.0,1.0,0.0,0.0,1.0,-20.33093984,-40.35488455,SPRF-ES,DEL01-ES,UOP01-DEL01-ES,2025-10-04 20:30:00,2025.0,10.0,20.0,noite,True,0,baixo,BR-262
723054.0,2025-10-05,domingo,21:15,ES,101.0,287.8,CARIACICA,Ausência de reação do condutor,Colisão com objeto,Sem Vítimas,Plena Noite,Crescente,Nublado,Dupla,Reta;Declive,Não,1.0,0.0,0.0,0.0,1.0,0.0,0.0,1.0,-20.25243581,-40.37305773,SPRF-ES,DEL01-ES,UOP01-DEL01-ES,2025-10-05 21:15:00,2025.0,10.0,21.0,noite,True,0,baixo,BR-101
723108.0,2025-09-07,domingo,09:00,ES,101.0,239.8,FUNDAO,Reação tardia ou ineficiente do condutor,Colisão traseira,Com Vítimas Feridas,Pleno dia,Crescente,Nublado,Simples,Reta,Não,2.0,0.0,0.0,1.0,1.0,0.0,1.0,2.0,-20.0154185,-40.4041978,SPRF-ES,DEL02-ES,UOP01-DEL02-ES,2025-09-07 09:00:00,2025.0,9.0,9.0,manha,True,1,grave,BR-101
723179.0,2025-10-06,segunda,11:10,ES,101.0,268.2,SERRA,Ausência de reação do condutor,Queda de ocupante de veículo,Com Vítimas Feridas,Pleno dia,Crescente,Sol,Simples,Reta,Sim,2.0,0.0,1.0,0.0,0.0,1.0,1.0,1.0,-20.212007,-40.269852,SPRF-ES,DEL02-ES,UOP01-DEL02-ES,2025-10-06 11:10:00,2025.0,10.0,11.0,manha,True,0,moderado,BR-101
723365.0,2025-10-07,terca,10:20,ES,101.0,13.0,SERRA,Demais falhas mecânicas ou elétricas,Queda de ocupante de veículo,Com Vítimas Feridas,Pleno dia,Decrescente,Nublado,Dupla,Reta,Não,1.0,0.0,1.0,0.0,0.0,0.0,1.0,1.0,-20.14814211,-40.34507811,SPRF-ES,DEL02-ES,UOP01-DEL02-ES,2025-10-07 10:20:00,2025.0,10.0,10.0,manha,True,0,moderado,BR-101
723540.0,2025-10-08,quarta,06:20,ES,101.0,286.0,CARIACICA,Condutor deixou de manter distância do veículo da frente,Colisão traseira,Com Vítimas Feridas,Pleno dia,Decrescente,Céu Claro,Dupla,Reta,Sim,2.0,0.0,1.0,0.0,1.0,0.0,1.0,2.0,-20.259358,-40.377558,SPRF-ES,DEL01-ES,UOP01-DEL01-ES,2025-10-08 06:20:00,2025.0,10.0,6.0,manha,True,0,moderado,BR-101
723553.0,2025-10-08,quarta,08:20,ES,101.0,298.2,VIANA,Acessar a via sem observar a presença dos outros veículos,Colisão transversal,Com Vítimas Feridas,Pleno dia,Decrescente,Céu Claro,Múltipla,Reta,Sim,3.0,0.0,0.0,2.0,1.0,0.0,2.0,2.0,-20.35507904,-40.41671991,SPRF-ES,DEL01-ES,UOP01-DEL01-ES,2025-10-08 08:20:00,2025.0,10.0,8.0,manha,True,1,grave,BR-101
723955.0,2025-10-10,sexta,07:15,ES,101.0,265.0,SERRA,Transitar na contramão,Colisão lateral mesmo sentido,Com Vítimas Feridas,Pleno dia,Decrescente,Nublado,Dupla,Interseção de Vias;Reta,Sim,3.0,0.0,1.0,0.0,2.0,0.0,1.0,2.0,-20.189469,-40.2681096,SPRF-ES,DEL02-ES,UOP01-DEL02-ES,2025-10-10 07:15:00,2025.0,10.0,7.0,manha,True,0,moderado,BR-101
723976.0,2025-10-10,sexta,07:50,ES,101.0,298.0,VIANA,Trafegar com motocicleta (ou similar) entre as faixas,Colisão traseira,Com Vítimas Feridas,Pleno dia,Crescente,Nublado,Múltipla,Reta,Sim,2.0,0.0,0.0,1.0,0.0,1.0,1.0,2.0,-20.35313159,-40.41496603,SPRF-ES,DEL01-ES,UOP01-DEL01-ES,2025-10-10 07:50:00,2025.0,10.0,7.0,manha,True,1,grave,BR-101
724063.0,2025-10-10,sexta,15:35,ES,101.0,266.9,SERRA,Manobra de mudança de faixa,Tombamento,Com Vítimas Feridas,Pleno dia,Crescente,Sol,Múltipla,Reta,Sim,1.0,0.0,1.0,0.0,0.0,0.0,1.0,1.0,-20.19763819,-40.26897187,SPRF-ES,DEL02-ES,UOP01-DEL02-ES,2025-10-10 15:35:00,2025.0,10.0,15.0,tarde,True,0,moderado,BR-101
724112.0,2025-10-10,sexta,18:40,ES,101.0,260.1,SERRA,Ausência de reação do condutor,Colisão traseira,Com Vítimas Feridas,Plena Noite,Decrescente,Ignorado,Dupla,Aclive,Sim,2.0,0.0,1.0,0.0,0.0,1.0,1.0,2.0,-20.14629677,-40.28792739,SPRF-ES,DEL02-ES,UOP01-DEL02-ES,2025-10-10 18:40:00,2025.0,10.0,18.0,noite,True,0,moderado,BR-101
724116.0,2025-10-10,sexta,19:20,ES,101.0,270.0,SERRA,Manobra de mudança de faixa,Colisão lateral sentido oposto,Com Vítimas Feridas,Plena Noite,Decrescente,Céu Claro,Dupla,Reta,Sim,2.0,0.0,1.0,0.0,1.0,0.0,1.0,2.0,-20.22850733,-40.27176509,SPRF-ES,DEL02-ES,UOP01-DEL02-ES,2025-10-10 19:20:00,2025.0,10.0,19.0,noite,True,0,moderado,BR-101
724217.0,2025-10-11,sabado,06:14,ES,101.0,265.0,SERRA,Transitar na contramão,Colisão frontal,Com Vítimas Feridas,Pleno dia,Crescente,Céu Claro,Múltipla,Curva,Sim,3.0,0.0,1.0,2.0,0.0,0.0,3.0,2.0,-20.18065437,-40.26523501,SPRF-ES,DEL02-ES,UOP01-DEL02-ES,2025-10-11 06:14:00,2025.0,10.0,6.0,manha,True,1,grave,BR-101
724355.0,2025-10-11,sabado,18:30,ES,101.0,270.0,SERRA,Manobra de mudança de faixa,Colisão lateral sentido oposto,Com Vítimas Feridas,Plena Noite,Crescente,Nublado,Dupla,Reta,Sim,2.0,0.0,1.0,0.0,1.0,0.0,1.0,2.0,-20.23085183,-40.27316451,SPRF-ES,DEL02-ES,UOP01-DEL02-ES,2025-10-11 18:30:00,2025.0,10.0,18.0,noite,True,0,moderado,BR-101
724365.0,2025-10-11,sabado,19:40,ES,101.0,266.0,SERRA,Velocidade Incompatível,Engavetamento,Com Vítimas Feridas,Plena Noite,Decrescente,Céu Claro,Múltipla,Reta,Sim,4.0,0.0,2.0,0.0,2.0,0.0,2.0,3.0,-20.19490975,-40.26862532,SPRF-ES,DEL02-ES,UOP01-DEL02-ES,2025-10-11 19:40:00,2025.0,10.0,19.0,noite,True,0,moderado,BR-101
724427.0,2025-10-11,sabado,23:30,ES,101.0,268.6,SERRA,Ausência de reação do condutor,Colisão com objeto,Com Vítimas Feridas,Plena Noite,Decrescente,Céu Claro,Múltipla,Reta,Não,2.0,0.0,2.0,0.0,0.0,0.0,2.0,1.0,-20.214889,-40.2696864,SPRF-ES,DEL02-ES,UOP01-DEL02-ES,2025-10-11 23:30:00,2025.0,10.0,23.0,noite,True,0,moderado,BR-101
724445.0,2025-10-12,domingo,02:15,ES,101.0,260.9,SERRA,Ausência de reação do condutor,Capotamento,Com Vítimas Fatais,Plena Noite,Decrescente,Nublado,Dupla,Reta,Não,3.0,1.0,1.0,1.0,0.0,0.0,2.0,1.0,-20.14650934,-40.28729349,SPRF-ES,DEL02-ES,UOP01-DEL02-ES,2025-10-12 02:15:00,2025.0,10.0,2.0,madrugada,True,1,fatal,BR-101
724570.0,2025-10-12,domingo,15:57,ES,262.0,20.0,VIANA,Reação tardia ou ineficiente do condutor,Engavetamento,Com Vítimas Feridas,Pleno dia,Crescente,Céu Claro,Simples,Reta,Não,4.0,0.0,1.0,0.0,3.0,0.0,1.0,3.0,-20.37869945,-40.5081567,SPRF-ES,DEL01-ES,UOP01-DEL01-ES,2025-10-12 15:57:00,2025.0,10.0,15.0,tarde,True,0,moderado,BR-262
724599.0,2025-10-12,domingo,17:49,ES,262.0,20.0,VIANA,Acessar a via sem observar a presença dos outros veículos,Colisão transversal,Com Vítimas Feridas,Anoitecer,Decrescente,Céu Claro,Simples,Curva,Sim,3.0,0.0,0.0,1.0,2.0,0.0,1.0,2.0,-20.386318,-40.496128,SPRF-ES,DEL01-ES,UOP01-DEL01-ES,2025-10-12 17:49:00,2025.0,10.0,17.0,tarde,True,1,grave,BR-262
724735.0,2025-10-13,segunda,07:40,ES,101.0,230.9,FUNDAO,Condutor deixou de manter distância do veículo da frente,Colisão traseira,Com Vítimas Feridas,Pleno dia,Decrescente,Céu Claro,Simples,Reta,Não,3.0,0.0,1.0,0.0,2.0,0.0,1.0,2.0,-19.944287,-40.40667,SPRF-ES,DEL02-ES,UOP01-DEL02-ES,2025-10-13 07:40:00,2025.0,10.0,7.0,manha,True,0,moderado,BR-101
724803.0,2025-10-13,segunda,15:30,ES,101.0,304.5,VIANA,Pista esburacada,Eventos atípicos,Com Vítimas Feridas,Pleno dia,Crescente,Céu Claro,Dupla,Reta,Não,4.0,0.0,0.0,1.0,0.0,3.0,1.0,2.0,-20.38254454,-40.45919411,SPRF-ES,DEL01-ES,UOP01-DEL01-ES,2025-10-13 15:30:00,2025.0,10.0,15.0,tarde,True,1,grave,BR-101
724821.0,2025-10-13,segunda,16:30,ES,101.0,275.0,SERRA,Reação tardia ou ineficiente do condutor,Tombamento,Com Vítimas Feridas,Pleno dia,Crescente,Vento,Múltipla,Reta,Sim,1.0,0.0,1.0,0.0,0.0,0.0,1.0,1.0,-20.2081011,-40.3045303,SPRF-ES,DEL02-ES,UOP01-DEL02-ES,2025-10-13 16:30:00,2025.0,10.0,16.0,tarde,True,0,moderado,BR-101
724934.0,2025-10-14,terca,07:40,ES,101.0,283.1,CARIACICA,Pedestre cruzava a pista fora da faixa,Atropelamento de Pedestre,Com Vítimas Feridas,Pleno dia,Crescente,Nublado,Múltipla,Reta;Aclive,Não,2.0,0.0,1.0,0.0,0.0,1.0,1.0,2.0,-20.23536632,-40.36964742,SPRF-ES,DEL01-ES,UOP01-DEL01-ES,2025-10-14 07:40:00,2025.0,10.0,7.0,manha,True,0,moderado,BR-101
725075.0,2025-10-14,terca,20:15,ES,262.0,26.8,VIANA,Acumulo de água sobre o pavimento,Saída de leito carroçável,Com Vítimas Feridas,Plena Noite,Crescente,Chuva,Simples,Curva,Não,1.0,0.0,1.0,0.0,0.0,0.0,1.0,1.0,-20.3823001,-40.5471223,SPRF-ES,DEL01-ES,UOP01-DEL01-ES,2025-10-14 20:15:00,2025.0,10.0,20.0,noite,True,0,moderado,BR-262
725139.0,2025-10-15,quarta,08:09,ES,101.0,289.4,CARIACICA,Manobra de mudança de faixa,Queda de ocupante de veículo,Com Vítimas Feridas,Pleno dia,Decrescente,Nublado,Dupla,Declive;Reta,Não,1.0,0.0,1.0,0.0,0.0,0.0,1.0,1.0,-20.28358962,-40.39295959,SPRF-ES,DEL01-ES,UOP01-DEL01-ES,2025-10-15 08:09:00,2025.0,10.0,8.0,manha,True,0,moderado,BR-101
725509.0,2025-10-17,sexta,02:00,ES,101.0,294.6,CARIACICA,Velocidade Incompatível,Tombamento,Com Vítimas Feridas,Plena Noite,Crescente,Nublado,Dupla,Reta,Não,1.0,0.0,0.0,1.0,0.0,0.0,1.0,1.0,-20.3292284,-40.398508,SPRF-ES,DEL01-ES,UOP01-DEL01-ES,2025-10-17 02:00:00,2025.0,10.0,2.0,madrugada,True,1,grave,BR-101
725527.0,2025-10-17,sexta,06:13,ES,101.0,330.0,GUARAPARI,Acessar a via sem observar a presença dos outros veículos,Colisão transversal,Com Vítimas Fatais,Amanhecer,Crescente,Sol,Dupla,Curva,Sim,26.0,1.0,0.0,0.0,25.0,0.0,0.0,2.0,-20.59468327,-40.50275338,SPRF-ES,DEL03-ES,UOP01-DEL03-ES,2025-10-17 06:13:00,2025.0,10.0,6.0,manha,True,1,fatal,BR-101
725657.0,2025-10-17,sexta,17:20,ES,101.0,270.2,SERRA,Reação tardia ou ineficiente do condutor,Colisão lateral mesmo sentido,Com Vítimas Feridas,Anoitecer,Decrescente,Céu Claro,Múltipla,Interseção de Vias;Reta,Sim,2.0,0.0,1.0,0.0,1.0,0.0,1.0,2.0,-20.22856,-40.27161,SPRF-ES,DEL02-ES,UOP01-DEL02-ES,2025-10-17 17:20:00,2025.0,10.0,17.0,tarde,True,0,moderado,BR-101
725790.0,2025-10-18,sabado,05:50,ES,101.0,266.4,SERRA,Deficiência do Sistema de Iluminação/Sinalização,Colisão transversal,Com Vítimas Feridas,Amanhecer,Decrescente,Céu Claro,Múltipla,Reta,Sim,5.0,0.0,4.0,0.0,0.0,1.0,4.0,3.0,-20.193505,-40.268465,SPRF-ES,DEL02-ES,UOP01-DEL02-ES,2025-10-18 05:50:00,2025.0,10.0,5.0,madrugada,True,0,moderado,BR-101
725907.0,2025-10-18,sabado,16:00,ES,101.0,288.0,CARIACICA,Acessar a via sem observar a presença dos outros veículos,Colisão transversal,Com Vítimas Feridas,Pleno dia,Crescente,Céu Claro,Dupla,Retorno Regulamentado;Curva,Sim,2.0,0.0,1.0,0.0,0.0,1.0,1.0,2.0,-20.273526,-40.39191,SPRF-ES,DEL01-ES,UOP01-DEL01-ES,2025-10-18 16:00:00,2025.0,10.0,16.0,tarde,True,0,moderado,BR-101
725912.0,2025-10-18,sabado,15:35,ES,101.0,251.0,SERRA,Transitar no Acostamento,Tombamento,Com Vítimas Feridas,Pleno dia,Decrescente,Céu Claro,Simples,Interseção de Vias;Reta,Sim,2.0,0.0,2.0,0.0,0.0,0.0,2.0,1.0,-20.09135221,-40.34191489,SPRF-ES,DEL02-ES,UOP01-DEL02-ES,2025-10-18 15:35:00,2025.0,10.0,15.0,tarde,True,0,moderado,BR-101
725950.0,2025-10-18,sabado,20:00,ES,101.0,274.5,SERRA,Reação tardia ou ineficiente do condutor,Saída de leito carroçável,Com Vítimas Feridas,Plena Noite,Crescente,Céu Claro,Dupla,Reta,Não,1.0,0.0,0.0,1.0,0.0,0.0,1.0,1.0,-20.0488505,-40.3866982,SPRF-ES,DEL02-ES,UOP01-DEL02-ES,2025-10-18 20:00:00,2025.0,10.0,20.0,noite,True,1,grave,BR-101
726156.0,2025-10-19,domingo,18:40,ES,101.0,269.5,SERRA,Ingestão de álcool pelo condutor,Colisão traseira,Com Vítimas Feridas,Plena Noite,Crescente,Nublado,Múltipla,Reta,Sim,4.0,0.0,3.0,0.0,1.0,0.0,3.0,3.0,-20.2213618,-40.2705348,SPRF-ES,DEL02-ES,UOP01-DEL02-ES,2025-10-19 18:40:00,2025.0,10.0,18.0,noite,True,0,moderado,BR-101
726241.0,2025-10-20,segunda,04:30,ES,101.0,340.2,GUARAPARI,Chuva,Queda de ocupante de veículo,Com Vítimas Feridas,Amanhecer,Crescente,Chuva,Dupla,Aclive;Reta,Não,1.0,0.0,1.0,0.0,0.0,0.0,1.0,1.0,-20.64740276,-40.56667328,SPRF-ES,DEL03-ES,UOP01-DEL03-ES,2025-10-20 04:30:00,2025.0,10.0,4.0,madrugada,True,0,moderado,BR-101
726415.0,2025-10-20,segunda,18:20,ES,101.0,255.9,SERRA,Transitar na contramão,Colisão transversal,Com Vítimas Feridas,Plena Noite,Crescente,Nublado,Simples,Reta,Sim,4.0,0.0,0.0,1.0,3.0,0.0,1.0,3.0,-20.119687,-40.31002,SPRF-ES,DEL02-ES,UOP01-DEL02-ES,2025-10-20 18:20:00,2025.0,10.0,18.0,noite,True,1,grave,BR-101
726439.0,2025-10-20,segunda,20:10,ES,262.0,19.0,VIANA,Desrespeitar a preferência no cruzamento,Colisão transversal,Com Vítimas Feridas,Plena Noite,Crescente,Nublado,Simples,Reta,Não,3.0,0.0,0.0,2.0,1.0,0.0,2.0,2.0,-20.39220586,-40.48957435,SPRF-ES,DEL01-ES,UOP01-DEL01-ES,2025-10-20 20:10:00,2025.0,10.0,20.0,noite,True,1,grave,BR-262
726596.0,2025-10-21,terca,17:05,ES,447.0,15.3,VILA VELHA,Reação tardia ou ineficiente do condutor,Colisão lateral mesmo sentido,Com Vítimas Feridas,Anoitecer,Decrescente,Céu Claro,Dupla,Reta,Sim,2.0,0.0,1.0,0.0,1.0,0.0,1.0,2.0,-20.34258484,-40.32871842,SPRF-ES,DEL01-ES,UOP01-DEL01-ES,2025-10-21 17:05:00,2025.0,10.0,17.0,tarde,True,0,moderado,BR-447
726613.0,2025-10-21,terca,18:45,ES,101.0,266.0,SERRA,Ausência de reação do condutor,Tombamento,Com Vítimas Feridas,Plena Noite,Decrescente,Chuva,Dupla,Reta,Sim,1.0,0.0,1.0,0.0,0.0,0.0,1.0,1.0,-20.19190908,-40.26824266,SPRF-ES,DEL02-ES,UOP01-DEL02-ES,2025-10-21 18:45:00,2025.0,10.0,18.0,noite,True,0,moderado,BR-101