id,data,dia_semana,hora,uf,rodovia,km,municipio,causa,tipo_acidente,classificacao,fase_dia,sentido_via,condicao_metereologica,tipo_pista,tracado_via,uso_solo,pessoas,mortos,feridos_leves,feridos_graves,ilesos,ignorados,feridos,veiculos,latitude,longitude,regional,delegacia,uop,data_hora,ano,mes,hora_dia,periodo_dia,regiao_grande_vitoria,risco_alto,nivel_risco,rodovia_label
726672.0,2025-10-22,quarta,07:02,ES,101.0,268.0,SERRA,Pedestre cruzava a pista fora da faixa,Atropelamento de Pedestre,Com Vítimas Feridas,Pleno dia,Crescente,Chuva,Dupla,Reta,Sim,3.0,0.0,3.0,0.0,0.0,0.0,3.0,2.0,-20.18959623,-40.26832223,SPRF-ES,DEL02-ES,UOP01-DEL02-ES,2025-10-22 07:02:00,2025.0,10.0,7.0,manha,True,0,moderado,BR-101
726688.0,2025-10-22,quarta,08:43,ES,101.0,269.0,SERRA,Ausência de reação do condutor,Colisão traseira,Com Vítimas Feridas,Pleno dia,Crescente,Nublado,Dupla,Reta,Sim,3.0,0.0,0.0,2.0,0.0,1.0,2.0,2.0,-20.222233,-40.27047,SPRF-ES,DEL02-ES,UOP01-DEL02-ES,2025-10-22 08:43:00,2025.0,10.0,8.0,manha,True,1,grave,BR-101
726772.0,2025-10-22,quarta,17:30,ES,101.0,258.0,SERRA,Acessar a via sem observar a presença dos outros veículos,Colisão transversal,Com Vítimas Feridas,Plena Noite,Crescente,Céu Claro,Dupla,Curva,Sim,2.0,0.0,1.0,0.0,1.0,0.0,1.0,2.0,-20.1228943,-40.30535817,SPRF-ES,DEL02-ES,UOP01-DEL02-ES,2025-10-22 17:30:00,2025.0,10.0,17.0,tarde,True,0,moderado,BR-101
726789.0,2025-10-22,quarta,18:50,ES,101.0,265.0,SERRA,Condutor desrespeitou a iluminação vermelha do semáforo,Colisão transversal,Com Vítimas Feridas,Plena Noite,Crescente,Céu Claro,Dupla,Interseção de Vias;Reta,Sim,3.0,0.0,3.0,0.0,0.0,0.0,3.0,2.0,-20.18985084,-40.26824506,SPRF-ES,DEL02-ES,UOP01-DEL02-ES,2025-10-22 18:50:00,2025.0,10.0,18.0,noite,True,0,moderado,BR-101
726909.0,2025-09-21,domingo,16:30,ES,0.0,0.0,VITORIA,Demais falhas mecânicas ou elétricas,Colisão com objeto,Sem Vítimas,Pleno dia,Não Informado,Céu Claro,Simples,Reta,Sim,4.0,0.0,0.0,0.0,1.0,3.0,0.0,3.0,-20.31855494,-40.30606834,SPRF-ES,,,2025-09-21 16:30:00,2025.0,9.0,16.0,tarde,True,0,baixo,BR-0
726996.0,2025-10-23,quinta,18:45,ES,101.0,255.0,SERRA,Transitar na contramão,Colisão frontal,Com Vítimas Feridas,Plena Noite,Crescente,Nublado,Simples,Reta,Sim,3.0,0.0,3.0,0.0,0.0,0.0,3.0,2.0,-20.11849082,-40.31272548,SPRF-ES,DEL02-ES,UOP01-DEL02-ES,2025-10-23 18:45:00,2025.0,10.0,18.0,noite,True,0,moderado,BR-101
727100.0,2025-10-24,sexta,08:30,ES,101.0,288.0,CARIACICA,Acessar a via sem observar a presença dos outros veículos,Colisão transversal,Com Vítimas Feridas,Pleno dia,Decrescente,Céu Claro,Dupla,Retorno Regulamentado,Não,2.0,0.0,0.0,1.0,0.0,1.0,1.0,2.0,-20.27912784,-40.39274502,SPRF-ES,DEL01-ES,UOP01-DEL01-ES,2025-10-24 08:30:00,2025.0,10.0,8.0,manha,True,1,grave,BR-101
727295.0,2025-10-24,sexta,23:45,ES,262.0,17.0,VIANA,Ausência de reação do condutor,Colisão traseira,Com Vítimas Feridas,Plena Noite,Crescente,Céu Claro,Simples,Reta,Sim,2.0,0.0,1.0,0.0,1.0,0.0,1.0,2.0,-20.3882908,-40.4769436,SPRF-ES,DEL01-ES,UOP01-DEL01-ES,2025-10-24 23:45:00,2025.0,10.0,23.0,noite,True,0,moderado,BR-262
727432.0,2025-10-25,sabado,14:30,ES,101.0,266.0,SERRA,Ingestão de álcool pelo condutor,Colisão traseira,Com Vítimas Feridas,Pleno dia,Crescente,Chuva,Múltipla,Reta;Retorno Regulamentado,Sim,3.0,0.0,1.0,0.0,1.0,1.0,1.0,3.0,-20.19546,-40.268828,SPRF-ES,DEL02-ES,UOP01-DEL02-ES,2025-10-25 14:30:00,2025.0,10.0,14.0,tarde,True,0,moderado,BR-101
727499.0,2025-10-25,sabado,20:10,ES,101.0,281.8,SERRA,Reação tardia ou ineficiente do condutor,Colisão com objeto,Com Vítimas Feridas,Plena Noite,Crescente,Garoa/Chuvisco,Múltipla,Reta;Ponte,Não,2.0,0.0,2.0,0.0,0.0,0.0,2.0,1.0,-20.22630151,-40.36355495,SPRF-ES,DEL02-ES,UOP01-DEL02-ES,2025-10-25 20:10:00,2025.0,10.0,20.0,noite,True,0,moderado,BR-101
727705.0,2025-10-26,domingo,17:55,ES,101.0,268.5,VITORIA,Condutor deixou de manter distância do veículo da frente,Colisão traseira,Com Vítimas Feridas,Plena Noite,Decrescente,Nublado,Múltipla,Reta,Sim,2.0,0.0,1.0,0.0,1.0,0.0,1.0,2.0,-20.213741,-40.2697,SPRF-ES,DEL02-ES,UOP01-DEL02-ES,2025-10-26 17:55:00,2025.0,10.0,17.0,tarde,True,0,moderado,BR-101
727741.0,2025-10-26,domingo,20:58,ES,101.0,276.0,SERRA,Afundamento ou ondulação no pavimento,Tombamento,Com Vítimas Feridas,Plena Noite,Decrescente,Céu Claro,Dupla,Reta,Não,2.0,0.0,1.0,0.0,1.0,0.0,1.0,1.0,-20.20759142,-40.30764773,SPRF-ES,DEL02-ES,UOP01-DEL02-ES,2025-10-26 20:58:00,2025.0,10.0,20.0,noite,True,0,moderado,BR-101
728047.0,2025-10-28,terca,08:24,ES,101.0,299.7,VIANA,Reação tardia ou ineficiente do condutor,Tombamento,Com Vítimas Feridas,Pleno dia,Crescente,Céu Claro,Múltipla,Curva,Sim,1.0,0.0,1.0,0.0,0.0,0.0,1.0,1.0,-20.35799609,-40.43161511,SPRF-ES,DEL01-ES,UOP01-DEL01-ES,2025-10-28 08:24:00,2025.0,10.0,8.0,manha,True,0,moderado,BR-101
728241.0,2025-10-29,quarta,08:33,ES,101.0,297.7,VIANA,Ausência de reação do condutor,Tombamento,Com Vítimas Feridas,Pleno dia,Decrescente,Céu Claro,Dupla,Reta,Sim,3.0,0.0,1.0,0.0,2.0,0.0,1.0,2.0,-20.350743,-40.412927,SPRF-ES,DEL01-ES,UOP01-DEL01-ES,2025-10-29 08:33:00,2025.0,10.0,8.0,manha,True,0,moderado,BR-101
728308.0,2025-10-29,quarta,13:50,ES,101.0,273.9,SERRA,Acessar a via sem observar a presença dos outros veículos,Tombamento,Com Vítimas Feridas,Pleno dia,Crescente,Sol,Dupla,Interseção de Vias;Reta;Declive,Sim,2.0,0.0,2.0,0.0,0.0,0.0,2.0,1.0,-20.2128064,-40.2960451,SPRF-ES,DEL02-ES,UOP01-DEL02-ES,2025-10-29 13:50:00,2025.0,10.0,13.0,tarde,True,0,moderado,BR-101
728425.0,2025-10-30,quinta,04:50,ES,101.0,270.0,SERRA,Ausência de reação do condutor,Colisão com objeto,Com Vítimas Feridas,Amanhecer,Decrescente,Céu Claro,Dupla,Interseção de Vias;Reta,Sim,2.0,0.0,2.0,0.0,0.0,0.0,2.0,1.0,-20.2299848,-40.2726369,SPRF-ES,DEL02-ES,UOP01-DEL02-ES,2025-10-30 04:50:00,2025.0,10.0,4.0,madrugada,True,0,moderado,BR-101
728517.0,2025-10-30,quinta,13:40,ES,101.0,289.0,CARIACICA,Reação tardia ou ineficiente do condutor,Incêndio,Com Vítimas Feridas,Pleno dia,Crescente,Céu Claro,Dupla,Reta,Não,3.0,0.0,1.0,0.0,2.0,0.0,1.0,3.0,-20.23841821,-40.44598326,SPRF-ES,DEL01-ES,UOP01-DEL01-ES,2025-10-30 13:40:00,2025.0,10.0,13.0,tarde,True,0,moderado,BR-101
728612.0,2025-10-30,quinta,21:20,ES,262.0,26.0,VIANA,Demais falhas mecânicas ou elétricas,Incêndio,Sem Vítimas,Plena Noite,Crescente,Chuva,Simples,Reta,Não,1.0,0.0,0.0,0.0,1.0,0.0,0.0,1.0,-20.38249102,-40.54827332,SPRF-ES,DEL01-ES,UOP01-DEL01-ES,2025-10-30 21:20:00,2025.0,10.0,21.0,noite,True,0,baixo,BR-262
728626.0,2025-08-04,segunda,01:30,ES,101.0,262.0,SERRA,Desrespeitar a preferência no cruzamento,Colisão transversal,Com Vítimas Feridas,Plena Noite,Crescente,Céu Claro,Dupla,Interseção de Vias;Reta,Não,2.0,0.0,0.0,1.0,1.0,0.0,1.0,2.0,-20.173115,-40.26732167,SPRF-ES,DEL02-ES,UOP01-DEL02-ES,2025-08-04 01:30:00,2025.0,8.0,1.0,madrugada,True,1,grave,BR-101
728727.0,2025-10-31,sexta,13:50,ES,101.0,265.0,SERRA,Reação tardia ou ineficiente do condutor,Colisão traseira,Com Vítimas Feridas,Pleno dia,Crescente,Garoa/Chuvisco,Dupla,Reta,Sim,2.0,0.0,0.0,1.0,1.0,0.0,1.0,2.0,-20.18060213,-40.26498377,SPRF-ES,DEL02-ES,UOP01-DEL02-ES,2025-10-31 13:50:00,2025.0,10.0,13.0,tarde,True,1,grave,BR-101
728739.0,2025-10-31,sexta,13:50,ES,101.0,292.0,CARIACICA,Acessar a via sem observar a presença dos outros veículos,Colisão transversal,Com Vítimas Feridas,Pleno dia,Crescente,Sol,Dupla,Reta,Não,3.0,0.0,1.0,0.0,2.0,0.0,1.0,2.0,-20.30884804,-40.39481375,SPRF-ES,DEL01-ES,UOP01-DEL01-ES,2025-10-31 13:50:00,2025.0,10.0,13.0,tarde,True,0,moderado,BR-101
728793.0,2025-10-31,sexta,18:30,ES,101.0,299.0,VIANA,Manobra de mudança de faixa,Queda de ocupante de veículo,Com Vítimas Feridas,Plena Noite,Decrescente,Céu Claro,Dupla,Curva,Sim,2.0,0.0,1.0,0.0,0.0,1.0,1.0,2.0,-20.35768331,-40.42706719,SPRF-ES,DEL01-ES,UOP01-DEL01-ES,2025-10-31 18:30:00,2025.0,10.0,18.0,noite,True,0,moderado,BR-101
728912.0,2025-11-01,sabado,07:00,ES,101.0,270.0,SERRA,Condutor desrespeitou a iluminação vermelha do semáforo,Atropelamento de Pedestre,Com Vítimas Feridas,Pleno dia,Crescente,Céu Claro,Simples,Reta,Não,2.0,0.0,1.0,0.0,0.0,1.0,1.0,2.0,-20.23067133,-40.27337852,SPRF-ES,DEL02-ES,UOP01-DEL02-ES,2025-11-01 07:00:00,2025.0,11.0,7.0,manha,True,0,moderado,BR-101
729001.0,2025-11-01,sabado,19:40,ES,101.0,296.0,CARIACICA,Reação tardia ou ineficiente do condutor,Colisão traseira,Com Vítimas Feridas,Plena Noite,Decrescente,Céu Claro,Dupla,Reta,Sim,4.0,0.0,0.0,1.0,3.0,0.0,1.0,2.0,-20.3383642,-40.4025451,SPRF-ES,DEL01-ES,UOP01-DEL01-ES,2025-11-01 19:40:00,2025.0,11.0,19.0,noite,True,1,grave,BR-101
729142.0,2025-11-02,domingo,10:30,ES,101.0,282.8,CARIACICA,Transitar na contramão,Colisão lateral sentido oposto,Com Vítimas Feridas,Pleno dia,Crescente,Céu Claro,Dupla,Declive,Não,2.0,0.0,1.0,1.0,0.0,0.0,2.0,2.0,-20.23468336,-40.36946571,SPRF-ES,DEL01-ES,UOP01-DEL01-ES,2025-11-02 10:30:00,2025.0,11.0,10.0,manha,True,1,grave,BR-101
729224.0,2025-11-02,domingo,17:55,ES,101.0,228.1,FUNDAO,Reação tardia ou ineficiente do condutor,Tombamento,Com Vítimas Feridas,Plena Noite,Crescente,Céu Claro,Simples,Reta,Não,3.0,0.0,1.0,1.0,1.0,0.0,2.0,2.0,-19.924925,-40.406535,SPRF-ES,DEL02-ES,UOP01-DEL02-ES,2025-11-02 17:55:00,2025.0,11.0,17.0,tarde,True,1,grave,BR-101
729239.0,2025-11-02,domingo,19:00,ES,262.0,19.9,VIANA,Acessar a via sem observar a presença dos outros veículos,Colisão transversal,Com Vítimas Feridas,Plena Noite,Crescente,Céu Claro,Simples,Curva,Sim,5.0,0.0,5.0,0.0,0.0,0.0,5.0,3.0,-20.386523,-40.496017,SPRF-ES,DEL01-ES,UOP01-DEL01-ES,2025-11-02 19:00:00,2025.0,11.0,19.0,noite,True,0,moderado,BR-262
729362.0,2025-11-03,segunda,11:30,ES,101.0,238.0,FUNDAO,Objeto estático sobre o leito carroçável,Colisão com objeto,Com Vítimas Feridas,Pleno dia,Crescente,Céu Claro,Simples,Reta,Não,1.0,0.0,1.0,0.0,0.0,0.0,1.0,1.0,-20.01210422,-40.40600916,SPRF-ES,DEL02-ES,UOP01-DEL02-ES,2025-11-03 11:30:00,2025.0,11.0,11.0,manha,True,0,moderado,BR-101
729514.0,2025-11-04,terca,07:10,ES,101.0,269.5,SERRA,Manobra de mudança de faixa,Colisão lateral mesmo sentido,Sem Vítimas,Pleno dia,Crescente,Céu Claro,Dupla,Reta,Sim,2.0,0.0,0.0,0.0,2.0,0.0,0.0,2.0,-20.0488573,-40.3867013,SPRF-ES,DEL02-ES,UOP01-DEL02-ES,2025-11-04 07:10:00,2025.0,11.0,7.0,manha,True,0,baixo,BR-101
729685.0,2025-11-05,quarta,06:00,ES,101.0,270.5,SERRA,Ausência de reação do condutor,Colisão com objeto,Com Vítimas Fatais,Amanhecer,Crescente,Céu Claro,Dupla,Curva,Sim,2.0,1.0,0.0,1.0,0.0,0.0,1.0,1.0,-20.23243894,-40.27519226,SPRF-ES,DEL02-ES,UOP01-DEL02-ES,2025-11-05 06:00:00,2025.0,11.0,6.0,manha,True,1,fatal,BR-101
729774.0,2025-11-05,quarta,13:30,ES,101.0,288.4,CARIACICA,Velocidade Incompatível,Saída de leito carroçável,Com Vítimas Feridas,Pleno dia,Crescente,Céu Claro,Múltipla,Reta,Sim,4.0,0.0,3.0,1.0,0.0,0.0,4.0,1.0,-20.27487744,-40.39231424,SPRF-ES,DEL01-ES,UOP01-DEL01-ES,2025-11-05 13:30:00,2025.0,11.0,13.0,tarde,True,1,grave,BR-101
729820.0,2025-11-05,quarta,18:15,ES,101.0,262.3,SERRA,Condutor desrespeitou a iluminação vermelha do semáforo,Colisão transversal,Com Vítimas Feridas,Plena Noite,Crescente,Nublado,Múltipla,Interseção de Vias,Sim,3.0,0.0,1.0,0.0,1.0,1.0,1.0,3.0,-20.1535907,-40.27801752,SPRF-ES,DEL02-ES,UOP01-DEL02-ES,2025-11-05 18:15:00,2025.0,11.0,18.0,noite,True,0,moderado,BR-101
729828.0,2025-11-05,quarta,18:09,ES,101.0,264.0,SERRA,Ausência de reação do condutor,Colisão traseira,Com Vítimas Feridas,Pleno dia,Decrescente,Céu Claro,Simples,Reta,Não,2.0,0.0,1.0,0.0,1.0,0.0,1.0,2.0,-20.22230476,-40.27050161,SPRF-ES,DEL02-ES,UOP01-DEL02-ES,2025-11-05 18:09:00,2025.0,11.0,18.0,noite,True,0,moderado,BR-101
730018.0,2025-11-06,quinta,20:10,ES,101.0,264.5,SERRA,Reação tardia ou ineficiente do condutor,Tombamento,Com Vítimas Feridas,Plena Noite,Crescente,Nublado,Múltipla,Reta,Sim,1.0,0.0,1.0,0.0,0.0,0.0,1.0,1.0,-20.17775167,-40.26560667,SPRF-ES,DEL02-ES,UOP01-DEL02-ES,2025-11-06 20:10:00,2025.0,11.0,20.0,noite,True,0,moderado,BR-101
730147.0,2025-11-07,sexta,12:50,ES,262.0,17.0,VIANA,Condutor deixou de manter distância do veículo da frente,Colisão traseira,Com Vítimas Feridas,Pleno dia,Crescente,Nublado,Simples,Reta,Sim,4.0,0.0,1.0,0.0,3.0,0.0,1.0,2.0,-20.38565,-40.471053,SPRF-ES,DEL01-ES,UOP01-DEL01-ES,2025-11-07 12:50:00,2025.0,11.0,12.0,tarde,True,0,moderado,BR-262
730180.0,2025-10-19,domingo,05:40,ES,101.0,269.0,SERRA,Condutor desrespeitou a iluminação vermelha do semáforo,Colisão transversal,Com Vítimas Feridas,Amanhecer,Decrescente,Nublado,Dupla,Interseção de Vias;Reta,Sim,2.0,0.0,1.0,0.0,1.0,0.0,1.0,2.0,-20.11139198,-40.32669067,SPRF-ES,DEL02-ES,UOP01-DEL02-ES,2025-10-19 05:40:00,2025.0,10.0,5.0,madrugada,True,0,moderado,BR-101
730262.0,2025-11-07,sexta,21:00,ES,101.0,297.0,CARIACICA,Reação tardia ou ineficiente do condutor,Colisão com objeto,Com Vítimas Fatais,Plena Noite,Crescente,Garoa/Chuvisco,Dupla,Aclive;Curva,Não,1.0,1.0,0.0,0.0,0.0,0.0,0.0,1.0,-20.344911,-40.410048,SPRF-ES,DEL01-ES,UOP01-DEL01-ES,2025-11-07 21:00:00,2025.0,11.0,21.0,noite,True,1,fatal,BR-101
730387.0,2025-11-08,sabado,10:40,ES,101.0,265.0,SERRA,Ausência de reação do condutor,Atropelamento de Pedestre,Com Vítimas Feridas,Pleno dia,Crescente,Nublado,Dupla,Reta,Sim,3.0,0.0,2.0,0.0,0.0,1.0,2.0,2.0,-20.0488582,-40.3867015,SPRF-ES,DEL02-ES,UOP01-DEL02-ES,2025-11-08 10:40:00,2025.0,11.0,10.0,manha,True,0,moderado,BR-101
730555.0,2025-11-08,sabado,22:30,ES,101.0,313.2,VILA VELHA,Animais na Pista,Atropelamento de Animal,Com Vítimas Feridas,Plena Noite,Crescente,Céu Claro,Dupla,Reta,Não,1.0,0.0,1.0,0.0,0.0,0.0,1.0,1.0,-20.45533709,-40.46342467,SPRF-ES,DEL01-ES,UOP01-DEL01-ES,2025-11-08 22:30:00,2025.0,11.0,22.0,noite,True,0,moderado,BR-101
730572.0,2025-11-09,domingo,00:30,ES,101.0,269.6,SERRA,Acessar a via sem observar a presença dos outros veículos,Colisão lateral mesmo sentido,Com Vítimas Feridas,Plena Noite,Decrescente,Nublado,Múltipla,Retorno Regulamentado,Sim,3.0,0.0,2.0,0.0,1.0,0.0,2.0,2.0,-20.2231921,-40.2702095,SPRF-ES,DEL02-ES,UOP01-DEL02-ES,2025-11-09 00:30:00,2025.0,11.0,0.0,madrugada,True,0,moderado,BR-101
730802.0,2025-11-09,domingo,22:20,ES,101.0,297.0,VIANA,Manobra de mudança de faixa,Saída de leito carroçável,Com Vítimas Feridas,Plena Noite,Crescente,Garoa/Chuvisco,Dupla,Curva,Sim,2.0,0.0,2.0,0.0,0.0,0.0,2.0,1.0,-20.351073,-40.41326,SPRF-ES,DEL01-ES,UOP01-DEL01-ES,2025-11-09 22:20:00,2025.0,11.0,22.0,noite,True,0,moderado,BR-101
730825.0,2025-11-09,domingo,23:55,ES,101.0,262.0,SERRA,Ausência de reação do condutor,Colisão traseira,Com Vítimas Feridas,Plena Noite,Crescente,Céu Claro,Simples,Reta,Não,3.0,0.0,2.0,1.0,0.0,0.0,3.0,2.0,-20.13592779,-40.29247721,SPRF-ES,DEL02-ES,UOP01-DEL02-ES,2025-11-09 23:55:00,2025.0,11.0,23.0,noite,True,1,grave,BR-101
730859.0,2025-11-10,segunda,07:21,ES,101.0,293.0,CARIACICA,Acumulo de óleo sobre o pavimento,Tombamento,Com Vítimas Feridas,Pleno dia,Decrescente,Nublado,Dupla,Reta,Sim,2.0,0.0,2.0,0.0,0.0,0.0,2.0,1.0,-20.316048,-40.3955,SPRF-ES,DEL01-ES,UOP01-DEL01-ES,2025-11-10 07:21:00,2025.0,11.0,7.0,manha,True,0,moderado,BR-101
730863.0,2025-11-10,segunda,07:50,ES,101.0,278.0,SERRA,Velocidade Incompatível,Saída de leito carroçável,Com Vítimas Feridas,Pleno dia,Crescente,Nublado,Dupla,Curva;Declive,Não,1.0,0.0,1.0,0.0,0.0,0.0,1.0,1.0,-20.21752,-40.33552,SPRF-ES,DEL02-ES,UOP01-DEL02-ES,2025-11-10 07:50:00,2025.0,11.0,7.0,manha,True,0,moderado,BR-101
730968.0,2025-11-10,segunda,16:00,ES,101.0,262.2,SERRA,Manobra de mudança de faixa,Colisão lateral mesmo sentido,Com Vítimas Feridas,Pleno dia,Decrescente,Nublado,Múltipla,Reta;Interseção de Vias;Retorno Regulamentado,Sim,2.0,0.0,1.0,0.0,1.0,0.0,1.0,2.0,-20.160165,-40.275838,SPRF-ES,DEL02-ES,UOP01-DEL02-ES,2025-11-10 16:00:00,2025.0,11.0,16.0,tarde,True,0,moderado,BR-101
731065.0,2025-11-11,terca,06:00,ES,101.0,10.0,SERRA,Suicídio (presumido),Saída de leito carroçável,Com Vítimas Feridas,Plena Noite,Decrescente,Nublado,Dupla,Reta,Não,1.0,0.0,1.0,0.0,0.0,0.0,1.0,1.0,-20.14579,-40.34384,SPRF-ES,DEL02-ES,UOP01-DEL02-ES,2025-11-11 06:00:00,2025.0,11.0,6.0,manha,True,0,moderado,BR-101
731202.0,2025-10-30,quinta,07:30,ES,101.0,266.7,SERRA,Acessar a via sem observar a presença dos outros veículos,Colisão transversal,Com Vítimas Feridas,Pleno dia,Decrescente,Nublado,Dupla,Retorno Regulamentado;Reta,Sim,3.0,0.0,0.0,1.0,2.0,0.0,1.0,2.0,-20.195662,-40.268922,SPRF-ES,DEL02-ES,UOP01-DEL02-ES,2025-10-30 07:30:00,2025.0,10.0,7.0,manha,True,1,grave,BR-101
731227.0,2025-11-11,terca,21:20,ES,101.0,301.0,VIANA,Reação tardia ou ineficiente do condutor,Colisão com objeto,Com Vítimas Feridas,Plena Noite,Decrescente,Céu Claro,Múltipla,Curva,Não,3.0,0.0,2.0,1.0,0.0,0.0,3.0,1.0,-20.363575,-40.440774,SPRF-ES,DEL01-ES,UOP01-DEL01-ES,2025-11-11 21:20:00,2025.0,11.0,21.0,noite,True,1,grave,BR-101
731389.0,2025-11-12,quarta,18:50,ES,101.0,271.2,SERRA,Demais falhas mecânicas ou elétricas,Incêndio,Sem Vítimas,Plena Noite,Decrescente,Céu Claro,Múltipla,Retorno Regulamentado,Sim,1.0,0.0,0.0,0.0,1.0,0.0,0.0,1.0,-20.23103408,-40.27947217,SPRF-ES,DEL02-ES,UOP01-DEL02-ES,2025-11-12 18:50:00,2025.0,11.0,18.0,noite,True,0,baixo,BR-101
731694.0,2025-11-14,sexta,07:57,ES,101.0,263.9,SERRA,Condutor deixou de manter distância do veículo da frente,Colisão traseira,Com Vítimas Feridas,Pleno dia,Crescente,Sol,Múltipla,Reta,Não,2.0,0.0,1.0,1.0,0.0,0.0,2.0,2.0,-20.17284167,-40.26738333,SPRF-ES,DEL02-ES,UOP01-DEL02-ES,2025-11-14 07:57:00,2025.0,11.0,7.0,manha,True,1,grave,BR-101
731778.0,2025-11-14,sexta,15:13,ES,101.0,246.1,SERRA,Demais falhas mecânicas ou elétricas,Colisão com objeto,Com Vítimas Feridas,Pleno dia,Crescente,Céu Claro,Dupla,Reta;Em Obras;Declive,Não,3.0,0.0,1.0,0.0,2.0,0.0,1.0,2.0,-20.06466,-40.37609,SPRF-ES,DEL02-ES,UOP01-DEL02-ES,2025-11-14 15:13:00,2025.0,11.0,15.0,tarde,True,0,moderado,BR-101
731914.0,2025-11-15,sabado,00:20,ES,101.0,260.8,SERRA,Acesso irregular,Tombamento,Com Vítimas Feridas,Plena Noite,Crescente,Céu Claro,Dupla,Curva,Sim,2.0,0.0,1.0,0.0,0.0,1.0,1.0,1.0,-20.14740833,-40.28014833,SPRF-ES,DEL02-ES,UOP01-DEL02-ES,2025-11-15 00:20:00,2025.0,11.0,0.0,madrugada,True,0,moderado,BR-101
731979.0,2025-11-15,sabado,08:30,ES,101.0,304.0,VIANA,Ausência de reação do condutor,Colisão traseira,Com Vítimas Feridas,Pleno dia,Crescente,Sol,Dupla,Reta,Sim,2.0,0.0,1.0,0.0,1.0,0.0,1.0,2.0,-20.3811397,-40.4567558,SPRF-ES,DEL01-ES,UOP01-DEL01-ES,2025-11-15 08:30:00,2025.0,11.0,8.0,manha,True,0,moderado,BR-101
731982.0,2025-11-15,sabado,09:20,ES,101.0,284.0,CARIACICA,Ausência de reação do condutor,Queda de ocupante de veículo,Com Vítimas Feridas,Pleno dia,Crescente,Céu Claro,Dupla,Reta,Não,2.0,0.0,2.0,0.0,0.0,0.0,2.0,1.0,-20.2483959,-40.3707993,SPRF-ES,DEL01-ES,UOP01-DEL01-ES,2025-11-15 09:20:00,2025.0,11.0,9.0,manha,True,0,moderado,BR-101
731993.0,2025-11-15,sabado,09:50,ES,101.0,299.8,VIANA,Acessar a via sem observar a presença dos outros veículos,Colisão frontal,Com Vítimas Feridas,Pleno dia,Crescente,Sol,Dupla,Retorno Regulamentado,Sim,2.0,0.0,1.0,0.0,1.0,0.0,1.0,2.0,-20.3574457,-40.42419434,SPRF-ES,DEL01-ES,UOP01-DEL01-ES,2025-11-15 09:50:00,2025.0,11.0,9.0,manha,True,0,moderado,BR-101
732042.0,2025-11-15,sabado,14:50,ES,101.0,343.0,GUARAPARI,Ausência de reação do condutor,Colisão com objeto,Com Vítimas Feridas,Pleno dia,Crescente,Nublado,Dupla,Curva,Não,3.0,0.0,1.0,0.0,2.0,0.0,1.0,2.0,-20.663552,-40.594615,SPRF-ES,DEL03-ES,UOP01-DEL03-ES,2025-11-15 14:50:00,2025.0,11.0,14.0,tarde,True,0,moderado,BR-101
732152.0,2025-11-16,domingo,00:15,ES,101.0,267.0,SERRA,Acessar a via sem observar a presença dos outros veículos,Colisão traseira,Com Vítimas Feridas,Plena Noite,Crescente,Céu Claro,Dupla,Reta,Sim,2.0,0.0,1.0,0.0,0.0,1.0,1.0,2.0,-20.22124525,-40.27041574,SPRF-ES,DEL02-ES,UOP01-DEL02-ES,2025-11-16 00:15:00,2025.0,11.0,0.0,madrugada,True,0,moderado,BR-101
732462.0,2025-11-17,segunda,09:23,ES,101.0,256.0,SERRA,Acessar a via sem observar a presença dos outros veículos,Atropelamento de Pedestre,Com Vítimas Feridas,Pleno dia,Crescente,Nublado,Simples,Reta,Não,2.0,0.0,1.0,0.0,1.0,0.0,1.0,2.0,-20.12233268,-40.30568361,SPRF-ES,DEL02-ES,UOP01-DEL02-ES,2025-11-17 09:23:00,2025.0,11.0,9.0,manha,True,0,moderado,BR-101
732470.0,2025-11-17,segunda,10:10,ES,101.0,290.0,CARIACICA,Condutor deixou de manter distância do veículo da frente,Colisão traseira,Com Vítimas Feridas,Pleno dia,Decrescente,Nublado,Dupla,Reta,Não,3.0,0.0,0.0,2.0,1.0,0.0,2.0,2.0,-20.29184775,-40.39198017,SPRF-ES,DEL01-ES,UOP01-DEL01-ES,2025-11-17 10:10:00,2025.0,11.0,10.0,manha,True,1,grave,BR-101