id,data,dia_semana,hora,uf,rodovia,km,municipio,causa,tipo_acidente,classificacao,fase_dia,sentido_via,condicao_metereologica,tipo_pista,tracado_via,uso_solo,pessoas,mortos,feridos_leves,feridos_graves,ilesos,ignorados,feridos,veiculos,latitude,longitude,regional,delegacia,uop,data_hora,ano,mes,hora_dia,periodo_dia,regiao_grande_vitoria,risco_alto,nivel_risco,rodovia_label
732490.0,2025-11-17,segunda,12:53,ES,101.0,265.0,SERRA,Manobra de mudança de faixa,Colisão lateral mesmo sentido,Com Vítimas Feridas,Pleno dia,Decrescente,Nublado,Múltipla,Reta,Sim,2.0,0.0,1.0,0.0,1.0,0.0,1.0,2.0,-20.182903,-40.266,SPRF-ES,DEL02-ES,UOP01-DEL02-ES,2025-11-17 12:53:00,2025.0,11.0,12.0,tarde,True,0,moderado,BR-101
732549.0,2025-11-17,segunda,15:00,ES,101.0,277.0,SERRA,Reação tardia ou ineficiente do condutor,Colisão com objeto,Com Vítimas Feridas,Pleno dia,Decrescente,Céu Claro,Dupla,Reta,Não,2.0,0.0,1.0,0.0,0.0,1.0,1.0,1.0,-20.2169,-40.328888,SPRF-ES,DEL02-ES,UOP01-DEL02-ES,2025-11-17 15:00:00,2025.0,11.0,15.0,tarde,True,0,moderado,BR-101
732554.0,2025-11-17,segunda,18:01,ES,101.0,247.0,SERRA,Demais falhas mecânicas ou elétricas,Tombamento,Com Vítimas Feridas,Pleno dia,Decrescente,Céu Claro,Simples,Reta,Não,2.0,0.0,2.0,0.0,0.0,0.0,2.0,1.0,-20.0682195,-40.37198067,SPRF-ES,DEL02-ES,UOP01-DEL02-ES,2025-11-17 18:01:00,2025.0,11.0,18.0,noite,True,0,moderado,BR-101
732906.0,2025-11-19,quarta,09:15,ES,101.0,299.8,VIANA,Ausência de reação do condutor,Colisão lateral sentido oposto,Com Vítimas Feridas,Pleno dia,Crescente,Céu Claro,Simples,Reta,Sim,3.0,0.0,2.0,0.0,1.0,0.0,2.0,2.0,-20.3573382,-40.4299421,SPRF-ES,DEL01-ES,UOP01-DEL01-ES,2025-11-19 09:15:00,2025.0,11.0,9.0,manha,True,0,moderado,BR-101
733118.0,2025-11-20,quinta,07:15,ES,101.0,276.0,SERRA,Reação tardia ou ineficiente do condutor,Colisão com objeto,Com Vítimas Feridas,Pleno dia,Crescente,Céu Claro,Dupla,Reta,Não,1.0,0.0,1.0,0.0,0.0,0.0,1.0,1.0,-20.0488699,-40.3866955,SPRF-ES,DEL02-ES,UOP01-DEL02-ES,2025-11-20 07:15:00,2025.0,11.0,7.0,manha,True,0,moderado,BR-101
733192.0,2025-11-20,quinta,14:45,ES,101.0,235.8,FUNDAO,Reação tardia ou ineficiente do condutor,Saída de leito carroçável,Com Vítimas Feridas,Pleno dia,Crescente,Sol,Simples,Curva,Não,1.0,0.0,0.0,1.0,0.0,0.0,1.0,1.0,-19.9821246,-40.4131256,SPRF-ES,DEL02-ES,UOP01-DEL02-ES,2025-11-20 14:45:00,2025.0,11.0,14.0,tarde,True,1,grave,BR-101
733227.0,2025-11-20,quinta,18:50,ES,101.0,5.0,SERRA,Reação tardia ou ineficiente do condutor,Colisão com objeto,Com Vítimas Feridas,Plena Noite,Crescente,Céu Claro,Dupla,Reta,Não,1.0,0.0,1.0,0.0,0.0,0.0,1.0,1.0,-20.09557398,-40.35487314,SPRF-ES,DEL04-ES,UOP02-DEL04-ES,2025-11-20 18:50:00,2025.0,11.0,18.0,noite,True,0,moderado,BR-101
733274.0,2025-11-20,quinta,21:35,ES,101.0,245.0,SERRA,Reação tardia ou ineficiente do condutor,Queda de ocupante de veículo,Com Vítimas Feridas,Plena Noite,Crescente,Nublado,Simples,Declive,Não,1.0,0.0,1.0,0.0,0.0,0.0,1.0,1.0,-20.04007795,-40.39273658,SPRF-ES,DEL02-ES,UOP01-DEL02-ES,2025-11-20 21:35:00,2025.0,11.0,21.0,noite,True,0,moderado,BR-101
733333.0,2025-11-21,sexta,06:45,ES,101.0,296.0,CARIACICA,Manobra de mudança de faixa,Colisão lateral mesmo sentido,Com Vítimas Feridas,Pleno dia,Crescente,Céu Claro,Dupla,Curva;Viaduto,Sim,2.0,0.0,0.0,1.0,1.0,0.0,1.0,2.0,-20.34336949,-40.40617252,SPRF-ES,DEL01-ES,UOP01-DEL01-ES,2025-11-21 06:45:00,2025.0,11.0,6.0,manha,True,1,grave,BR-101
733362.0,2025-11-21,sexta,05:50,ES,101.0,293.0,CARIACICA,Avarias e/ou desgaste excessivo no pneu,Tombamento,Com Vítimas Feridas,Amanhecer,Decrescente,Céu Claro,Múltipla,Reta,Sim,2.0,0.0,2.0,0.0,0.0,0.0,2.0,1.0,-20.31615636,-40.39581656,SPRF-ES,DEL01-ES,UOP01-DEL01-ES,2025-11-21 05:50:00,2025.0,11.0,5.0,madrugada,True,0,moderado,BR-101
733396.0,2025-11-21,sexta,12:52,ES,262.0,16.0,VIANA,Acessar a via sem observar a presença dos outros veículos,Colisão lateral mesmo sentido,Com Vítimas Feridas,Pleno dia,Crescente,Céu Claro,Simples,Reta,Sim,3.0,0.0,1.0,1.0,1.0,0.0,2.0,2.0,-20.3840281,-40.46566582,SPRF-ES,DEL01-ES,UOP01-DEL01-ES,2025-11-21 12:52:00,2025.0,11.0,12.0,tarde,True,1,grave,BR-262
733477.0,2025-11-21,sexta,21:00,ES,101.0,263.9,SERRA,Condutor desrespeitou a iluminação vermelha do semáforo,Atropelamento de Pedestre,Com Vítimas Feridas,Plena Noite,Decrescente,Nublado,Dupla,Interseção de Vias;Reta,Sim,2.0,0.0,1.0,0.0,0.0,1.0,1.0,2.0,-20.17303671,-40.26733875,SPRF-ES,DEL02-ES,UOP01-DEL02-ES,2025-11-21 21:00:00,2025.0,11.0,21.0,noite,True,0,moderado,BR-101
733492.0,2025-11-21,sexta,21:50,ES,101.0,267.9,SERRA,Reação tardia ou ineficiente do condutor,Colisão traseira,Com Vítimas Feridas,Plena Noite,Crescente,Céu Claro,Múltipla,Reta,Sim,3.0,0.0,2.0,0.0,1.0,0.0,2.0,2.0,-20.207961,-40.269408,SPRF-ES,DEL02-ES,UOP01-DEL02-ES,2025-11-21 21:50:00,2025.0,11.0,21.0,noite,True,0,moderado,BR-101
733554.0,2025-11-22,sabado,08:10,ES,101.0,271.0,SERRA,Semáforo com defeito,Colisão traseira,Com Vítimas Feridas,Pleno dia,Crescente,Céu Claro,Dupla,Reta;Interseção de Vias,Sim,3.0,0.0,1.0,0.0,2.0,0.0,1.0,2.0,-20.22986,-40.28137,SPRF-ES,DEL02-ES,UOP01-DEL02-ES,2025-11-22 08:10:00,2025.0,11.0,8.0,manha,True,0,moderado,BR-101
733728.0,2025-11-23,domingo,01:05,ES,101.0,293.7,CARIACICA,Condutor Dormindo,Colisão com objeto,Com Vítimas Feridas,Plena Noite,Crescente,Céu Claro,Múltipla,Reta,Não,1.0,0.0,1.0,0.0,0.0,0.0,1.0,1.0,-20.32144249,-40.39581506,SPRF-ES,DEL01-ES,UOP01-DEL01-ES,2025-11-23 01:05:00,2025.0,11.0,1.0,madrugada,True,0,moderado,BR-101
733849.0,2025-11-23,domingo,15:50,ES,101.0,281.4,SERRA,Reação tardia ou ineficiente do condutor,Colisão traseira,Com Vítimas Feridas,Pleno dia,Decrescente,Nublado,Dupla,Reta,Não,3.0,0.0,1.0,0.0,2.0,0.0,1.0,3.0,-20.22416662,-40.36014805,SPRF-ES,DEL02-ES,UOP01-DEL02-ES,2025-11-23 15:50:00,2025.0,11.0,15.0,tarde,True,0,moderado,BR-101
733941.0,2025-11-23,domingo,18:50,ES,101.0,262.0,SERRA,Condutor deixou de manter distância do veículo da frente,Colisão traseira,Com Vítimas Feridas,Plena Noite,Crescente,Céu Claro,Dupla,Reta,Sim,5.0,0.0,0.0,2.0,3.0,0.0,2.0,2.0,-20.12313859,-40.30983926,SPRF-ES,DEL02-ES,UOP01-DEL02-ES,2025-11-23 18:50:00,2025.0,11.0,18.0,noite,True,1,grave,BR-101
734034.0,2025-11-24,segunda,06:25,ES,101.0,245.5,SERRA,Ultrapassagem Indevida,Colisão lateral mesmo sentido,Sem Vítimas,Amanhecer,Crescente,Nublado,Simples,Reta,Não,2.0,0.0,0.0,0.0,2.0,0.0,0.0,2.0,-20.0488473,-40.3867012,SPRF-ES,DEL02-ES,UOP01-DEL02-ES,2025-11-24 06:25:00,2025.0,11.0,6.0,manha,True,0,baixo,BR-101
734041.0,2025-11-24,segunda,06:40,ES,101.0,288.5,CARIACICA,Reação tardia ou ineficiente do condutor,Colisão lateral mesmo sentido,Com Vítimas Feridas,Pleno dia,Decrescente,Nublado,Dupla,Reta,Sim,3.0,0.0,1.0,0.0,2.0,0.0,1.0,2.0,-20.27485826,-40.39220095,SPRF-ES,DEL01-ES,UOP01-DEL01-ES,2025-11-24 06:40:00,2025.0,11.0,6.0,manha,True,0,moderado,BR-101
734075.0,2025-11-04,terca,07:50,ES,101.0,270.5,SERRA,Trafegar com motocicleta (ou similar) entre as faixas,Colisão lateral mesmo sentido,Com Vítimas Feridas,Pleno dia,Crescente,Céu Claro,Múltipla,Reta,Sim,2.0,0.0,1.0,0.0,0.0,1.0,1.0,2.0,-20.22896003,-40.27210611,SPRF-ES,DEL02-ES,UOP01-DEL02-ES,2025-11-04 07:50:00,2025.0,11.0,7.0,manha,True,0,moderado,BR-101
734183.0,2025-11-24,segunda,21:40,ES,101.0,294.0,CARIACICA,Velocidade Incompatível,Colisão com objeto,Com Vítimas Feridas,Plena Noite,Crescente,Chuva,Múltipla,Curva;Declive,Não,1.0,0.0,0.0,1.0,0.0,0.0,1.0,1.0,-20.32446078,-40.39551465,SPRF-ES,DEL01-ES,UOP01-DEL01-ES,2025-11-24 21:40:00,2025.0,11.0,21.0,noite,True,1,grave,BR-101
734306.0,2025-11-25,terca,15:10,ES,101.0,288.9,CARIACICA,Desrespeitar a preferência no cruzamento,Colisão transversal,Com Vítimas Feridas,Pleno dia,Decrescente,Nublado,Dupla,Reta;Retorno Regulamentado,Sim,2.0,0.0,1.0,0.0,1.0,0.0,1.0,2.0,-20.27910928,-40.39280987,SPRF-ES,DEL01-ES,UOP01-DEL01-ES,2025-11-25 15:10:00,2025.0,11.0,15.0,tarde,True,0,moderado,BR-101
734350.0,2025-11-25,terca,18:30,ES,101.0,269.0,SERRA,Pedestre cruzava a pista fora da faixa,Atropelamento de Pedestre,Com Vítimas Feridas,Plena Noite,Crescente,Chuva,Múltipla,Reta,Sim,2.0,0.0,2.0,0.0,0.0,0.0,2.0,2.0,-20.21990742,-40.27025521,SPRF-ES,DEL02-ES,UOP01-DEL02-ES,2025-11-25 18:30:00,2025.0,11.0,18.0,noite,True,0,moderado,BR-101
734406.0,2025-11-26,quarta,06:40,ES,101.0,278.6,SERRA,Trafegar com motocicleta (ou similar) entre as faixas,Colisão transversal,Com Vítimas Feridas,Pleno dia,Decrescente,Sol,Simples,Reta;Aclive,Não,2.0,0.0,0.0,1.0,1.0,0.0,1.0,2.0,-20.21775875,-40.3343353,SPRF-ES,DEL02-ES,UOP01-DEL02-ES,2025-11-26 06:40:00,2025.0,11.0,6.0,manha,True,1,grave,BR-101
734591.0,2025-11-27,quinta,01:30,ES,101.0,269.9,SERRA,Retorno proibido,Colisão transversal,Com Vítimas Feridas,Plena Noite,Decrescente,Céu Claro,Múltipla,Reta,Sim,3.0,0.0,2.0,0.0,1.0,0.0,2.0,2.0,-20.223609,-40.270345,SPRF-ES,DEL02-ES,UOP01-DEL02-ES,2025-11-27 01:30:00,2025.0,11.0,1.0,madrugada,True,0,moderado,BR-101
734844.0,2025-11-28,sexta,07:57,ES,101.0,289.1,CARIACICA,Acessar a via sem observar a presença dos outros veículos,Colisão transversal,Com Vítimas Feridas,Pleno dia,Decrescente,Céu Claro,Dupla,Retorno Regulamentado,Não,2.0,0.0,0.0,1.0,1.0,0.0,1.0,2.0,-20.27909698,-40.39274502,SPRF-ES,DEL01-ES,UOP01-DEL01-ES,2025-11-28 07:57:00,2025.0,11.0,7.0,manha,True,1,grave,BR-101
734887.0,2025-11-28,sexta,11:45,ES,101.0,300.1,VIANA,Transitar no Acostamento,Colisão lateral sentido oposto,Com Vítimas Feridas,Pleno dia,Decrescente,Céu Claro,Dupla,Reta,Sim,3.0,0.0,1.0,0.0,1.0,1.0,1.0,3.0,-20.3585693,-40.43207693,SPRF-ES,DEL01-ES,UOP01-DEL01-ES,2025-11-28 11:45:00,2025.0,11.0,11.0,manha,True,0,moderado,BR-101
734902.0,2025-11-12,quarta,12:00,ES,101.0,268.0,SERRA,Reação tardia ou ineficiente do condutor,Colisão traseira,Com Vítimas Feridas,Pleno dia,Crescente,Céu Claro,Dupla,Reta,Sim,2.0,0.0,1.0,0.0,1.0,0.0,1.0,2.0,-20.208733,-40.269764,SPRF-ES,DEL02-ES,UOP01-DEL02-ES,2025-11-12 12:00:00,2025.0,11.0,12.0,tarde,True,0,moderado,BR-101
734984.0,2025-11-28,sexta,18:29,ES,101.0,284.1,CARIACICA,Trafegar com motocicleta (ou similar) entre as faixas,Colisão lateral mesmo sentido,Com Vítimas Feridas,Plena Noite,Crescente,Céu Claro,Dupla,Reta,Não,2.0,0.0,0.0,1.0,1.0,0.0,1.0,2.0,-20.243704,-40.369835,SPRF-ES,DEL01-ES,UOP01-DEL01-ES,2025-11-28 18:29:00,2025.0,11.0,18.0,noite,True,1,grave,BR-101
735056.0,2025-11-29,sabado,01:15,ES,101.0,266.0,SERRA,Condutor Dormindo,Colisão com objeto,Com Vítimas Feridas,Plena Noite,Crescente,Céu Claro,Dupla,Reta,Não,1.0,0.0,1.0,0.0,0.0,0.0,1.0,1.0,-20.195,-40.269,SPRF-ES,DEL02-ES,UOP01-DEL02-ES,2025-11-29 01:15:00,2025.0,11.0,1.0,madrugada,True,0,moderado,BR-101
735131.0,2025-11-29,sabado,10:00,ES,101.0,268.0,SERRA,Avarias e/ou desgaste excessivo no pneu,Tombamento,Com Vítimas Feridas,Pleno dia,Crescente,Céu Claro,Múltipla,Reta,Sim,2.0,0.0,2.0,0.0,0.0,0.0,2.0,1.0,-20.215477,-40.26965,SPRF-ES,DEL02-ES,UOP01-DEL02-ES,2025-11-29 10:00:00,2025.0,11.0,10.0,manha,True,0,moderado,BR-101
735175.0,2025-11-29,sabado,12:40,ES,101.0,241.0,SERRA,Frear bruscamente,Colisão com objeto,Com Vítimas Feridas,Pleno dia,Crescente,Céu Claro,Simples,Reta,Não,2.0,0.0,1.0,0.0,1.0,0.0,1.0,1.0,-20.03502428,-40.39516926,SPRF-ES,DEL02-ES,UOP01-DEL02-ES,2025-11-29 12:40:00,2025.0,11.0,12.0,tarde,True,0,moderado,BR-101
735193.0,2025-11-29,sabado,12:00,ES,101.0,264.5,SERRA,Condutor desrespeitou a iluminação vermelha do semáforo,Colisão transversal,Com Vítimas Feridas,Pleno dia,Decrescente,Céu Claro,Múltipla,Interseção de Vias,Sim,3.0,0.0,1.0,0.0,1.0,1.0,1.0,2.0,-20.17856647,-40.26523501,SPRF-ES,DEL02-ES,UOP01-DEL02-ES,2025-11-29 12:00:00,2025.0,11.0,12.0,tarde,True,0,moderado,BR-101
735248.0,2025-11-29,sabado,18:30,ES,101.0,338.9,GUARAPARI,Reação tardia ou ineficiente do condutor,Tombamento,Com Vítimas Feridas,Plena Noite,Crescente,Céu Claro,Dupla,Curva,Não,1.0,0.0,1.0,0.0,0.0,0.0,1.0,1.0,-20.643601,-40.557605,SPRF-ES,DEL03-ES,UOP01-DEL03-ES,2025-11-29 18:30:00,2025.0,11.0,18.0,noite,True,0,moderado,BR-101
735351.0,2025-11-30,domingo,00:56,ES,262.0,25.0,VIANA,Ausência de reação do condutor,Colisão com objeto,Sem Vítimas,Plena Noite,Decrescente,Nublado,Simples,Reta,Não,1.0,0.0,0.0,0.0,0.0,1.0,0.0,1.0,-20.37982037,-40.53944048,SPRF-ES,DEL01-ES,UOP01-DEL01-ES,2025-11-30 00:56:00,2025.0,11.0,0.0,madrugada,True,0,baixo,BR-262
735452.0,2025-11-30,domingo,14:30,ES,101.0,301.9,VIANA,Transitar na contramão,Colisão transversal,Com Vítimas Feridas,Pleno dia,Crescente,Céu Claro,Dupla,Interseção de Vias;Viaduto;Retorno Regulamentado,Sim,2.0,0.0,1.0,0.0,1.0,0.0,1.0,2.0,-20.36915421,-40.44419241,SPRF-ES,DEL01-ES,UOP01-DEL01-ES,2025-11-30 14:30:00,2025.0,11.0,14.0,tarde,True,0,moderado,BR-101
735471.0,2025-11-30,domingo,16:20,ES,101.0,304.0,VIANA,Ausência de reação do condutor,Colisão traseira,Com Vítimas Feridas,Pleno dia,Decrescente,Céu Claro,Dupla,Reta,Não,3.0,0.0,1.0,0.0,2.0,0.0,1.0,3.0,-20.38281969,-40.45924783,SPRF-ES,DEL01-ES,UOP01-DEL01-ES,2025-11-30 16:20:00,2025.0,11.0,16.0,tarde,True,0,moderado,BR-101
735526.0,2025-11-30,domingo,19:31,ES,101.0,268.8,SERRA,Condutor desrespeitou a iluminação vermelha do semáforo,Colisão transversal,Com Vítimas Feridas,Plena Noite,Decrescente,Céu Claro,Dupla,Interseção de Vias;Reta,Sim,3.0,0.0,1.0,0.0,0.0,2.0,1.0,2.0,-20.22178,-40.27003,SPRF-ES,DEL02-ES,UOP01-DEL02-ES,2025-11-30 19:31:00,2025.0,11.0,19.0,noite,True,0,moderado,BR-101
735623.0,2025-12-01,segunda,06:40,ES,101.0,297.0,VIANA,Animais na Pista,Tombamento,Com Vítimas Feridas,Pleno dia,Crescente,Céu Claro,Múltipla,Reta,Sim,2.0,0.0,1.0,0.0,1.0,0.0,1.0,1.0,-20.34947557,-40.41257501,SPRF-ES,DEL01-ES,UOP01-DEL01-ES,2025-12-01 06:40:00,2025.0,12.0,6.0,manha,True,0,moderado,BR-101
735657.0,2025-12-01,segunda,09:20,ES,101.0,268.5,SERRA,Manobra de mudança de faixa,Colisão lateral mesmo sentido,Com Vítimas Feridas,Pleno dia,Decrescente,Sol,Dupla,Reta,Sim,2.0,0.0,1.0,0.0,1.0,0.0,1.0,2.0,-20.212882,-40.269644,SPRF-ES,DEL02-ES,UOP01-DEL02-ES,2025-12-01 09:20:00,2025.0,12.0,9.0,manha,True,0,moderado,BR-101
735764.0,2025-12-01,segunda,18:50,ES,101.0,296.0,CARIACICA,Trafegar com motocicleta (ou similar) entre as faixas,Colisão traseira,Com Vítimas Feridas,Plena Noite,Decrescente,Céu Claro,Múltipla,Interseção de Vias,Sim,2.0,0.0,1.0,0.0,1.0,0.0,1.0,2.0,-20.340234,-40.40419579,SPRF-ES,DEL01-ES,UOP01-DEL01-ES,2025-12-01 18:50:00,2025.0,12.0,18.0,noite,True,0,moderado,BR-101
735905.0,2025-12-02,terca,12:00,ES,101.0,289.9,CARIACICA,Demais falhas na via,Colisão transversal,Com Vítimas Feridas,Pleno dia,Crescente,Céu Claro,Dupla,Reta;Retorno Regulamentado,Não,3.0,0.0,1.0,0.0,0.0,2.0,1.0,3.0,-20.29580478,-40.39365856,SPRF-ES,DEL01-ES,UOP01-DEL01-ES,2025-12-02 12:00:00,2025.0,12.0,12.0,tarde,True,0,moderado,BR-101
735916.0,2025-12-02,terca,13:00,ES,101.0,260.0,SERRA,Manobra de mudança de faixa,Colisão traseira,Com Vítimas Feridas,Pleno dia,Decrescente,Céu Claro,Dupla,Reta;Aclive,Não,2.0,0.0,1.0,0.0,1.0,0.0,1.0,2.0,-20.1696543,-40.26997107,SPRF-ES,DEL02-ES,UOP01-DEL02-ES,2025-12-02 13:00:00,2025.0,12.0,13.0,tarde,True,0,moderado,BR-101
735979.0,2025-12-02,terca,18:50,ES,101.0,267.1,SERRA,Manobra de mudança de faixa,Colisão lateral mesmo sentido,Com Vítimas Feridas,Plena Noite,Crescente,Céu Claro,Múltipla,Reta,Sim,3.0,0.0,1.0,1.0,1.0,0.0,2.0,2.0,-20.2013021,-40.2688101,SPRF-ES,DEL02-ES,UOP01-DEL02-ES,2025-12-02 18:50:00,2025.0,12.0,18.0,noite,True,1,grave,BR-101
736062.0,2025-12-03,quarta,09:20,ES,101.0,265.2,SERRA,Transitar na contramão,Colisão frontal,Com Vítimas Feridas,Pleno dia,Decrescente,Céu Claro,Múltipla,Aclive;Reta,Sim,2.0,0.0,0.0,1.0,1.0,0.0,1.0,2.0,-20.1841415,-40.26664853,SPRF-ES,DEL02-ES,UOP01-DEL02-ES,2025-12-03 09:20:00,2025.0,12.0,9.0,manha,True,1,grave,BR-101
736104.0,2025-12-03,quarta,13:15,ES,262.0,19.5,VIANA,Ausência de reação do condutor,Colisão traseira,Com Vítimas Feridas,Pleno dia,Decrescente,Nublado,Simples,Reta,Sim,2.0,0.0,1.0,0.0,1.0,0.0,1.0,2.0,-20.39189406,-40.49034834,SPRF-ES,DEL01-ES,UOP01-DEL01-ES,2025-12-03 13:15:00,2025.0,12.0,13.0,tarde,True,0,moderado,BR-262
736105.0,2025-10-09,quinta,18:16,ES,101.0,289.1,CARIACICA,Reação tardia ou ineficiente do condutor,Queda de ocupante de veículo,Com Vítimas Feridas,Plena Noite,Crescente,Garoa/Chuvisco,Dupla,Declive;Curva,Sim,2.0,0.0,2.0,0.0,0.0,0.0,2.0,1.0,-20.281178,-40.393028,SPRF-ES,DEL01-ES,UOP01-DEL01-ES,2025-10-09 18:16:00,2025.0,10.0,18.0,noite,True,0,moderado,BR-101
736151.0,2025-12-03,quarta,16:30,ES,101.0,297.9,VIANA,Condutor deixou de manter distância do veículo da frente,Colisão lateral mesmo sentido,Com Vítimas Feridas,Pleno dia,Decrescente,Nublado,Dupla,Reta,Sim,2.0,0.0,1.0,0.0,1.0,0.0,1.0,2.0,-20.35170871,-40.41286469,SPRF-ES,DEL01-ES,UOP01-DEL01-ES,2025-12-03 16:30:00,2025.0,12.0,16.0,tarde,True,0,moderado,BR-101
736198.0,2025-12-03,quarta,19:00,ES,101.0,294.0,CARIACICA,Pista Escorregadia,Tombamento,Com Vítimas Feridas,Plena Noite,Crescente,Chuva,Dupla,Reta,Sim,1.0,0.0,1.0,0.0,0.0,0.0,1.0,1.0,-20.32960171,-40.39912271,SPRF-ES,DEL01-ES,UOP01-DEL01-ES,2025-12-03 19:00:00,2025.0,12.0,19.0,noite,True,0,moderado,BR-101
736266.0,2025-12-04,quinta,06:10,ES,101.0,270.5,SERRA,Reação tardia ou ineficiente do condutor,Tombamento,Com Vítimas Feridas,Pleno dia,Crescente,Céu Claro,Múltipla,Reta,Não,1.0,0.0,1.0,0.0,0.0,0.0,1.0,1.0,-20.2212404,-40.27022158,SPRF-ES,DEL02-ES,UOP01-DEL02-ES,2025-12-04 06:10:00,2025.0,12.0,6.0,manha,True,0,moderado,BR-101
736548.0,2025-12-05,sexta,08:30,ES,101.0,290.0,CARIACICA,Manobra de mudança de faixa,Colisão lateral mesmo sentido,Com Vítimas Feridas,Pleno dia,Decrescente,Céu Claro,Dupla,Reta,Sim,2.0,0.0,1.0,0.0,0.0,1.0,1.0,2.0,-20.29561359,-40.3936014,SPRF-ES,DEL01-ES,UOP01-DEL01-ES,2025-12-05 08:30:00,2025.0,12.0,8.0,manha,True,0,moderado,BR-101
736613.0,2025-12-05,sexta,16:26,ES,101.0,270.0,SERRA,Entrada inopinada do pedestre,Atropelamento de Pedestre,Com Vítimas Feridas,Pleno dia,Crescente,Céu Claro,Dupla,Reta,Não,2.0,0.0,1.0,0.0,1.0,0.0,1.0,2.0,-20.2179094,-40.35273671,SPRF-ES,DEL02-ES,UOP01-DEL02-ES,2025-12-05 16:26:00,2025.0,12.0,16.0,tarde,True,0,moderado,BR-101
736809.0,2025-12-06,sabado,11:40,ES,101.0,298.4,VIANA,Ausência de reação do condutor,Tombamento,Com Vítimas Feridas,Pleno dia,Decrescente,Céu Claro,Múltipla,Reta,Sim,1.0,0.0,1.0,0.0,0.0,0.0,1.0,1.0,-20.35572412,-40.41733788,SPRF-ES,DEL01-ES,UOP01-DEL01-ES,2025-12-06 11:40:00,2025.0,12.0,11.0,manha,True,0,moderado,BR-101
737267.0,2025-12-08,segunda,07:40,ES,101.0,289.7,CARIACICA,Manobra de mudança de faixa,Colisão traseira,Com Vítimas Feridas,Pleno dia,Crescente,Céu Claro,Dupla,Reta;Aclive,Não,2.0,0.0,1.0,0.0,1.0,0.0,1.0,2.0,-20.28418637,-40.39286321,SPRF-ES,DEL01-ES,UOP01-DEL01-ES,2025-12-08 07:40:00,2025.0,12.0,7.0,manha,True,0,moderado,BR-101
737299.0,2025-12-08,segunda,09:40,ES,101.0,7.6,SERRA,Condutor Dormindo,Colisão com objeto,Com Vítimas Feridas,Pleno dia,Crescente,Céu Claro,Dupla,Reta,Não,2.0,0.0,0.0,1.0,1.0,0.0,1.0,1.0,-20.12142,-40.34232,SPRF-ES,DEL02-ES,UOP01-DEL02-ES,2025-12-08 09:40:00,2025.0,12.0,9.0,manha,True,1,grave,BR-101
737309.0,2025-12-08,segunda,11:10,ES,101.0,269.0,SERRA,Manobra de mudança de faixa,Colisão lateral mesmo sentido,Com Vítimas Feridas,Pleno dia,Crescente,Céu Claro,Dupla,Reta,Sim,3.0,0.0,0.0,1.0,1.0,1.0,1.0,3.0,-20.22393,-40.27055,SPRF-ES,DEL02-ES,UOP01-DEL02-ES,2025-12-08 11:10:00,2025.0,12.0,11.0,manha,True,1,grave,BR-101
737312.0,2025-12-08,segunda,11:00,ES,101.0,290.5,CARIACICA,Manobra de mudança de faixa,Colisão transversal,Com Vítimas Feridas,Pleno dia,Decrescente,Céu Claro,Dupla,Retorno Regulamentado,Não,4.0,0.0,1.0,0.0,1.0,2.0,1.0,3.0,-20.29504551,-40.39338112,SPRF-ES,DEL01-ES,UOP01-DEL01-ES,2025-12-08 11:00:00,2025.0,12.0,11.0,manha,True,0,moderado,BR-101
737728.0,2025-12-10,quarta,06:40,ES,101.0,332.3,GUARAPARI,Velocidade Incompatível,Colisão com objeto,Com Vítimas Feridas,Pleno dia,Crescente,Chuva,Dupla,Curva,Não,1.0,0.0,1.0,0.0,0.0,0.0,1.0,1.0,-20.61234008,-40.51075459,SPRF-ES,DEL03-ES,UOP01-DEL03-ES,2025-12-10 06:40:00,2025.0,12.0,6.0,manha,True,0,moderado,BR-101
737738.0,2025-12-10,quarta,07:30,ES,101.0,265.0,SERRA,Ausência de reação do condutor,Queda de ocupante de veículo,Com Vítimas Feridas,Pleno dia,Crescente,Nublado,Múltipla,Interseção de Vias,Sim,1.0,0.0,1.0,0.0,0.0,0.0,1.0,1.0,-20.18999587,-40.26842147,SPRF-ES,DEL02-ES,UOP01-DEL02-ES,2025-12-10 07:30:00,2025.0,12.0,7.0,manha,True,0,moderado,BR-101
737938.0,2025-12-11,quinta,07:30,ES,101.0,256.0,SERRA,Acessar a via sem observar a presença dos outros veículos,Colisão lateral mesmo sentido,Com Vítimas Feridas,Pleno dia,Crescente,Céu Claro,Simples,Reta,Sim,2.0,0.0,1.0,0.0,1.0,0.0,1.0,2.0,-20.11769523,-40.31380177,SPRF-ES,DEL02-ES,UOP01-DEL02-ES,2025-12-11 07:30:00,2025.0,12.0,7.0,manha,True,0,moderado,BR-101