id,data,dia_semana,hora,uf,rodovia,km,municipio,causa,tipo_acidente,classificacao,fase_dia,sentido_via,condicao_metereologica,tipo_pista,tracado_via,uso_solo,pessoas,mortos,feridos_leves,feridos_graves,ilesos,ignorados,feridos,veiculos,latitude,longitude,regional,delegacia,uop,data_hora,ano,mes,hora_dia,periodo_dia,regiao_grande_vitoria,risco_alto,nivel_risco,rodovia_label
738265.0,2025-12-12,sexta,16:27,ES,262.0,16.5,VIANA,Condutor deixou de manter distância do veículo da frente,Colisão traseira,Com Vítimas Feridas,Pleno dia,Crescente,Nublado,Simples,Reta,Não,2.0,0.0,1.0,0.0,1.0,0.0,1.0,2.0,-20.384519,-40.468403,SPRF-ES,DEL01-ES,UOP01-DEL01-ES,2025-12-12 16:27:00,2025.0,12.0,16.0,tarde,True,0,moderado,BR-262
738366.0,2025-12-12,sexta,21:50,ES,101.0,284.3,CARIACICA,Avarias e/ou desgaste excessivo no pneu,Queda de ocupante de veículo,Com Vítimas Feridas,Plena Noite,Decrescente,Céu Claro,Dupla,Curva;Declive,Não,2.0,0.0,2.0,0.0,0.0,0.0,2.0,1.0,-20.24466117,-40.36977164,SPRF-ES,DEL01-ES,UOP01-DEL01-ES,2025-12-12 21:50:00,2025.0,12.0,21.0,noite,True,0,moderado,BR-101
738538.0,2025-12-13,sabado,14:10,ES,101.0,292.0,CARIACICA,Acessar a via sem observar a presença dos outros veículos,Colisão transversal,Com Vítimas Feridas,Pleno dia,Decrescente,Nublado,Dupla,Retorno Regulamentado;Reta,Sim,5.0,0.0,2.0,0.0,3.0,0.0,2.0,3.0,-20.3063,-40.394986,SPRF-ES,DEL01-ES,UOP01-DEL01-ES,2025-12-13 14:10:00,2025.0,12.0,14.0,tarde,True,0,moderado,BR-101
738935.0,2025-12-14,domingo,22:20,ES,101.0,299.2,VIANA,Acessar a via sem observar a presença dos outros veículos,Tombamento,Com Vítimas Feridas,Plena Noite,Crescente,Nublado,Múltipla,Reta;Interseção de Vias,Sim,1.0,0.0,1.0,0.0,0.0,0.0,1.0,1.0,-20.35754384,-40.42772339,SPRF-ES,DEL01-ES,UOP01-DEL01-ES,2025-12-14 22:20:00,2025.0,12.0,22.0,noite,True,0,moderado,BR-101
738936.0,2025-12-14,domingo,23:10,ES,262.0,16.0,VIANA,Acessar a via sem observar a presença dos outros veículos,Colisão transversal,Com Vítimas Feridas,Plena Noite,Crescente,Nublado,Simples,Curva,Não,2.0,0.0,1.0,0.0,1.0,0.0,1.0,2.0,-20.38404811,-40.46566056,SPRF-ES,DEL01-ES,UOP01-DEL01-ES,2025-12-14 23:10:00,2025.0,12.0,23.0,noite,True,0,moderado,BR-262
739039.0,2025-12-15,segunda,10:40,ES,101.0,3.9,SERRA,Ausência de reação do condutor,Queda de ocupante de veículo,Com Vítimas Feridas,Pleno dia,Crescente,Céu Claro,Dupla,Reta,Não,1.0,0.0,1.0,0.0,0.0,0.0,1.0,1.0,-20.08930678,-40.35939217,SPRF-ES,DEL02-ES,UOP01-DEL02-ES,2025-12-15 10:40:00,2025.0,12.0,10.0,manha,True,0,moderado,BR-101
739126.0,2025-12-15,segunda,14:45,ES,101.0,258.0,SERRA,Ausência de reação do condutor,Colisão traseira,Com Vítimas Feridas,Pleno dia,Crescente,Nublado,Dupla,Aclive;Reta,Sim,2.0,0.0,0.0,1.0,0.0,1.0,1.0,2.0,-20.13229445,-40.29416084,SPRF-ES,DEL02-ES,UOP01-DEL02-ES,2025-12-15 14:45:00,2025.0,12.0,14.0,tarde,True,1,grave,BR-101
739148.0,2025-12-15,segunda,19:20,ES,101.0,230.3,FUNDAO,Conversão proibida,Colisão frontal,Com Vítimas Fatais,Plena Noite,Crescente,Céu Claro,Simples,Reta,Não,5.0,1.0,0.0,1.0,2.0,1.0,1.0,4.0,-19.94189349,-40.40590525,SPRF-ES,DEL02-ES,UOP01-DEL02-ES,2025-12-15 19:20:00,2025.0,12.0,19.0,noite,True,1,fatal,BR-101
739201.0,2025-12-16,terca,07:15,ES,101.0,268.0,SERRA,Manobra de mudança de faixa,Tombamento,Com Vítimas Feridas,Pleno dia,Crescente,Céu Claro,Dupla,Reta,Sim,5.0,0.0,4.0,0.0,1.0,0.0,4.0,3.0,-20.20917,-40.2697,SPRF-ES,DEL02-ES,UOP01-DEL02-ES,2025-12-16 07:15:00,2025.0,12.0,7.0,manha,True,0,moderado,BR-101
739207.0,2025-12-16,terca,07:30,ES,447.0,15.0,VILA VELHA,Reação tardia ou ineficiente do condutor,Colisão traseira,Com Vítimas Feridas,Pleno dia,Crescente,Nublado,Dupla,Reta,Sim,3.0,0.0,2.0,0.0,1.0,0.0,2.0,2.0,-20.342445,-40.328595,SPRF-ES,DEL01-ES,UOP01-DEL01-ES,2025-12-16 07:30:00,2025.0,12.0,7.0,manha,True,0,moderado,BR-447
739242.0,2025-12-16,terca,10:00,ES,101.0,258.0,SERRA,Reação tardia ou ineficiente do condutor,Tombamento,Com Vítimas Feridas,Pleno dia,Decrescente,Nublado,Simples,Aclive;Reta,Sim,2.0,0.0,2.0,0.0,0.0,0.0,2.0,1.0,-20.14391,-40.29106,SPRF-ES,DEL02-ES,UOP01-DEL02-ES,2025-12-16 10:00:00,2025.0,12.0,10.0,manha,True,0,moderado,BR-101
739279.0,2025-12-16,terca,12:55,ES,101.0,298.0,VIANA,Acessar a via sem observar a presença dos outros veículos,Colisão transversal,Com Vítimas Feridas,Pleno dia,Decrescente,Céu Claro,Dupla,Reta,Não,3.0,0.0,1.0,0.0,2.0,0.0,1.0,3.0,-20.3587336,-40.42193818,SPRF-ES,DEL01-ES,UOP01-DEL01-ES,2025-12-16 12:55:00,2025.0,12.0,12.0,tarde,True,0,moderado,BR-101
739310.0,2025-12-16,terca,16:20,ES,101.0,298.5,VIANA,Desrespeitar a preferência no cruzamento,Colisão transversal,Com Vítimas Feridas,Pleno dia,Crescente,Céu Claro,Simples,Reta,Sim,2.0,0.0,1.0,0.0,0.0,1.0,1.0,2.0,-20.35579272,-40.41825485,SPRF-ES,DEL01-ES,UOP01-DEL01-ES,2025-12-16 16:20:00,2025.0,12.0,16.0,tarde,True,0,moderado,BR-101
739619.0,2025-12-17,quarta,22:30,ES,101.0,265.0,SERRA,Ausência de reação do condutor,Colisão traseira,Com Vítimas Feridas,Plena Noite,Crescente,Nublado,Dupla,Reta,Sim,2.0,0.0,1.0,0.0,0.0,1.0,1.0,2.0,-20.182323,-40.265775,SPRF-ES,DEL02-ES,UOP01-DEL02-ES,2025-12-17 22:30:00,2025.0,12.0,22.0,noite,True,0,moderado,BR-101
739740.0,2025-12-18,quinta,12:00,ES,101.0,320.8,GUARAPARI,Condutor deixou de manter distância do veículo da frente,Queda de ocupante de veículo,Com Vítimas Feridas,Pleno dia,Crescente,Sol,Múltipla,Reta,Não,1.0,0.0,1.0,0.0,0.0,0.0,1.0,1.0,-20.51909,-40.4782,SPRF-ES,DEL03-ES,UOP01-DEL03-ES,2025-12-18 12:00:00,2025.0,12.0,12.0,tarde,True,0,moderado,BR-101
739846.0,2025-12-18,quinta,22:30,ES,101.0,261.0,SERRA,Ausência de reação do condutor,Colisão com objeto,Sem Vítimas,Plena Noite,Decrescente,Céu Claro,Dupla,Reta,Sim,1.0,0.0,0.0,0.0,0.0,1.0,0.0,1.0,-20.17060293,-40.26888145,SPRF-ES,DEL02-ES,UOP01-DEL02-ES,2025-12-18 22:30:00,2025.0,12.0,22.0,noite,True,0,baixo,BR-101
739973.0,2025-12-19,sexta,13:40,ES,101.0,1.5,SERRA,Velocidade Incompatível,Colisão com objeto,Com Vítimas Feridas,Pleno dia,Decrescente,Céu Claro,Dupla,Reta,Não,2.0,0.0,2.0,0.0,0.0,0.0,2.0,1.0,-20.08930678,-40.35913467,SPRF-ES,DEL02-ES,UOP01-DEL02-ES,2025-12-19 13:40:00,2025.0,12.0,13.0,tarde,True,0,moderado,BR-101
740029.0,2025-12-19,sexta,17:40,ES,101.0,268.9,SERRA,Manobra de mudança de faixa,Colisão lateral mesmo sentido,Com Vítimas Feridas,Pleno dia,Decrescente,Nublado,Múltipla,Reta,Sim,2.0,0.0,1.0,0.0,0.0,1.0,1.0,2.0,-20.21673791,-40.27009606,SPRF-ES,DEL02-ES,UOP01-DEL02-ES,2025-12-19 17:40:00,2025.0,12.0,17.0,tarde,True,0,moderado,BR-101
740056.0,2025-12-19,sexta,18:30,ES,101.0,294.0,CARIACICA,Condutor deixou de manter distância do veículo da frente,Colisão traseira,Com Vítimas Feridas,Plena Noite,Crescente,Céu Claro,Dupla,Reta;Declive,Sim,2.0,0.0,1.0,0.0,1.0,0.0,1.0,2.0,-20.328523,-40.398269,SPRF-ES,DEL01-ES,UOP01-DEL01-ES,2025-12-19 18:30:00,2025.0,12.0,18.0,noite,True,0,moderado,BR-101
740084.0,2025-12-19,sexta,20:12,ES,101.0,255.0,SERRA,Pedestre andava na pista,Atropelamento de Pedestre,Com Vítimas Feridas,Plena Noite,Crescente,Céu Claro,Simples,Reta,Sim,2.0,0.0,1.0,0.0,1.0,0.0,1.0,2.0,-20.12091896,-40.3083086,SPRF-ES,DEL02-ES,UOP01-DEL02-ES,2025-12-19 20:12:00,2025.0,12.0,20.0,noite,True,0,moderado,BR-101
740242.0,2025-12-20,sabado,09:30,ES,101.0,255.4,SERRA,Pedestre cruzava a pista fora da faixa,Atropelamento de Pedestre,Com Vítimas Feridas,Pleno dia,Decrescente,Nublado,Dupla,Reta,Sim,3.0,0.0,1.0,0.0,1.0,1.0,1.0,2.0,-20.11788849,-40.31434232,SPRF-ES,DEL02-ES,UOP01-DEL02-ES,2025-12-20 09:30:00,2025.0,12.0,9.0,manha,True,0,moderado,BR-101
740372.0,2025-12-20,sabado,18:00,ES,101.0,257.0,SERRA,Ausência de reação do condutor,Colisão com objeto,Com Vítimas Feridas,Pleno dia,Crescente,Céu Claro,Dupla,Declive,Não,1.0,0.0,0.0,1.0,0.0,0.0,1.0,1.0,-20.129959,-40.297025,SPRF-ES,DEL02-ES,UOP01-DEL02-ES,2025-12-20 18:00:00,2025.0,12.0,18.0,noite,True,1,grave,BR-101
740432.0,2025-12-20,sabado,23:40,ES,101.0,266.0,SERRA,Reação tardia ou ineficiente do condutor,Tombamento,Sem Vítimas,Plena Noite,Crescente,Nublado,Dupla,Reta,Sim,1.0,0.0,0.0,0.0,0.0,1.0,0.0,1.0,-20.19358129,-40.26876729,SPRF-ES,DEL02-ES,UOP01-DEL02-ES,2025-12-20 23:40:00,2025.0,12.0,23.0,noite,True,0,baixo,BR-101
740442.0,2025-12-21,domingo,00:05,ES,101.0,257.5,SERRA,Ausência de reação do condutor,Colisão traseira,Com Vítimas Feridas,Pleno dia,Crescente,Céu Claro,Dupla,Retorno Regulamentado;Rotatória;Curva,Sim,2.0,0.0,1.0,0.0,1.0,0.0,1.0,2.0,-20.12804,-40.29946,SPRF-ES,DEL02-ES,UOP01-DEL02-ES,2025-12-21 00:05:00,2025.0,12.0,0.0,madrugada,True,0,moderado,BR-101
740468.0,2025-12-21,domingo,04:30,ES,101.0,267.0,SERRA,Ausência de reação do condutor,Colisão com objeto,Com Vítimas Fatais,Amanhecer,Crescente,Céu Claro,Dupla,Reta,Sim,1.0,1.0,0.0,0.0,0.0,0.0,0.0,1.0,-20.224243,-40.270428,SPRF-ES,DEL02-ES,UOP01-DEL02-ES,2025-12-21 04:30:00,2025.0,12.0,4.0,madrugada,True,1,fatal,BR-101
740470.0,2025-12-21,domingo,05:00,ES,101.0,239.0,SERRA,Demais falhas mecânicas ou elétricas,Incêndio,Sem Vítimas,Amanhecer,Crescente,Céu Claro,Simples,Reta,Não,1.0,0.0,0.0,0.0,1.0,0.0,0.0,1.0,-20.01669,-40.40384,SPRF-ES,DEL02-ES,UOP01-DEL02-ES,2025-12-21 05:00:00,2025.0,12.0,5.0,madrugada,True,0,baixo,BR-101
740584.0,2025-12-21,domingo,15:25,ES,101.0,287.6,CARIACICA,Acessar a via sem observar a presença dos outros veículos,Colisão transversal,Com Vítimas Feridas,Pleno dia,Decrescente,Céu Claro,Dupla,Retorno Regulamentado;Reta;Aclive,Não,6.0,0.0,3.0,1.0,2.0,0.0,4.0,2.0,-20.27907821,-40.39268301,SPRF-ES,DEL01-ES,UOP01-DEL01-ES,2025-12-21 15:25:00,2025.0,12.0,15.0,tarde,True,1,grave,BR-101
740629.0,2025-12-21,domingo,19:00,ES,101.0,271.0,SERRA,Acessar a via sem observar a presença dos outros veículos,Colisão traseira,Com Vítimas Feridas,Plena Noite,Crescente,Céu Claro,Múltipla,Viaduto;Reta;Aclive,Sim,2.0,0.0,1.0,0.0,1.0,0.0,1.0,2.0,-20.231946,-40.277744,SPRF-ES,DEL02-ES,UOP01-DEL02-ES,2025-12-21 19:00:00,2025.0,12.0,19.0,noite,True,0,moderado,BR-101
740794.0,2025-12-22,segunda,10:00,ES,101.0,261.0,SERRA,Retorno proibido,Colisão transversal,Com Vítimas Feridas,Pleno dia,Decrescente,Céu Claro,Dupla,Reta;Declive,Sim,3.0,0.0,2.0,0.0,1.0,0.0,2.0,2.0,-20.15442604,-40.27776629,SPRF-ES,DEL02-ES,UOP01-DEL02-ES,2025-12-22 10:00:00,2025.0,12.0,10.0,manha,True,0,moderado,BR-101
740800.0,2025-12-22,segunda,10:45,ES,101.0,264.0,SERRA,Condutor desrespeitou a iluminação vermelha do semáforo,Colisão transversal,Com Vítimas Feridas,Pleno dia,Crescente,Sol,Múltipla,Retorno Regulamentado,Não,3.0,0.0,1.0,0.0,2.0,0.0,1.0,3.0,-20.17292791,-40.26736384,SPRF-ES,DEL02-ES,UOP01-DEL02-ES,2025-12-22 10:45:00,2025.0,12.0,10.0,manha,True,0,moderado,BR-101
740909.0,2025-12-22,segunda,18:30,ES,101.0,292.8,CARIACICA,Acessar a via sem observar a presença dos outros veículos,Colisão transversal,Com Vítimas Feridas,Plena Noite,Decrescente,Ignorado,Dupla,Retorno Regulamentado,Não,2.0,0.0,0.0,1.0,1.0,0.0,1.0,2.0,-20.29633958,-40.39400029,SPRF-ES,DEL01-ES,UOP01-DEL01-ES,2025-12-22 18:30:00,2025.0,12.0,18.0,noite,True,1,grave,BR-101
741016.0,2025-12-23,terca,08:30,ES,101.0,276.0,SERRA,Manobra de mudança de faixa,Colisão lateral mesmo sentido,Com Vítimas Feridas,Pleno dia,Decrescente,Chuva,Dupla,Reta,Não,2.0,0.0,1.0,0.0,1.0,0.0,1.0,2.0,-20.21770595,-40.333727,SPRF-ES,DEL02-ES,UOP01-DEL02-ES,2025-12-23 08:30:00,2025.0,12.0,8.0,manha,True,0,moderado,BR-101
741172.0,2025-12-23,terca,20:10,ES,101.0,266.0,SERRA,Acesso irregular,Colisão transversal,Com Vítimas Feridas,Plena Noite,Crescente,Nublado,Múltipla,Reta,Sim,2.0,0.0,2.0,0.0,0.0,0.0,2.0,2.0,-20.19125073,-40.26869059,SPRF-ES,DEL02-ES,UOP01-DEL02-ES,2025-12-23 20:10:00,2025.0,12.0,20.0,noite,True,0,moderado,BR-101
741342.0,2025-12-24,quarta,15:35,ES,101.0,287.2,CARIACICA,Reação tardia ou ineficiente do condutor,Colisão traseira,Com Vítimas Feridas,Pleno dia,Decrescente,Céu Claro,Dupla,Reta,Sim,3.0,0.0,0.0,1.0,2.0,0.0,1.0,2.0,-20.266452,-40.386226,SPRF-ES,DEL01-ES,UOP01-DEL01-ES,2025-12-24 15:35:00,2025.0,12.0,15.0,tarde,True,1,grave,BR-101
741519.0,2025-12-25,quinta,10:35,ES,101.0,339.7,GUARAPARI,Avarias e/ou desgaste excessivo no pneu,Tombamento,Com Vítimas Feridas,Pleno dia,Crescente,Céu Claro,Dupla,Curva,Não,1.0,0.0,1.0,0.0,0.0,0.0,1.0,1.0,-20.64571608,-40.56469917,SPRF-ES,DEL03-ES,UOP01-DEL03-ES,2025-12-25 10:35:00,2025.0,12.0,10.0,manha,True,0,moderado,BR-101
741527.0,2025-12-25,quinta,12:00,ES,101.0,278.0,SERRA,Ausência de reação do condutor,Colisão traseira,Com Vítimas Feridas,Pleno dia,Crescente,Sol,Dupla,Reta,Sim,2.0,0.0,0.0,2.0,0.0,0.0,2.0,1.0,-20.217288,-40.3315,SPRF-ES,DEL02-ES,UOP01-DEL02-ES,2025-12-25 12:00:00,2025.0,12.0,12.0,tarde,True,1,grave,BR-101
741767.0,2025-12-26,sexta,17:30,ES,101.0,355.0,GUARAPARI,Conversão proibida,Colisão frontal,Com Vítimas Feridas,Pleno dia,Crescente,Céu Claro,Dupla,Curva,Não,2.0,0.0,0.0,1.0,0.0,1.0,1.0,2.0,-20.6585554,-40.613513,SPRF-ES,DEL03-ES,UOP01-DEL03-ES,2025-12-26 17:30:00,2025.0,12.0,17.0,tarde,True,1,grave,BR-101
741899.0,2025-12-27,sabado,07:30,ES,101.0,13.0,SERRA,Velocidade Incompatível,Queda de ocupante de veículo,Com Vítimas Feridas,Pleno dia,Crescente,Sol,Dupla,Rotatória,Não,2.0,0.0,2.0,0.0,0.0,0.0,2.0,2.0,-20.16451613,-40.35058056,SPRF-ES,DEL02-ES,UOP01-DEL02-ES,2025-12-27 07:30:00,2025.0,12.0,7.0,manha,True,0,moderado,BR-101
741914.0,2025-12-27,sabado,10:20,ES,262.0,17.4,VIANA,Reação tardia ou ineficiente do condutor,Saída de leito carroçável,Sem Vítimas,Pleno dia,Crescente,Céu Claro,Simples,Reta,Sim,1.0,0.0,0.0,0.0,0.0,1.0,0.0,1.0,-20.387947,-40.47644,SPRF-ES,DEL01-ES,UOP01-DEL01-ES,2025-12-27 10:20:00,2025.0,12.0,10.0,manha,True,0,baixo,BR-262
741942.0,2025-12-27,sabado,13:07,ES,101.0,233.0,FUNDAO,Transitar na contramão,Colisão lateral sentido oposto,Com Vítimas Feridas,Pleno dia,Crescente,Céu Claro,Simples,Reta,Não,3.0,0.0,1.0,0.0,2.0,0.0,1.0,2.0,-19.96677868,-40.40611824,SPRF-ES,DEL02-ES,UOP01-DEL02-ES,2025-12-27 13:07:00,2025.0,12.0,13.0,tarde,True,0,moderado,BR-101
742014.0,2025-12-27,sabado,19:40,ES,101.0,290.0,CARIACICA,Acessar a via sem observar a presença dos outros veículos,Colisão transversal,Com Vítimas Feridas,Plena Noite,Crescente,Céu Claro,Dupla,Reta;Aclive,Sim,3.0,0.0,1.0,1.0,1.0,0.0,2.0,2.0,-20.295508,-40.393688,SPRF-ES,DEL01-ES,UOP01-DEL01-ES,2025-12-27 19:40:00,2025.0,12.0,19.0,noite,True,1,grave,BR-101
742032.0,2025-12-27,sabado,21:20,ES,101.0,260.6,SERRA,Reação tardia ou ineficiente do condutor,Colisão traseira,Com Vítimas Feridas,Plena Noite,Decrescente,Céu Claro,Simples,Curva,Sim,4.0,0.0,3.0,0.0,0.0,1.0,3.0,2.0,-20.147885,-40.280023,SPRF-ES,DEL02-ES,UOP01-DEL02-ES,2025-12-27 21:20:00,2025.0,12.0,21.0,noite,True,0,moderado,BR-101
742107.0,2025-12-28,domingo,08:15,ES,101.0,267.8,SERRA,Reação tardia ou ineficiente do condutor,Colisão transversal,Com Vítimas Feridas,Pleno dia,Crescente,Céu Claro,Dupla,Interseção de Vias;Reta,Sim,4.0,0.0,0.0,1.0,3.0,0.0,1.0,2.0,-20.20705,-40.26941,SPRF-ES,DEL02-ES,UOP01-DEL02-ES,2025-12-28 08:15:00,2025.0,12.0,8.0,manha,True,1,grave,BR-101
742212.0,2025-12-28,domingo,19:10,ES,101.0,18.0,SERRA,Reação tardia ou ineficiente do condutor,Tombamento,Com Vítimas Feridas,Plena Noite,Crescente,Céu Claro,Dupla,Curva;Retorno Regulamentado;Declive,Sim,2.0,0.0,1.0,1.0,0.0,0.0,2.0,1.0,-20.21789,-40.3374,SPRF-ES,DEL02-ES,UOP01-DEL02-ES,2025-12-28 19:10:00,2025.0,12.0,19.0,noite,True,1,grave,BR-101
742291.0,2025-12-29,segunda,06:50,ES,262.0,22.5,VIANA,Animais na Pista,Atropelamento de Animal,Com Vítimas Feridas,Pleno dia,Decrescente,Céu Claro,Simples,Reta;Aclive,Não,1.0,0.0,1.0,0.0,0.0,0.0,1.0,1.0,-20.37496802,-40.51571285,SPRF-ES,DEL01-ES,UOP01-DEL01-ES,2025-12-29 06:50:00,2025.0,12.0,6.0,manha,True,0,moderado,BR-262
742310.0,2025-12-29,segunda,07:45,ES,101.0,259.0,SERRA,Frear bruscamente,Colisão frontal,Com Vítimas Feridas,Pleno dia,Crescente,Céu Claro,Simples,Reta;Declive,Sim,3.0,0.0,2.0,0.0,1.0,0.0,2.0,2.0,-20.14082788,-40.29217556,SPRF-ES,DEL02-ES,UOP01-DEL02-ES,2025-12-29 07:45:00,2025.0,12.0,7.0,manha,True,0,moderado,BR-101
742328.0,2025-12-29,segunda,10:00,ES,101.0,304.4,VIANA,Condutor deixou de manter distância do veículo da frente,Colisão traseira,Com Vítimas Feridas,Pleno dia,Decrescente,Céu Claro,Dupla,Reta,Sim,3.0,0.0,1.0,0.0,2.0,0.0,1.0,2.0,-20.38221948,-40.45836417,SPRF-ES,DEL01-ES,UOP01-DEL01-ES,2025-12-29 10:00:00,2025.0,12.0,10.0,manha,True,0,moderado,BR-101
742344.0,2025-12-29,segunda,11:16,ES,101.0,259.0,SERRA,Reação tardia ou ineficiente do condutor,Colisão com objeto,Com Vítimas Feridas,Pleno dia,Crescente,Céu Claro,Dupla,Reta,Não,1.0,0.0,0.0,1.0,0.0,0.0,1.0,1.0,-20.1458838,-40.28926849,SPRF-ES,DEL02-ES,UOP01-DEL02-ES,2025-12-29 11:16:00,2025.0,12.0,11.0,manha,True,1,grave,BR-101
742379.0,2025-12-29,segunda,14:38,ES,101.0,262.0,SERRA,Condutor desrespeitou a iluminação vermelha do semáforo,Colisão transversal,Com Vítimas Feridas,Pleno dia,Crescente,Céu Claro,Dupla,Retorno Regulamentado;Reta,Não,2.0,0.0,1.0,0.0,1.0,0.0,1.0,2.0,-20.159438,-40.276222,SPRF-ES,DEL02-ES,UOP01-DEL02-ES,2025-12-29 14:38:00,2025.0,12.0,14.0,tarde,True,0,moderado,BR-101
742446.0,2025-12-29,segunda,20:15,ES,101.0,298.0,VIANA,Ausência de reação do condutor,Colisão traseira,Com Vítimas Feridas,Plena Noite,Decrescente,Céu Claro,Simples,Reta,Sim,3.0,0.0,1.0,0.0,2.0,0.0,1.0,2.0,-20.352752,-40.41464,SPRF-ES,DEL01-ES,UOP01-DEL01-ES,2025-12-29 20:15:00,2025.0,12.0,20.0,noite,True,0,moderado,BR-101
742503.0,2025-12-30,terca,06:10,ES,101.0,297.5,VIANA,Manobra de mudança de faixa,Colisão traseira,Com Vítimas Feridas,Pleno dia,Crescente,Céu Claro,Dupla,Reta,Não,2.0,0.0,1.0,0.0,1.0,0.0,1.0,2.0,-20.35135114,-40.4134318,SPRF-ES,DEL01-ES,UOP01-DEL01-ES,2025-12-30 06:10:00,2025.0,12.0,6.0,manha,True,0,moderado,BR-101
742563.0,2025-12-30,terca,12:26,ES,101.0,267.0,SERRA,Pedestre andava na pista,Atropelamento de Pedestre,Com Vítimas Feridas,Pleno dia,Decrescente,Céu Claro,Múltipla,Reta,Sim,2.0,0.0,1.0,0.0,1.0,0.0,1.0,2.0,-20.19712602,-40.26845276,SPRF-ES,DEL02-ES,UOP01-DEL02-ES,2025-12-30 12:26:00,2025.0,12.0,12.0,tarde,True,0,moderado,BR-101
742632.0,2025-12-30,terca,18:30,ES,101.0,285.0,CARIACICA,Transitar no Acostamento,Colisão lateral mesmo sentido,Com Vítimas Feridas,Anoitecer,Crescente,Céu Claro,Dupla,Retorno Regulamentado;Aclive;Reta,Sim,2.0,0.0,0.0,1.0,1.0,0.0,1.0,2.0,-20.2519082,-40.3732453,SPRF-ES,DEL01-ES,UOP01-DEL01-ES,2025-12-30 18:30:00,2025.0,12.0,18.0,noite,True,1,grave,BR-101
742707.0,2025-12-31,quarta,03:03,ES,101.0,297.0,CARIACICA,Condutor Dormindo,Colisão com objeto,Com Vítimas Feridas,Plena Noite,Decrescente,Céu Claro,Dupla,Reta,Não,1.0,0.0,0.0,1.0,0.0,0.0,1.0,1.0,-20.34646381,-40.41082311,SPRF-ES,DEL01-ES,UOP01-DEL01-ES,2025-12-31 03:03:00,2025.0,12.0,3.0,madrugada,True,1,grave,BR-101
742767.0,2025-12-31,quarta,11:25,ES,0.0,0.0,SERRA,Reação tardia ou ineficiente do condutor,Colisão com objeto,Com Vítimas Feridas,Pleno dia,Não Informado,Céu Claro,Dupla,Reta,Sim,3.0,0.0,1.0,0.0,2.0,0.0,1.0,2.0,-20.19367,-40.266663,SPRF-ES,DEL02-ES,UOP01-DEL02-ES,2025-12-31 11:25:00,2025.0,12.0,11.0,manha,True,0,moderado,BR-0
742787.0,2025-12-31,quarta,14:00,ES,101.0,268.0,SERRA,Acessar a via sem observar a presença dos outros veículos,Colisão lateral mesmo sentido,Com Vítimas Feridas,Pleno dia,Decrescente,Céu Claro,Dupla,Reta,Sim,4.0,0.0,0.0,2.0,2.0,0.0,2.0,3.0,-20.2042113,-40.26990892,SPRF-ES,DEL02-ES,UOP01-DEL02-ES,2025-12-31 14:00:00,2025.0,12.0,14.0,tarde,True,1,grave,BR-101
742792.0,2025-12-31,quarta,06:20,ES,101.0,257.0,SERRA,Acesso irregular,Colisão lateral mesmo sentido,Com Vítimas Feridas,Amanhecer,Crescente,Céu Claro,Dupla,Reta,Não,3.0,0.0,2.0,0.0,0.0,1.0,2.0,2.0,-20.12374993,-40.30476843,SPRF-ES,DEL02-ES,UOP01-DEL02-ES,2025-12-31 06:20:00,2025.0,12.0,6.0,manha,True,0,moderado,BR-101
742850.0,2025-12-31,quarta,18:30,ES,101.0,306.8,VIANA,Acessar a via sem observar a presença dos outros veículos,Colisão traseira,Com Vítimas Feridas,Plena Noite,Crescente,Céu Claro,Dupla,Reta,Não,2.0,0.0,1.0,0.0,0.0,1.0,1.0,2.0,-20.39886917,-40.45636296,SPRF-ES,DEL01-ES,UOP01-DEL01-ES,2025-12-31 18:30:00,2025.0,12.0,18.0,noite,True,0,moderado,BR-101
748463.0,2025-11-05,quarta,04:00,ES,101.0,295.1,VILA VELHA,Ingestão de álcool pelo condutor,Colisão com objeto,Com Vítimas Feridas,Plena Noite,Crescente,Nublado,Múltipla,Reta,Não,1.0,0.0,0.0,1.0,0.0,0.0,1.0,1.0,-20.46478424,-40.46530724,SPRF-ES,DEL01-ES,UOP01-DEL01-ES,2025-11-05 04:00:00,2025.0,11.0,4.0,madrugada,True,1,grave,BR-101
748709.0,2025-11-02,domingo,23:58,ES,101.0,270.3,SERRA,Ausência de reação do condutor,Colisão transversal,Com Vítimas Feridas,Plena Noite,Decrescente,Céu Claro,Dupla,Reta;Interseção de Vias,Sim,2.0,0.0,0.0,1.0,1.0,0.0,1.0,2.0,-20.22987,-40.2726,SPRF-ES,DEL02-ES,UOP01-DEL02-ES,2025-11-02 23:58:00,2025.0,11.0,23.0,noite,True,1,grave,BR-101